,cleaned_job_role,cleaned_job_description,cleaned_skills,skills_extracted
0,SEO Lead,"What will you be doing: Create and manage an SEO roadmap to gain a share of voice on Google Search for high-intent and high-volume searches, as well as to drive relevant traffic to the platform. Conducting periodic technical audits of the Company's website/pages, making short- and long-term technical SEO strategy recommendations in terms of (page load, mobile friendly UI/UX), page speed, CWV (core web vitals), and so on. To achieve the overall SEO KPIs, collaborate closely with the cross-functional team - Product team, Category growth teams, Design team, etc. Monitoring the most recent SEO trends, best practices, and techniques to ensure that our SEO results are the best in the industry. Maintain and develop innovative content strategies to attract and delight target audiences while distinguishing us from the competition. This includes developing mobile-first content concepts that users can read, view, watch, interact with, and share. Collaboration with the product team to identify and implement efficient web pages on a large scale for our SEO execution. Exhibit strong technical expertise in all aspects of inbound marketing (Organic), as well as good inter-team stakeholder management and reporting. Take control of the Blog, Web, and Discussion platforms in order to execute and index them in search engines (google). Manage and improve the existing areas of organic campaigns (blog workflows, funnels, web, etc.). Take charge of off-page activities to boost DA and PA for domain and course pages, notification pages, and so on.Qualifications and Requirements: Minimum 4 years of relevant SEO experience is mandatory, ideally in an Ed-Tech StartUp or a B2C company. Must be well-versed with Google Algorithm updates and Google Analytics. Tool knowledge like Ahrefs, Semrush, ScreamingFrog or similar tools. Familiarity with Wordpress, HTML, CSS, JavaScript. Critical thinker and problem-solving skills. In-depth knowledge of research principles, methods and experience in analyzing data. Complete ownership and pride in your performance and its impact on the company's success.",,"['Google Search', 'Company', 'UI/UX', 'CWV', 'SEO', 'Ed-Tech StartUp', 'Google Algorithm', 'Google Analytics', 'Ahrefs', 'Semrush', 'ScreamingFrog', 'Wordpress', 'HTML', 'CSS', 'JavaScript']"
1,Manufacturing Engineer,"The Manufacturing Engineer, specializing in manufacturing process planning for machining, casting, and forging, plays a pivotal role in creating detailed manufacturing plans to meet customer demands. This role involves a deep understanding of these manufacturing processes to develop efficient and effective plans. The Manufacturing Engineer collaborates with cross-functional teams like quality, costing and vendor development teams to ensure seamless execution and optimization of production processes, contributing to the fulfillment of customer requirements and maintaining high proficiency in machining, casting, and forging domains. Responsibilities: Analyze component specifications and customer demands to devise meticulous manufacturing process plans encompassing machining, casting, and forging methods. Develop comprehensive manufacturing plans that outline step-by-step processes, material usage, workflow, and quality control measures. Ensure alignment of manufacturing plans with customer specifications, demands, and quality expectations. Monitor production processes, gather data, and implement improvements to maintain high efficiency and quality standards. Troubleshoot production issues and collaborate with cross-functional teams to implement corrective measures. Train production teams in adhering to the devised manufacturing process plans and safety protocols. Stay updated on industry trends and advancements in machining, casting, and forging technologies to propose innovative solutions. Drive continuous improvement initiatives to enhance manufacturing processes, reduce costs.",Ability to read 2D and 3D drawings|Apriori|Costimator or similar cost analysis tools|Handling production activities in manufacturing facilities|Limit|fit and tolerance|GD&T,"['Manufacturing Engineer', 'Develop']"
2,Manager - SCM and Ops (Fabrication),"We are seeking a dynamic and experienced professional to join our team as the SCM & Operations Manager for our Fabrication Vertical.As the SCM & Operations Manager, you will be responsible for overseeing the end-to-end project management and execution of fabrication projects, ensuring adherence to timelines, quality standards, and maintain project budget. You will be a key strategic leader, collaborating with various stakeholders to drive business growth and operational excellence. People management, fostering a positive work culture, and optimizing systems and processes will be crucial aspects of your role. As a key stakeholder, you will work closely with top MNCs, EPCs, SME and MSME manufacturing facilities, and internal teams across sales, finance, and operations.",Experience dealing with top EPCs|Knowledge of structural fabrication|welding|painting|Cutting|project management software|digital tracking tools,"['the SCM & Operations', 'Fabrication Vertical', 'the SCM & Operations Manager', 'SME', 'MSME']"
3,Senior Manager - Sales,Responsibilities:Develop and implement sales strategies to achieve sales targetsBuild and maintain relationships with key clients and partnersLead and manage sales teams in the regionCollaborate with cross-functional teams to ensure seamless delivery of services to clientsIdentify new market opportunities and develop strategies to capture themProvide feedback on market trends and client needs to the product development teamEnsure compliance with company policies and proceduresManage the sales pipeline and provide regular reports to senior management,Proven track record in sales|specifically in the payouts platform industry|Experience working with Cashfree|RazorpayX and PayU only (payouts)|Experience with Outbound Sales,[]
4,Senior UI Engineer,"We are an early stage product company that aims to help customers Drive Growth through data. We are building a platform to monitor metrics and automate generation of actionable insights for growth enterprises empowering them to take proactive decisions. We have secured funding from SF based investors, SV Quad, and Inventus. Our founding team is from Google, eBay & Paypal and alumni from Stanford, Berkeley and Booth. Our HQ is in the San Francisco Bay Area with a satellite office in Pune, India.THE ROLEJoin our early stage start-up, as our Senior UI Engineer to drive the customer experience of a new category-creating and ground-breaking product in the Data Analytics space. The ideal candidate is a passionate, yet pragmaticthinker and maker that can think broadly across platforms and domains, but then dive deep into the details. You should be passionate about working strategically with executives and other senior leaders to create and deliver big, visionary and customer-focused experiencesRESPONSIBILITIESDevelopment of responsive Front-End applications, including Web and Mobile (App & Web) interfaces with the right set of guidelines (code, review, test, deploy, operate)Responsible for implementation of user interfaces, by working closely with the UX/Product Designer team, including ability to incorporate user feedback to iterate on the overall user experience.Responsible for selecting the right tools & frameworks to improve the platformIntegration with UI automation frameworks to ensure high-quality deliverablesREQUIREMENTSA passionate technologist with a brilliant growth hacker mindsetExperienced with creating modern user interface for responsive (Web/Mobile App) SaaS applications with a dynamic front end, REST APIs for use by multiple simultaneous client accounts (multi-tenant) capableWork in global teams, across time zones and be ready to support customer deployments of software you createEnjoy writing good quality code, with best practices for design documentationBe familiar with AWS and potentially also GCP and AzureOur values help us make decisions that determine how we achieve our goals. Our ideal candidate is someone who is very hands-on and passionate about solving problems and displays a strong sense of curiosity and ownership towards their work.As a member of the v1.0 launch team, you will shape this entire product from scratch backed by a strong product <> aesthetic. This is as early ideation and creation phase of a start-up as it gets as autonomous as it gets as FUN as it gets if you thrive on the energy of creating something out of nothing.",Proficiency in React.js and a deep understanding of its core concepts|such as components|props|state|and hooks Strong JavaSc,"['SV Quad', 'Inventus', 'Google', 'eBay & Paypal', 'Stanford', 'Data Analytics', 'Front-End', 'Web and Mobile (App & Web', 'UI', 'Web/Mobile App', 'AWS', 'GCP', 'AzureOur', 'FUN']"
5,Fullstack Engineer,"We are building the AirBnB of long term home rentals in India. A 100% digital technology enabled brokerage focused just on home rentals. Nothing like this exists in India today and global comps are Quinto Andar (last valued at $5.5 bn) and Lianjia (IPO in NYSE at $87 bn).We are seeking someone who is not only passionate about startups, real estate, technology, but also thrives in a fast-paced startup environment and is excited to contribute to something truly groundbreaking and participate in the creation of something from zero to one.Roles and Responsibilities: Work closely with the founding team to develop the product roadmap and translate it into technical requirements. Write high-quality, efficient, and scalable code across the stack, including the frontend built in ReactJS, NodeJS on server side and DBs across NoSQL & SQL. Develop and maintain AWS infrastructure, including deploying and maintaining the web app with log monitoring. Work with 3rd party services (ex, Twilio for messaging/Razorpay for payments) Build scalable, fault-tolerant systems that can handle high traffic and rapid growth. Collaborate with other engineers and stakeholders to ensure a seamless user experience. Stay up-to-date with the latest trends and technologies in software development, and recommend improvements to our tech stack. Take ownership of the product, lead by example and demonstrate an ownership mindset.Requirements:Bachelor's degree in Computer Science, Computer Engineering or a related field.Strong skills in ReactJS, NodeJS, Express, Auth protocols, AWS, Test Driven development.Experience working with multiple DB types.A track record of building scalable, fault-tolerant systems.Experience in HLD/LLD ideation.Excellent problem-solving and debugging skills.Strong communication and collaboration skills.An ownership mindset and a willingness to take on challenges and drive the success of the product.",Location (will be an in-office/hybrid role in Mumbai)|Communication + Collaboration skills|Independent + takes ownership (self-starter) - very important for the stage we're at!|Learns & upskills constantly,"['IPO', 'NYSE', 'NoSQL & SQL', 'Bachelor', 'Computer Science', 'Computer Engineering', 'NodeJS', 'Express', 'Auth', 'AWS', 'Test Driven', 'HLD/LLD ideation']"
6,Inside Sales Specialist,"Qualification : BtechJob Responsibilities: Reach out to prospective contacts by making phone calls to pitch Custiv solutions suitable for their business development.2. Pursue contacts through timely follow-up to convert them into qualified leads.3. Demonstrate a passion for cold calling and pitching, with the ability to generate interest and engage potential customers.4. Use effective communication and persuasive skills to convince prospects over the phone.5. Understand the specific experience, needs and requirements of each contact and tailor the pitch accordingly to showcase how Custiv solutions can benefit them.6. Ability to call global contacts, managing different time zones effectively.7. Transfer qualified leads to the sales team for further pursuit and conversion.8. Demonstrate a solid understanding of manufacturing solutions and how they apply to various industries and clients.9. Previous experience in cold calling for B2B technical solutions is preferred.10. Engineering graduates are preferred due to their technical background and ability to understand and communicate manufacturing solutions effectively.11. Manage CRM software for contact and lead management and generate reports accordingly.",Communication Skill|inside sales|CRM,"['Custiv', 'B2B technical']"
7,Senior Sales Executive,"Operational:Monitor sales process by devising customer mix, positioning, pricing, and payment schedules based on delivery schedulesHandling Sales through channel partners and assisting them with product knowledge to boost sales of the company.Participating in Property expos to promote Projects.Involving in corporate presentation and promotional activities.Following up for collections and receivables.Meeting the sales target fixed by the management.Develop marketing & sales strategies to build consumer preference.Manage pre-sales and post- sales activities to ensure accomplishment of sales targets and drive volumes.Undertake Above-the-Line (ATL) and Below-the-Line (BTL) promotional activities and maintain healthy business relations with B2B business associates.Work on worksite campaigns, lead generation and sales closures, delivering after sales assistanceTrack competition & real estate market movement evolving marketing & sales strategies in line with current market scenarios driving new initiatives for the regionConduct surveys to collect customer feedback and market intelligence related to projectEstablish a robust framework to ensure effective validation of customer documentation for saleRespond to customer queries for our projects in a timely manner. Serve as the highest point of issue resolutionWork with Corporate marketing and branding team for project and provide inputs from customer perspective.Ensure post sale deed documentation with LegalTimely handover of all customer related information to the Facility Management team post possessionReport achievement against sales target and initiate activities to increase salesWHAT YOU NEED TO BRING TO THE TABLE?2-4 years of experience in a similar kind of role in luxury sales is preferred.Experience in a field role, and enthusiasm to learn.Having experience in luxury real estate industry is a plus, but not mandatory.Proficient in English and Hindi. Kannada is a good to have.Good communication skills, both verbal and written.Good organisational skillsAbility to work at a quick paceAbility to coordinate well with multiple stakeholdersA desire to maintain data in order at all times.Strong observation skillsPositive target driven orientationWilling to travel within Bangalore on a regular basis",,"['Projects', 'the Facility Management']"
8,Test role v2,qwdwf,,[]
9,Healthcare Manager,"About Us:Supertails.com is a first-of-its-kind platform that supports the ever-increasing pet parent community by providing trustworthy veterinary care, pet behavior expertise, and a one-stop solution for pet food and supplies.Were changing pet healthcare.We believe dogs and cats are more than just pets they are part of the family. With rising pet adoption, accessibility of veterinary services has become a constraint in many parts of India. With 30,000+ consultations, 4.96 NPS, and 12,000+ pharmacy deliveries, Supertails is on a mission to improve the quality of life for pets by creating tools & services to transform the world of vet care and how we access it.About the RoleSupertails is looking for a Healthcare Manager to take ownership of our Pet Healthcare vertical which includes Online Consultations and Pharmacy. As a critical member of our team, you will be responsible for operationalizing new & existing projects to improve customer acquisition, engagement, retention, and monetization.What will you do Manage all aspects of healthcare which include capacity planning, forecasting, customer experience, managing multiple channels (chat, call, video call), and quality assurance Drive exciting projects and experiments to retain healthcare customers and increase the number of touchpoints with our vets Continuously optimise the user journey for consultations through innovation, quality control & data Identify knowledge gaps in pet parenting and work with the veterinary team to create modules to fill these gaps and track them Analyze data & user behavior to understand pet parent needs and identify opportunities to improve create new touchpoints and increase engagement Work with cross-functional teams including growth, tech, content marketing, design, and data to identify and execute growth & retention initiativesWhat you will need 2+ years experience working at a hyper-growth consumer services startup Strong data mindset and ability to develop, track, and utilize growth metrics to inform growth decisions Strong analytical, excellent communication skills and ability to work cross-functionally Expert in Excel functions and data interpretation Customer obsession is a necessary skill to have Good understanding of how to engage with customers Distinctive stakeholder management, influencing skills to build and manage a complex ecosystem of internal and external partnersWhat we offer: Competitive salaries A well-planned insurance cover for you and your family A team with smart, empathetic, and ambitious people who genuinely want to make adifference in the pet care space A culture of ownership and mutual care so you do not just learn, but also thriveLocation: Indiranagar, Bangalore",MS-Excel|Team Management|Pet Parent|Team Handling|Customer Experience,"['Supertails.com', 'NPS', 'RoleSupertails', 'Healthcare', 'Pet Healthcare', 'Online Consultations', 'control &', 'Distinctive']"
10,Inside Sales Executive,"Gytree.com is looking forentrepreneurial individuals to join our Sales team, who are passionate about working for womens health and well-being. This role involves interacting with women, communicating the vision and mission of the organisation, and explaining how we can help them. You play a role in acquiring and retaining new customers. English speaking skills and excellent communication are a MUST. The candidate must have a strong sense of how many leads they can process per month, what conversion ratios they maintain and how they work on improving those conversion ratios, with guidance from team lead.Requirements:2-3 years of experience in Inside salesPrior healthcare experience preferredExcellent communication skillsExcellent with follow-upMust be a good listener, and lend an empathetic earPassionate about helping womenAbout the role:1. We are looking for an entrepreneurial Inside Sales TeamExecutiveto join Gytree, a rapidly growing women's health tech start-up.2. You will be responsible to work with the Inside Sales team to increase conversion rates and support the team in day-to-day activities.3. Directly calling customers/leads to conversion and understanding reasons for not converting.4. Follow up with leads over WhatsApp and phone and keep leads warm with strategic reconnection.5. Interacting with customers via Whatsapp through the CRM platform5. Identifying different systems/process changes Gytree can make to increase the likelihood of conversionCompensation: Competitive. Incentive structures included.Rs 35000-55000 + incentives, based on experience.Gytree is looking for women who are driven to achieve results, creative about crafting solutions that women need, have an understanding of healthcare and are excited about playing a key role in a young, rapidly growing company.",spoken english|Excel|CRM Management|empathy,"['Gytree.com', 'Inside', 'earPassionate', 'Gytree', 'WhatsApp', 'Gytree', 'Gytree']"
11,Developer Test,Test job please ignore this,test,[]
12,"Manager - Risk & Analytics, Underwriting","Onsurity is a rapidly growing employee healthcarebenefits platform that provides flexible and customised healthcare subscriptions for SMEs,start-ups, and enterprises. We believe that access to healthcare benefitsshouldnt be a luxury. It is this philosophy that has strengthened ourcommitmenttowardsmakinghealthcareaffordable and accessiblefor all. Our subscriptions include discounts on medicine orders, health checkups, fitness plans, free doctor teleconsultations, and insurance, among other benefits.We believe in inclusivity which meansour plansare notlimited to full-time employees. Wealsocovercontractual workers, interns, freelancers, and consultants. We encourage you toread more about usonwww.onsurity.com. You can also find us onLinkedIn,Instagram, and YouTube.What you will doBe responsible for corporate medical underwritingEvaluate medical, financial, and non-medical information to determine the risk classification according to company guidelinesReviews evidence on proposal sheet and past medical claim records to appropriately recommend & taken decisions on issuance (standard or altered terms) or declinationas per authority matrixWork with various internal teams as a SPOC of Underwriting in the process of designing workflow for group customers & would be responsible for documenting underwriting requirements.Conduct market research/ market requirement study on Underwriting practices and availability of products and benefits.Who we are looking for.2-3 years of Medical Underwriting experience in Health InsuranceSound medical & insurance knowledgeFocus on quality, accuracy, and productivityInsurance related qualifications will be an added advantageWhats in it for you.Tremendously impactful role that provides an opportunity to grow and be part ofOnsurity s leadership team for health businessOwnership and satisfaction of building strategy and executing while solving problems of scale, consumer satisfaction and product flexibilityConvenient work location in Bellandur layout, Bangalore with a smart, inclusive team of experienced colleagues, working alongside a young, dynamic product and technology team",Group health Insurance,"['Wealsocovercontractual', 'Instagram', 'YouTube', 'group customers &', 'Medical Underwriting', 'Health InsuranceSound medical & insurance knowledgeFocus']"
13,Warehouse Manager,"Responsibilities: Strategically plan and manage warehouse operations with efficiency, customersatisfaction being the primary goal, by supervising, organizing, directing, and trainingwarehouse employees Keep track of quality, quantity, stock levels, delivery times, transport costs and efficiency Arrange warehouse, catalog goods, plan routes and process shipments Resolve any arising problems or complaints with best TAT Meet cost, productivity, accuracy and timeliness targets Maintain metrics and analyze data to assess performance and implement improvementsQualifications: Bachelor's/Masters degree with 5+ years of experience in warehouse managementpreferably from ecommerce/d2c industry Attention to details & hands on approach to solving problems Strong analytical and interpersonal skills Self motivated, with a strong bias for execution Ability to work and effectively communicate across functions Excellent business judgment, analytical, and decision-making skills",,[]
14,Frontend Developer,"Responsibilities :Developing new user-facing features using ReactResponsible for development of new reusable components, web-based user interface, and front-end librariesWork closely with product and API teams to synchronize feature roll outWork with product team and graphic designers, translating designs and wireframes to high quality codeDemo development efforts to Product teamEnsure the code builds and deploys properly through Continuous Integration/Continuous Deployment processesWork to maintain tight system integration, catch/fix early bugs, and help steer how our back-end integrates with various web and mobile products for both internal and customer-facing useConduct peer reviews, unit testing, and code reviewsHelp develop & maintain design patterns for clean & usable codebasesFollow Agile & Scrum methodology for software developmentRequirements :Knowledge about React (component lifecycle methods, hooks, state management), Next.js, Async Programming, Units Tests, SASS and REST APIKnowledge about integration via APIsCSS pre-compilers SASS, LESS etc.Build Automation (npm, yarn)Versioning Control (Git)Responsive design and good UI and UX practicesWide domain of pure JavaScript (ES6) and SPA framework (React, Vue)REST APIs (3rd party integrations)Solid experience with React, Hooks, Redux.Preferred Technical and Professional ExpertiseResilience under pressure and against deadlines.Awareness of current trends in design and technology.Bonus, if you have:General knowledge of user usability.Use good UI and UX practices.Basic knowledge of frontend architecture.Basic knowledge in testing (end-to-end, unit) using Jest, Enzyme etc.Operational knowledge (optional): Python, Django, Databases (MongoDB, PostgreSQL etc.)Bonus if you have:Ability to develop software in the system for analysis, statistics and machine learningExperience with cloud vendors such as Microsoft Azure, Amazon AWS or GooglePrevious experience and knowledge of MicroservicesPrevious experience of CI/CD using Jenkins, Docker etc.Strong knowledge of application security and securing the complete solutionExperience in NLP and entity extraction from textExperience using scalable data ingestion and transformation systems in batch and near real-time environmentsExperience with SQL, relational modelling, and big data tools such as Hadoop, Hive, Scope or Spark (experience with Spark is a plus)Experience with ETL, data modelling, and working with Business Intelligence systems",,"['ReactResponsible', 'API', 'Continuous Integration/Continuous Deployment', 'clean &', 'Agile & Scrum', 'Async Programming', 'REST APIKnowledge', 'yarn)Versioning Control', 'UI', 'JavaScript', 'SPA', 'Preferred Technical', 'UI', 'Enzyme', 'Microsoft Azure', 'Amazon AWS', 'GooglePrevious', 'MicroservicesPrevious', 'CI', 'NLP', 'SQL', 'Hadoop', 'Spark', 'ETL', 'Business Intelligence']"
15,Sr Linux Systems Administrator,"Responsibilities:Support customers via inbound call or ticket to resolve routine or novel problems with products or services.Utilize available resources to ensure first contact resolution with accuracy and efficiency.Properly document the customer interaction and confirm the customer understanding, providing additional education as needed.Perform system maintenance, monitoring, security hardening and performance reviews.Communicate effectively with individuals and teams within the company to ensure a high quality and timely resolution of customer issues.Conceptualize and experiment with alternative approaches to support business requirementsConducting reviews of customer infrastructure (servers, web servers, database servers, caching servers, load balancers, etc.)Translating business requirements into infrastructure designDeliver and contributing to system administration documentationPerforming project-based tasks that must be completed on scheduleProvide leadership to others in area of expertiseRequired Skills & Knowledge:Working knowledge of core Internet protocols and services (e.g., IP, TCP, UDP, NTP, DNS, HTTP, SMTP, SSH, syslog) requiredStrong knowledge of LAMP Architectures (PerlPHPPython)Experience and expertise in Linux & subsystems (memory, storage, network) and its fundamentals. CentOS or RedHat Server distributions preferred.In-depth knowledge system instrumentation tools (vmstat; top; atop; strace; tcpdump; Wireshark)In-depth knowledge of hosting automation panels: CPanelIn-depth knowledge of backup utilities: R1soft, VeeamUnderstanding of best practices for server level management and security.Good knowledge of system monitoring tools (New Relic; Zabbix)MySQL AdministrationApache AdministrationKnowledge of BackupRecoveryUpgrade proceduresConfiguration tuningSolid understanding of architectural differences.Possess strong time management skills while prioritizing available work in relation to work needsStrong written & verbal communication skills.Exhibit creative problem-solving skills.Previous experience working with geographically distributed coworkers.Mindset to increase effectiveness through efficiencies and proficiencyAttention to detailExperience:4+ years of supporting Linux Servers within a critical production environment (May betested on appropriate skills as required)Strong knowledge of vulnerability and performance of web application3+ years experience supporting e-commerce platforms (Magento, X-Cart, Pinnacle Cart,and CS-Cart)Experience supporting hardware including but not limited to routers, switchers physicalservers.Experience managing virtual environments (VMware, XEN and OnApp)Experience in scripting (bash, Perl, Python, etc)Experience with replication, clustering, tuning, sizing operating systems running the LAMP stackExperience with automated OS deployment tools and building.Experience with load balancing technologiesExperience with server management control panel technologies.Experience with Configuration Management Tools (Puppet, Chef, Ansible, etc)Acceptable CertificationsRHCSARHCELPIC-3VMCE",,"['Communicate', 'Skills & Knowledge', 'IP', 'TCP', 'UDP', 'NTP', 'DNS', 'HTTP', 'SMTP', 'SSH', 'LAMP Architectures (PerlPHPPython)Experience', 'Linux & subsystems', 'RedHat Server', 'strace', 'needsStrong written & verbal communication', 'Magento', 'Pinnacle Cart', 'VMware', 'XEN', 'Configuration Management Tools']"
16,Product Marketer,"What we expect from youA marketer with 2-5 years of experienceWhen someone asks you why you are in marketing, your answer makes them say Wow, that is a great answer! This person really belongs in marketing!You Are looking to join a company with product market fit and the raw materials for growth (passionate users, great product, large market) but still early enough that you can have an oversized impactYou have experience that is relevant to our domain - Enterprise SaaS, preferably in data and analyticsYouve run high impact programs and campaigns with demonstrable ROIYoure versatile and resourceful enough to figure out how to execute a strategy that employs sub-disciplines in which you have just enough experienceYoure an excellent communicator, are curious, willing to experiment and are analytical in measuring their impactWhat problems will you solveYoull be working closely with product and sales on -Positioning and messaging (define and amplify our who, what, why, how)Content marketing (content frameworks, blogging, video, website, etc.)Customer advocacy program (case studies, testimonials, campaigns, reviews) Integrated communications planning (Email, in-app marketing, etc.) Paid advertisingWell be looking to you for the specific recipe.",,[]
17,Senior Eyewear Designer,"We are looking forA senior eyewear designer whospecializes in creating and designing various types of eyewear, including glasses, sunglasses, and optical accessories. You will beresponsible for developing innovative and aesthetically pleasing designs that not only meet the functional requirements of eyewear but also align with current fashion trends and consumer preferences.You will be responsible toConceptualize eyewear collections based on trends, problem-solving innovations, archetypes, subcultures and fashion-led aesthetics for all Lenskart product brands.Translate concepts into thematic boards, sketches, illustrations and technical drawing with a team of exceptionally talented eyewear designers.Propose collections with in depth consumer research keeping people at the center of the design thinking process.Participate in product and market research to understand the consumer needs and expectations.Incorporate design feedback from internal teams to ensure the range reflects the goal of the team.Coordinate with the category, manufacturing & merchandising team for range plan, proto-sample and final product development.Assist in creating collection design briefs for brand & consumer experience teams.Maintain a design library for all concepts, sketches & technical drawings as per collection/season/categories for all product brands.Maintain all physical samples/chips/hardware for core & trend-setting styles.",B.des or M.des in Fashion / Product / Accessory design from NIFT|NID & other premier design institutes|6 - 8 years of experience in fashion & lifestyle product design / industrial design / CMF design|Software skills: Rhino|Solidworks|Keyshot Pro|Adobe Illustrator & Photoshop.,[]
18,PHP Tech Lead,"The RoleWork as part of an agile team to deliver & improve features for a popular hosting services platform;Report to the Project Manager on the feasibility of upcoming changes & providing accurate timelines of work;Take part in Sprint meeting and identify the challenges;Work closely with service providers to adapt the changes of the component services;Follow Nuventure work culture;Work closely with Other developers in feature rich, iterative product manner;Work closely with our UX team, to build up to standard HTMLCSSJS components;Ensure feature comparability across multiple browsers & platforms;Write clean, unit tested, modular & well-documented code;Identify & address performance issues.Skills & RequirementsAt least 3 years of experience working in the Software industryAdvanced PHP skills and 2+ years of experience working with LAMP stackExperience with PHP frameworks - Laravel and/or Cake PHPComfortable using Linux CLIThorough understanding of API design principlesExperience working with MySQL, RedisBonus PointsExperience working with WHMCS / PluginsPython experienceFamiliar with Docker, containerisation, virtualisation;If you love Linux and have Devops skillsIf you own a blog or domain name;Experience with testing and developing across multiple browsers;Your mindsetYou are keen follower of new technologies and love to do experiments with them;You are very talented to prioritise tasks and quickly adjust in a rapidly changing environment;Your analytic mind can juggle different concepts without losing eye of detail;You have excellent communication & interpersonal skills;You have high passion on what you do.",,"['Sprint', 'HTMLCSSJS', 'Skills & RequirementsAt least', 'Software', 'PHP', 'PHP frameworks - Laravel', 'API']"
19,Store Manager,"About the RoleA Store Manager at Lenskart acts as an important link between strategy and execution. He/she drives the store towardsachieving all assigned metrics of Store Sales, Conversions, Customer satisfaction etc. and is responsible for keeping a high levelof morale among the store staff, developing them, controlling attrition, and ensuring smooth operations at the store.Responsibilities:1.Customer Focus : Driving Net Promoter ScoreGreeting customers when they enter store and coaching the team to do the sameDisplaying commitment towards providing exceptional Customer Service and ensuring thatLenskart associates also treat Customer Satisfaction as a priorityDealing with customer service issues such as queries and complaints at store level and ensuringthis is consistent with the teamStriving to have long lasting and fruitful relationships with each of our customers2.Driving sales vs. plan :Driving the sales of the store to meet the allotted targets by allocating the targets to the staffDeveloping a culture of high sales performance expectations, i.e. Sales LeadershipMotivating and inspiring the field team to drive for resultsAssessing field capability and establish performance priorities at group level3.People development (Attrition Control):Assisting in recruiting and selecting high potential staffProviding effective on-the-job training and guidance to team members making use of company training modulesDelivering clear, motivating and constructive feedback in a timely manner to all retail associatesEvaluating the training needs of store associates and working closely with L&D department to execute the developmental planUnderstanding the reasons for attrition and taking measures to control it4.Cash & Inventory management :Monitoring cash reconciliation to ensure there is no mismatch of store fundsEnsuring availability of required merchandise and servicesConducting stocktakes regularlyEnsuring the staff at store level has basic understanding of POS System to ensure transactions are properly and effectively processedPerforming the necessary quality checks for the new productsWorking very closely with other departments till the product reaches the customer and ensuring the best customer experience to the Lenskart Customers.5.Supervision : Ensuring that all store employees, including the Optometrist, are taken care of and their issues are resolvedEnsuring that the eye check-ups are conducted as per the SOP and maintain high qualitystandards6.SOP adherence & implementation:Ensuring that all SOPs for retail are implemented successfully and adhered to by store employeesUpdating colleagues on business performance, new initiatives and other important issuesScheduling the teams shift timings to meet the stores business needs and demandsEnsuring staffing levels are adequate to effectively operate the store7. Store upkeep & maintenance:Maintaining the store as per Lenskart standards, regularly cleaning the frames and other equipment at the storeEnsuring the security of all Lenskart equipment and that there is no shortage of stock units or damage in the store",Minimum qualification: Graduate|Proactive task ownership|result-orientation|and customer-orientation|Ability to build rapport and trusting relationships|Ability to multitask and organize activities based on priority,"['Lenskart', 'Focus :', 'Customer Service', 'Customer Satisfaction', 'L&D', 'it4.Cash & Inventory', 'POS System', 'SOP', 'store7']"
20,EA to the Founder,"Position Overview:We are seeking a detail-oriented, highly organized, and proactive Executive Assistant to provide exceptional administrative support to our company's founder. The ideal candidate will be a dedicated professional who can manage multiple tasks seamlessly, with a keen sense of discretion and confidentiality.Key Responsibilities:1.Calendar Management:Organize, prioritize, and coordinate the Founder's schedule, ensuring efficient time management.Schedule and confirm appointments, meetings, and travel arrangements.2. Communications:Screen and direct phone calls, inquiries, and requests to the appropriate parties.Draft, proofread, and manage emails, reports, and other documents on the Founder's behalf.3.Meeting Coordination:Prepare materials and logistics for meetings, including taking minutes, setting up video conferencing, or arranging presentations.Follow up on action points from meetings as directed.4.Travel Management:Coordinate travel itineraries, accommodations, and transportation needs.Anticipate and prepare materials needed for conferences, appointments, and meetings.5.Administrative Support:Manage expense reports, ensuring timely submission and accurate record-keeping.Liaise with internal departments and external stakeholders on the Founder's behalf.Handle confidential documents and sensitive information with utmost discretion.Qualifications:Bachelor's degreeA minimum of 1 year of experience in an executive support role.Strong knowledge of office procedures and Microsoft Office Suite.Exceptional organizational skills and multitasking abilities.Strong verbal and written communication skills.Ability to work under pressure and handle confidential matters with discretion.Proactive approach to problem-solving with strong decision-making skills.Benefits:Competitive salaryHealth and wellness benefitsProfessional development opportunities",strong interpersonal skills|good analytical skills|strong soft skills|people managment,"['Key Responsibilities:1.Calendar Management:Organize', 'Founder', 'Draft', 'directed.4.Travel Management', 'Founder', 'Bachelor', 'Microsoft Office Suite']"
21,Senior Business Development Manager,"As a Senior Business Development Manager, you will play a pivotal role in identifying new business opportunities, cultivating client relationships, and driving revenue growth. In addition to traditional business development responsibilities, this role may involve overseeing and managing various projects, as well as ensuring documentation and compliance. You will have the opportunity to shape our business strategy and play a key role in our company's success.Key Responsibilities:Business Development:Identify and pursue new business opportunities, markets, and partnerships.Build and maintain strong client relationships through effective communication and rapport-building.Develop and implement strategic sales plans to achieve revenue targets.Project Management:Lead and oversee cross-functional projects related to business development, market expansion, or process improvement.Define project scopes, objectives, and timelines, and ensure successful project execution.Collaborate with project teams to drive project success and manage resources effectively.Documentation and Compliance:Ensure that all business development activities and projects adhere to company policies and compliance standards.Maintain accurate and organized records, including contracts, proposals, and project documentation.Prepare reports and presentations to communicate project progress and outcomes.Market Research:Stay updated on industry trends, market conditions, and competitor activities.Conduct market research to identify emerging opportunities and potential threats.Team Leadership:Provide guidance and mentorship to junior team members.Foster a culture of collaboration and excellence within the business development team.",5-6 years experience in a Sales role.|Strong project management skills and experience overseeing complex projects.|Proficiency in using CRM software (e.g.|Salesforce) and project management tools (e.g.|Trello),"['Key Responsibilities:Business Development', 'Project Management']"
22,Senior Product Strategist,"Job Title:Senior Product Strategist - New Market New Product Entry and Competitive Strategy, withFocus on Manufacturing and GlobalizationDepartment: ProductSummary:We are looking for a Senior Product Strategist to join our team and help us enter newmarkets with new products that win against the competition. You will be responsible fordeveloping and executing product strategies that align with our overall business goals, whilealso taking into account the unique needs of each new market, competitive landscape, andmanufacturing and globalisation considerations.Responsibilities: Conduct market research to identify new market opportunities and assess thecompetitive landscape, considering manufacturing and globalisation considerations Develop product strategies that leverage our strengths and differentiate us from thecompetition, while also considering manufacturing and globalisation considerations Work with cross-functional teams to bring new products to market on time and withinbudget, considering manufacturing and globalisation considerations Monitor product performance and make adjustments to the product strategy asneeded, considering manufacturing and globalisation considerationsQualifications: 7+ years of experience in product strategy, with a focus on new market new productentry, competitive strategy, manufacturing, and globalisation Strong analytical and problem-solving skills Excellent communication and collaboration skills Ability to think strategically and creatively Deep understanding of the product development process Understanding of manufacturing and globalisation processes and considerationsPreferred Qualifications:Experience in the Manufacturing Industry And/Or Strategy Consulting.Experience with Manufacturing products & processesMBA degree (optional)",problem-solving|strategy consulting|product strategy|competitive strategy|financial analysis,"['Develop', 'the Manufacturing Industry', 'Strategy Consulting']"
23,Senior Manager Strategic Alliances and Product,"Key Responsibilities: Responsible for developing a strategy for partner acquisition, identifyingnew partnership opportunities, developing a business case for thesepartnerships, and create a Go-to market plan highlighting clear opportunity,product features, and business value for all stakeholders Own the alliance marketing P&L thereby ensuring revenue growth throughnew and existing partnerships. Do extensive structured product partnerships with consumer brands, Telcos,OTAs, E-com players, insurance companies, amongst others. This mayinclude API integrations, new product development with alliance partners inorder to grow revenue growth for the company Prospect relentlessly to build the pipeline and build strong personalrelationships with prospective alliances Build and nurture small hunting and farming teams to achieve revenue KPIs Work with stakeholders across marketing, product management,engineering, finance, legal, and data science to launch products andpartnerships. Reporting and Monitoring performance Has keen attention to details, good at numbers, and creating relevant reportsfor the consumption of CXOs Managing branding and communication for the proposed productpartnerships.- Work closely with the brand director to ensure smoothexecution of partner marketing deliverables.",,"['P&L', 'Telcos', 'API', 'Prospect']"
24,Product & User Research Lead - Eyewear,"Who are we looking for:We are looking for an ambitious Product and User research leader who will play a pivotal role in discovering expressed and latent user needs that eyewear does not address today. In this leadership role, you should be committed to providing clear and meaningful human powered insights to transform our product experiences. Product research & design teams at Lenskart are passionate about creating meaningful impact through user empathy, design thinking and innovation. What will you work on:You will set up eyewear research function, with a passionate team and efficient processes that drive product intelligence at Lenskart. You will lead product and user research initiatives to understand and translate peoples motivations and behaviors into relevant and ownable insights for the Lenskart brand and business.You will design, implement and analyze different researches to help the eyewear design & R&D teams understand different user needsYou will lead testing of new prototypes for the intended consumers and help arrive at the most optimal solution You will also contribute to the building and maintenance of research standards and capabilities in response to the evolving culture and emerging user and eyewear trends.Who will you work with:You will partner with the eyewear design, R&D, Consumer Experience and merchandising teams to develop hypotheses, lead research & analysis and synthesize findings across sources into a clear and concise story that address the brief across learning agendas. What you bring:Bachelors/Masters degree in Product design / Lifestyle design / Industrial design / Design research or equivalent combination of education and experience and training.8 - 12 years of relevant industry experience in the product design research spaceAt least 5 years of demonstrated experience in product and user research where you have directly led all aspects of a project - from planning to in-field execution to insight delivery.Ability to understand physical products is a huge added advantage.Strong interest and curiosity in the voice of the customer and generating user insights, translating insights into feature requirements, conducting rigorous evaluations, and communicating findings to stakeholders.Experience with designing and delivering user research with mixed methodsExcellence in moderating and facilitating user interactions",Product Service|Industrial Design|Product Design|User Experience (UX)|Prototyping,"['User', 'Product research & design', 'Consumer Experience']"
25,Research and Content Specialist,Roles and Responsibilities Managing the quality of the content Proofreading the content properly to ensure a proper grammatical flow Creating content for core pedagogy and sharing ideas for improvement Developing and updating pedagogy frameworks and guidelinesQualifications Bachelor of Education (B. Ed.) degree A minimum of two years of experience in teaching or as a content writer in pedagogy Excellent command of the English Language Excellent written and verbal communication skills,,"['the English', 'Language Excellent']"
26,Regional Sales Head,"Position Overview: As a Regional Sales Manager at Kolo, you will play a pivotal role in leading and guiding our sales team to achieve and exceed revenue targets. You will be responsible for developing and executing regional sales strategies, fostering strong client relationships, and ensuring the team's success in a highly competitive advertising market.Key Responsibilities:Team Leadership:Lead, mentor, and motivate a high-performing team of sales professionals within your region. Provide coaching, feedback, and training to enhance their skills and performance.Sales Strategy:Develop and implement effective sales strategies to meet and surpass revenue targets. Continuously analyze market trends and competition to identify opportunities and threats.Client Relationship Management:Build and maintain strong relationships with key clients and advertising agencies. Identify client needs and collaborate with the team to create customised advertising solutions.Revenue Growth:Drive revenue growth through effective sales techniques, cross-selling, upselling, and identifying new revenue streams within the region.Performance Tracking:Establish and monitor sales KPIs, regularly reviewing progress against targets and taking corrective actions when necessary. Provide accurate and timely sales reports to senior management.Market Intelligence:Stay informed about industry trends, emerging technologies, and competitor activities. Use this knowledge to position Kolo as an industry leader.Budget Management:Manage the regional sales budget effectively, allocating resources where needed to maximize results.Sales Collateral:Collaborate with marketing and creative teams to develop sales collateral, presentations, and materials that resonate with clients and prospects.Contract Negotiation:Lead negotiations with clients to secure advertising deals and partnerships. Ensure contracts align with company policies and profitability goals.Compliance:Ensure that all sales activities within the region comply with legal and ethical standards.",Leadership|CRM|Malayalam|Advertising/Construction/Interiors|B2B sales background,"['Kolo', 'Key Responsibilities:', 'Client Relationship Management', 'Kolo', 'Budget Management:Manage']"
27,Product Marketing Copywriter,"We are looking for a talented Product Copywriter to craft compelling product collaterals for our business. As a product copywriter, you will be responsible for creating engaging, informative, and persuasive content that showcases our products and convinces customers to make a purchase.Here Is what you will be doingWrite engaging and compelling content for Illumines product features and solutions to educate the audience with a simple narrative. Your writing should engage our audience, drive action, and contribute to our overall marketing and business goals.Research industry topics and trends, and optimize content for organic searchProduce videos, testimonials, case studies, battle cards, competitor landing pages and other collaterals as needed to explain product features / use cases.Publish announcements, newsletters etc. to amplify feature releasesIdeate and develop info-graphics to make data intuitive to understand for readersRevise and edit pieces, and collaborate with other writers and marketers to ensure brand consistency.Work with clear success metrics for content production and contribute to discussions around content optimisation.What our ideal candidate would look likeYou have 2-3 years of experience working in B2B SaaS, with specific experience of creating product marketing collaterals in the tech/product domain across the sales funnel.You have strong storytelling skills with a focus on crafting compelling, creative copy which reflects an understanding of product features and value proposition.You have direct experience of conducting user research (speaking directly with clients to capture their experience to create assets like case studies and video testimonials)You do not just create content but are also invested in knowing if it works. You Are comfortable with analytics like click-through rates, open rates, and organic reach.You have prior experience of optimising content for search engines using keywords, meta tags and other SEO techniquesYou are a team player and can collaborate with other teams like Design, Marketing, and Sales to align content with the companys brand.You can share a portfolio of published articles as part of your application.",Copy writing|product marketing|user research|Google analytics|SEO,['Illumines']
28,Business Finance,"About UsSupertails.com is a first-of-its-kind platform that supports the ever-increasing pet parent community byproviding trustworthy veterinary care, training services, and a one-stop solution for pet food and supplies.Supertails.com is differentiated by its unique proposition of being a fully digital telehealth consultationservice made available through a team of highly experienced in-house veterinarians. With doorstepdelivery service available across the country, the brand aims to bring pet parents closer to the mostextensive assortment of pet supplies from India and across the globe.Our funding coverage: https://yourstory.com/2022/11/petcare-startup-supertails-raises-10-m-in-series-a-fireside-venturesAbout the role:Designation: Business Finance AssociateReporting to: Finance LeadLocation: Indiranagar, Bengaluru (6 days in-office)Detailed job description: Identify cost optimization opportunities through analysis of business data with cross-functional teams to draw out detailed plan(s) and drive their implementation. Improve visibility of key business metrics in areas such as revenue, gross margin, discounts, shipping charges, warehousing, etc. through data dashboards. Perform various analyses such as cost-benefit analysis, scenario analysis, financial modeling, impact analysis, etc., and present recommendations to leaders on strategic decisions. Call out metrics or areas which are off-track as soon as possible so that problem-solving can be done quickly Diving deep into L3, L4, and L5 level data to find out roadblocks or inefficiencies, or answer questions from business leaders. Perform weekly business performance reviews with all relevant stakeholders. Manage key stakeholders viz finance, category, and supply chain.Skill and competencies: In-depth understanding of cost structures and P&L Strong analytical, mediation, negotiating, and problem-resolution skills. Ability to self-direct work in an unstructured, fast-paced environment, and be comfortable with ambiguity. Ability to communicate insights clearly. Strong ability to work with MS Excel and Google Sheets.Qualification and experience requirements: CA/ MBA from a reputed institution with 1-2 years of experience Past experience in Finance or a business finance role; Experience in E-Commerce, and/ or Start-up ispreferred although not mandatory.",profitability|negotiation|stakeholder management|data analysis|cost control,"['P&L Strong', 'MS Excel', 'Google Sheets', 'Finance', 'E-Commerce']"
29,UX writer,"The UX Writer will play a pivotal role in elevating user experiences for our products and services through the creation of clear, user-centric content. They will have ownership of content across our apps, websites, graphic creatives, and social media platforms.Responsibilities Collaborate with cross-functional teams, including designers, productmanagers, and developers, to develop content strategies that align with our user-centered design approach. Create and maintain user interface text, product content, and microcopy that guides users seamlessly through our digital experiences. Continuously evaluate and optimize existing content to improve usercomprehension, engagement, and task completion rates. Develop and maintain voice and tone guidelines to ensure a consistent and cohesive brand voice across all touchpoints. Participate in usability testing and user research processes to gather insights and refine content based on user feedback. Produce clear and concise documentation, including user guides, FAQs, and in-product help content. Work closely with designers and developers to ensure that content isintegrated effectively into the user interface. Ensure that all content complies with relevant accessibility, legal, andregulatory requirements.",The UX Writer will play a pivotal role in elevating user experiences for our products and services through the creation of clear|Bachelor's degree in English|Journalism|Communication|HCI|or a related field.|Exceptional writing and editing skills with an emphasis on user-centered content.|Familiarity with UX principles and methodologies.|Proficiency in speaking Malayalam,['Develop']
30,HR Executive,Looking for entry level HR Executive. Your mail Responsibilities would be as below: Creating basic HR Policies & ProcessesMaintaining Employee Registers and Tracking Monthly reportsAttendance and Salary ReconciliationWorking onTeam Building activities,Good Communication|HR Experience,['HR Executive']
31,B2B Channel Head - Business Development,"The candidate will be responsible to drive our B2B business by placing Nova Nova products in HORECA channels. The key responsibilitieswould be as follows: Driving our Bulkand Corporate Gifting business through reactive and proactivemarketing campaignsGetting our products listed in HORECA channels such as cafes, airlines and hotels.Cracking deals with large Gifting Companies for adding Nova Nova products in their portfolio.Participating in Offline Events and Brand PartnershipsAirlines and Railways - placing our products in airlines and other transportation servicesOn the whole, Business Development role in F&B industry. Candidate will beresponsible for overall P&L of the B2B business along with co-ordination with internal team for execution.",Business Development|Good Presentation Skills|D2C experience|Corporate gifting|HORECA,"['Nova Nova', 'Nova Nova', 'PartnershipsAirlines', 'Railways', 'Business Development']"
32,Senior business development Manager,"Illumine is looking for a motivated and talented Business Development Manager to join our growing team. Were looking for an energetic, tech-savvy Business development executive to join our fast-growing team. As part of the Illumine sales team, you will become a subject matter expert and advise new clients on sales best practices, technology, and processes. Prior experience in selling SAAS software is a must.Responsibilities:Able to conduct online demos with prospective customers.Manage and maintain a pipeline of interested prospects and engage sales executives for the next steps.Utilize cold calling, and email to generate new sales opportunities.Build long-term trusting relationships with prospects to qualify leads as sales opportunitiesProactively seek new business opportunities in the market.Source new sales opportunities through inbound lead follow-up and outbound cold calls and emails.Understand customer needs and requirements.Route qualified opportunities to the appropriate sales executives for further development and closure.Research accounts, identify key players, and generate interestMaintain and expand your database of prospects.Able to build lead pipelines and close deals.Schedule and organize meetings and calls with prospective customers on behalf of the Sales Team.Generate leads while representing Illumine ensuring the sales process remains in line with our five core values, and that we put customers first.Update and manage all sales activities, opportunities, and account information in CRMConsistently achieve a monthly quota of qualified opportunities.We are looking for someone who has:3-6 years experience in a Sales role and are eager to learn to become a great seller.Active on LinkedIn.Strong understanding of Sales and lead development best practicesProven ability to perform successfully given low oversight and limited process100% reliable and detail-oriented. A drive to execute flawlessly.A positive can-do attitude and tireless work ethic. Driven and self-sufficient.Must live and breathe startups with broad responsibilities, crazy busy, dynamic environment, lots of responsibility, and lots of funLives the Illumine valuesProven inside sales experienceTrack record of over-achieving sales targetsStrong phone presence and experience dialing dozens of calls per dayProficient with corporate productivity and web presentation toolsExperience working with HubSpot.com or similar CRMExcellent verbal and written communications skillsStrong negotiation and presentation skillsAbility to multi-task, prioritize, and manage time effectively",SAAS software experience|international selling experience|Should be comfortable working at US timing.,"['Illumine', 'Business Development', 'Illumine', 'SAAS', 'the Sales Team', 'Illumine']"
33,Merchandiser- Food Retails & Outlets,Should be training the promoters.Visiting the stores & outlets to check the stock.Should have handled team.,team handling|training,[]
34,Brand Manager,"What you will do: Take brand ownership and devise the brand strategy, including the setting of style guides, brand guidelines, brand vision and value proposition for short as well as the long term. Translate brand strategy into brand plan and go-to-market strategy. Plan and execute communications and media actions across offline, online and social media. Design 360 degree brand & marketing campaigns for building brand awareness and brand love. Use data, customer insights, feedback and customer-centric thinking to deeply understand the customer lifecycle and identify opportunities for growth and optimization at every stage. Ensure that marketing and communications efforts adhere to agreed timelines and manage the expectations with various stakeholders. Keeping up to date with market developments and analysing consumer insights as well as competitor strategies. Guide the Advertising & Promotion budgets. Work with different cross-functional teams as required, to effectively drive execution and performance.What were looking for: 2+years of work experience in Brand Marketing Ability to articulate ideas and key objectives Stakeholder and agency management is a must Experience presenting metrics and progress to goal with stakeholders MBA in Marketing/Brand Management preferredWhat we offer: Learning & Development: Work with veterinarians in a start-up environment with a steeplearning curve Ownership: Individually lead important charters with high-impact potential Employee-first culture: Putting employees above everything else. Be surrounded bypositivity and furry friends Perks & benefits: Salary matching market compensation.Interview Process:Connect with the Brand Marketing LeadAssignmentRound with the Co-founder that leads the departmentFinal round with the Co-founderWorking days: 6 days (Sunday holiday)",Should be open to working in Start-up|Should have completed MBA from Tier 1 institute|Prior experience with consumers/ D2C companies,"['Brand Marketing Ability', 'Stakeholder', 'MBA', 'Marketing/Brand Management', 'Learning & Development', 'Perks &', 'the Brand Marketing', 'the Co-founderWorking days']"
35,Senior Backend Engineer,"As a node.js SoftwareEngineer, you will play a crucial role in designing, developing, and maintaining our high-performance webapplication. Your expertise in JavaScript and deep knowledge of node.js will be key indeveloping our platform.Responsibilities:Develop and maintain high-performance, scalable node.js applicationsWork with a team of engineers to design and implement new featuresTroubleshoot and debug complex code issuesWork with product managers and other stakeholders to gather requirements and ensure that applications meet business needsStay up-to-date on the latest node.js technologies and best practicesQualifications:3-5 years of experience with node.js developmentStrong understanding of JavascriptExperience with relational databases and SQLExperience with unit testing and continuous integrationExcellent problem-solving and debugging skillsStrong communication and interpersonal skills",node.js|Unit testing|typescript,"['JavaScript', 'practicesQualifications:3-5 years', 'SQLExperience']"
36,Customer Service Executive,"You will be responsible to manage our Customer Support for the D2C channel. Core Responsibilities would involve: -Takingcustomercalls and replying to messages on Emails, chat and whatsapp.-Ensuring all D2C orders are going smoothly with proper messaging to customersforany delay-Creating process and exploring CRM for better response management. Coordination with internal teams to ensure smooth execution of all orders.",good communication skills,"['Customer Support', 'Core Responsibilities']"
37,Business Development Associate,"What will you do? - Develop deep understanding about the offering and market for technology learning product - Counseling prospective working professionals and recent graduated via call, email and video call to help them drive high impact on their careers by upskilling - Managing entire sales life cycle: starting from engaging with the large volume of well-qualified leads till the final conversion i.e. enrollment in the program - Planning for daily, weekly and monthly targets, updating and maintaining CRM hygiene - Bringing market & consumer insights to influence strategy, product and offering Requirements (preferred but not mandatory) 0-4 years experience in inside sales in a B2C environment (ed-tech experience preferred) Consistent track record of target achievement Good customer intuition (ability to understand user pain points and provide appropriate solutions) Excellent English communication skills both written and verbal Exposure to the world of technology or willing to learn & understand them Eagerness to learn and grow everyday with a hunger to succeed in their work If you think you have any relevant experience/skills that can substitute for the above mentioned ones, you should definitely apply as well What is on offer? Working in a truly disruptive space with the opportunity to redefine the way technology is learned by software developers Having an opportunity to apply and nurture your skills across a diverse set of problems in a high-growth startup and grow into a leader Truly rewarding compensation, incentives and high-ownership culture Opportunity to work with a team which has deep expertise in building and leading high performing teams in the ed tech industry Additional details regarding the role: 6 days working week (Sundays Off) Location:Chennai(mandatory work from office) Folks who are available to join immediately or within 15 days preferred",Business Development|Sales|Communication skills,[]
38,Senior Backend Engineer - Python,"You Will be a part of a VC backed early team building a global product from Day 1. So it is expected for you to be super driven, motivated and hungry for more. No job is too small or big, and no challenge is unachievable. You get to work with a stellar team & learn the tricks of the trade, fast.A great candidate would have -Working knowledge of Python (FastAPI)Experience with tools like Postgres, Nginx, etcExperience in video data handling and FFmpeg experience is BONUSHigh ownership of work & deadlines - this is your lifes best workCollaborative - you only grow when others around you growGrowth mindset - you do not just code but take keen interest in other aspects of the businessPrevious experience with startups earns brownie pointsOkay with ambiguity - you can take decisions yourself with sound logicIndependent - there will be nobody micromanaging your work, you are responsible for your outputHigh entropy environment - things change fast at a startup, and you are able to adapt quicklyPerks of Working with us -Flexible working hoursWork out of India's largest co-working spaceZero hierarchy & high ownership of workRegular team lunches & outingsA shiny new Macbook ProMental & physical fitness allowanceDesk setup allowanceGrowth centric culture If our relationship works out well, we are open to offering equity options 3 months into the job.",,"['VC', 'Postgres', 'Nginx', 'FFmpeg', 'Macbook ProMental &']"
39,Customer Success Manager,"Responsibility:At Onsurity, we serve customers, not transactions. We to ensure that we are known for providing superiorcustomer service. A career at Onsurity offers opportunities to build lasting relationships with ourcustomers. Come join us and realize your potential. Strive to create the best customer success experience for the customer. Interact with other support functions in the company and be the voice of the customer at Onsurity. Manage customers Escalation/ complaints/ requests over the calls and emails with Customer Success being the only objective Ability to handle sensitive and time bound issues. Providing customers with detailed information about policies and products and recommending thebest suited products based on customer needs. Grow and nurture customer relationships on every interaction that results in measurable Customervalue. Balance customer interests with the interests of Onsurity. Always highlight issues and recommend changes to internal processes/ procedures and service levels to meet customer needs and to ensure quality service.Qualification Graduates in any field from a recognized University can apply. Excellent communication skills Effective call handling skills, calling etiquette, writing logical and grammatically correct replies Logical thought process ability to correctly understand what the problem is and how to solve it Basic Internet skills If you do not understand our business, you will never understand thecustomers point of view Enthusiastic and eager to learn This is the key. You should be super excited by the opportunity to create the best customer support that ever existed! At least 1 year of previous experience working as a Customer Service Representative. Knowledge of Insurance and Insurance products/services would be preferred. Ability to work in a fast-paced metric-driven environment with proficient multitasking and navigation in a windows environment. Ability to remain calm in stressful situations.",Good Communications skills,"['Onsurity', 'Customer Success', 'Customervalue', 'Onsurity', 'Qualification Graduates', 'University', 'Logical', 'Knowledge of Insurance and Insurance']"
40,Creative Content Associate,"Looking for a creative person responsible for coming up with the concepts for FaceBook Ads.The ideal candidate should have 1-2 yrs of relevant experienceMust haves:Excellent at making pptsExceptionally skilled at CanvaContent Writing - copies, blogsGood to have:Social Media handling skills",,[]
41,Sales Account Executive,"Introducing Paperflite:Paperflite is a fast-growing SaaS company headquartered in the US with operations in Chennai, providing a next-generation content management platform for sales and marketing teams. Our platform empowers sales and marketing professionals to share, and track sales content with prospects and customers, enabling them to close deals faster and more efficiently. Our clientele includes leading companies from various industries, including technology, healthcare, and financial services. Canva, Oracle, Carlsberg, and Puma are some of the prominent names. It was rated as the Most Recommended Software in 2022 by Software Advice and among the top 50 software companies in India by G2 in 2023. We were also recognized as one of Americas best startup employers by Forbes this year.At Paperflite, we are looking for Sales Account Executives who have hands-on experience working with customer stakeholders through the entire buying process and have worked with international customers to handle mid to large enterprise deals. If you are a gifted communicator who can wield sales methodologies like a Jedi master and want to help us increase deal closure rates, then we would love to have you on board!Time to get down to business: Here is what you will be doing:Manage end-to-end interactions with prospective customers.Deliver tailored product demos to multiple stakeholders.Understand customer problem statements and follow a consultative sales process to offer solutions.Use sales acceleration tools to perform outbound and inbound sales.Research accounts to understand the customer's needs, perform effective follow-up, and generate interest.Unearth new sales opportunities through networking.Build strong relationships and effectively communicate with the sales, support, and marketing teams.What you will need to join the team(in addition to the must have skills):Experience in a quota-carrying role.Flexibility - things change around here. FAST.You are tech-savvy and have proven success in prospecting - it is like second nature to you.Ability to work independently as well as part of a team in a fast-paced environment.The Paperflite Difference:Work and learn from a talented team that is building an industry-first solution.No rigid hierarchy, with a friendly environment that fosters creativity and innovation.A fully stocked delicious pantry with snacks, drinks, and treats for you to enjoy.Opportunity to showcase your Foosball or Table-tennis skills in a friendly competition with colleagues.Sweat it out, sans cost with our fitness program that let us you choose any fitness centre of your choice.A fully covered medical insurance plan that will never make you grow sick of hospital bills.If you are a furball fanatic, then you are in luck: we have got two dogs and a cat who will shower you with love and lick you to infinite glory.We are an equal opportunity employer and value diversity at our company.",great attitude|1+ years of successful experience in SaaS Sales.|Prospect Focus: Obsessed with prospect happiness and effective sales follow-up.,"['Chennai', 'healthcare', 'Canva', 'Software Advice', 'Forbes']"
42,Software Developer,"About Supertails:Supertails is on a mission to provide the ever-increasing pet parent community with trustworthy veterinary care, online training, and a one-stop solution for quality pet food and supplies. Funded by elite investors, such as Saama Capital, Fireside Ventures and DSG Consumer Partners, we are differentiated by our unique proposition of being a fully digital telehealth consultation service made available through a team of highly experienced in-house veterinarians. With doorstep delivery services available across the country, we aim to bring pet parents closer to the largest assortment of pet supplies from India and across the globe.What you will do:Work with different stakeholders to develop algorithms that solve complex real world problemsDevelop features from scratch both for web and appWrite clean, efficient, and well-documented codeTroubleshoot, debug and upgrade existing codebaseOptimize the performance of the website and app to enhance user experienceWhat we offer:Learning & Development: Work with industry veterans in a start-up environment with a steep learning curveOwnership: Individually lead important charters with high-impact potentialNetwork access: Access to experienced founders, colleagues & world-class investorsEmployee-first culture: Putting employees above everything else. Be surrounded by positivityand furry friendsWhat are we looking for:Overall experience of 1-4yearsDevelopment experience in NodeJS, ReactJS, React NativeExperience with Google Cloud Platform is also good to haveMySQL or other DBMS experienceWe are looking for candidates that have experience working in early-stage start-upsLocation: Bangalore, Indiranagar (on-site)- 6 days working",NodeJS|React Native|MySQL,"['Saama Capital', 'Fireside Ventures', 'DSG Consumer Partners', 'appWrite', 'Learning & Development', 'NodeJS, ReactJS']"
43,backend engineer (2),"A backend engineer isresponsible for designing, building, and maintaining the server side of web applications. In other words, a backend engineer's primary responsibility is to build the structure of a software application. They set the software team's foundations of what they need to do to achieve the main goals.",node.js,[]
44,SDET 2,"**Job Title: Software Development Engineer in Test (SDET)****Job Overview:**As a Software Development Engineer in Test (SDET), you will play a crucial role in ensuring the quality and reliability of our software products. SDETs are responsible for designing, developing, and maintaining automated test frameworks and test cases that assess the functionality, performance, and security of our software applications. They work closely with software developers and quality assurance teams to identify and fix defects early in the development process, thereby contributing to the overall success of the organization.**Key Responsibilities:**1. **Test Automation Development:**- Design, develop, and maintain automated test scripts and test frameworks.- Collaborate with software developers to create and maintain code that enables automated testing.2. **Test Planning and Strategy:**- Work with QA teams to define test plans, test cases, and test data sets.- Identify and prioritize test cases based on risk and critical functionality.3. **Continuous Integration and Deployment (CI/CD):**- Integrate automated tests into the CI/CD pipeline to ensure continuous testing throughout the development lifecycle.4. **Defect Identification and Reporting:**- Identify and report defects and issues using a systematic and repeatable testing process.- Collaborate with developers to investigate and resolve issues.5. **Performance and Load Testing:**- Create and execute performance and load testing scenarios to evaluate system scalability and reliability.6. **Security Testing:**- Implement security testing methodologies to identify vulnerabilities and potential security threats.7. **Documentation:**- Document test plans, test cases, and test results.- Maintain clear and concise documentation of automated test scripts and frameworks.8. **Regression Testing:**- Ensure that changes and updates to the software do not introduce regressions by running automated regression tests.9. **Collaboration:**- Work closely with cross-functional teams, including developers, product managers, and quality assurance, to achieve high-quality software delivery.**Qualifications:**- Bachelor's degree in Computer Science, Software Engineering, or a related field.- Strong programming skills in languages like Python, Java, or C#.- Experience with test automation frameworks and tools (e.g., Selenium, Appium, JUnit, TestNG).- Knowledge of software development practices, including version control (e.g., Git), continuous integration, and continuous deployment.- Familiarity with Agile/Scrum development methodologies.- Excellent problem-solving and debugging skills.- Strong communication and teamwork skills.- Ability to adapt to a fast-paced and dynamic work environment.**Preferred Skills:**- Experience in testing webapp and mobile applications.",coding and analytical skills|ci/cd integration|testing frameworks,"['Test Automation Development:**- Design', 'Test Planning', 'CI', 'Defect Identification', 'Reporting:**- Identify', 'Testing:**- Implement', 'Documentation:**- Document', 'Regression Testing:**- Ensure', 'Bachelor', 'Computer Science', 'Software Engineering', 'field.- Strong', 'Selenium', 'JUnit', 'methodologies.- Excellent', 'skills.- Strong']"
45,Key Account Manager,"As an Account Manager - Agency for SMB Business, you will drive long-term growth sustainability at scale. Major responsibilities will include ensuring the achievement of sales targets in terms of the given revenues, volumes and market share. The incumbent should maintain profitable business for their respective zones.RolesandResponsibilities Responsible for driving revenues from SMB segment through Agency and Partnership. To Lead and ensure long term relationships with SMB and New Age Agencies. Maintaining good conversations with key stakeholders in the agency ecosystem. Communicating new product strategies to existing and new agencies, etc. Achieve sales targets in line with the target established for the area in terms of revenuesandvolumes. Work closely with the sales teams to understand the rhythm of the business and ensure timely fulfilment to end customers. Promote Daily hunt brand within the channel community by planning and executing the right marketing activities &amp; programs.",Agency-Connect-Digital-Marketing|Regional Agency Connect,"['SMB Business', 'RolesandResponsibilities Responsible', 'SMB', 'Agency', 'SMB']"
46,Staff SDET,"Requirements 8+ years of testing mobile applications across platforms - Android , iOS,Web,Web Services. Exposure to web technologies ( http/s, html, javascript, xml, json). Hands on experience in mobile testing tools selenium, appium, TestNG. Hands-on exposure to various tools like Xcode Android Studio, Charles Proxy, Firebase. Exposure to API testing and tools - like Postman, Restassured, Swagger, jmeter. Must have exposure to Cloud infra and be aware of AWS/AZURE. Good understanding of CI/CD tools and technologies. Familiarity with microservice architecture, containers, and related technologies ( Dockers, Kubernetes). Exposure to database management technologies SQL, MongoDb. Excellent written and oral communication. Good analytical and logical skills.Roles and Responsibilities Build a team of SDETs to deliver Automation Framework, Tooling, Test Infrastructure and System. Assessment on what automation in place and collaborating with QAs, and Development teams to identify and implement gaps in the testing strategy with Automated scripts. Coach individuals within the SDET team, helping them develop testing tools and systems. Hands-on coding, responsible for guiding and implementing the Automation Test strategy within a DevOps environment, and plumbing into Continuous Testing pipelines. Build Technical Documentation for Technical Design, Technical Decisions and Implementation details. Contribute to and influence end to end test strategy for the team and wider department Drive your teams forward by being objective and supportive, as well as raising the bar continuously by striving for great delivery and code quality. Actively participate in code and design reviews to maintain our high development standards Work with other leaders in Technology employing your skills of technologies, communicating your ideas effectively and driving alignment with key stakeholders to create successful outcomes of business and engineering growth. Work with QA/Test Leads to create an overall strategy for integrating and improving the automation testing across QAs organization towards automation-first approach.",,"['Firebase', 'API', 'AWS/AZURE', 'CI', 'Dockers, Kubernetes', 'SQL', 'MongoDb', 'Automation Framework', 'Test Infrastructure and System', 'Automated', 'Automation Test', 'DevOps', 'Build Technical Documentation for Technical Design', 'QA/Test Leads']"
47,Account Executive,"Responsibilities: Learn, leverage & help evolve our demand generation process Identify target markets, qualified prospects & key decision-makers in accounts across different geographies. Create and prioritize strategic target account lists. Cold-call or email decision-makers in prospect accounts to set up meetings and product demos Collaborate with marketing and sales on lead quality and conversion. Run experiments on different sales approaches Handle initial contact with new prospects and build relationships through outbound prospecting and marketing activity digital and social media, events, campaigns, queries, email, webinars etc ultimately converting these to sales qualified opportunities Manage the CRM for processing opportunities, tracking leads & tasks, and conducting proactive follow-ups Train and mentor other members of the sales teamRequirements: Excellent presentation & communication skills (both written and verbal) 3+ years of experience in a sales role at a fast-growing company; proven remote sales experience with SaaS enterprise-level customers in foreign markets (especially North America, UK & Singapore) preferred Ability to map an account and navigate through it to find the right people to sell to Team-first mentality & Growth mindset are a must.Why SpotDraft? When you join SpotDraft, you will be joining an ambitious team that is passionate about creating a globally recognized SaaS company & brand. We set each other up for success and encourage everyone in the team to play an active role in building the company. It is possibly the best time to join. The team is lean and still growing. There are endless opportunities to show immediate impact, build processes from scratch, and do things you have not done before. Building and selling to an international audience - which is always a great experience to have! Amazing teammates, great work culture & flat hierarchy.",,"['Manage', 'UK & Singapore', 'SpotDraft', 'SpotDraft']"
48,Assistant Manager Sales,We are looking for someone who will be: Continually meeting or exceeding sales quotas. Supervising and guiding the sales team as well as providing incentives to motivate staff to achieve sales targets. Monitoring the performance of the sales team. Building and maintaining good working relationships with customers. Identifying opportunities and strategies to increase sales. Regularly attending sales meetings and training sessions. Performing all duties of the Sales Manager in cases of absence or emergency.,,[]
49,Account Manager,"As an Account Manager for SMB (Small & Medium Businesses), you will aim to align sales activities with customer success to drive long-term growth sustainability at scale. Major responsibilities will include ensuring theachievement of sales targets in terms of revenues, volumes, and marketshare. The incumbent will create and maintain profitable business for theirrespective zones.Key Working Relationship : B2B Sales/Field Sales/Revenue Generation/Account Management/ Team handlingKey Responsibilities : Responsible to source and generate prospective leads through B2BDirect Sales. Responsible to drive revenue in the respective zones from the SMBsegment with multiple product offerings. Responsible for growing the partner/distribution network andgrowing the under-tapped territories for the SMB Business. Achieve sales targets in line with the target established for the area interms of revenues &amp; volumes. Work with cross-functional teams and other relevant stakeholders tomanage the business requirements. Responsible for their target achievement towards the Business. Ensure long-term relationships with current and prospective partners. Promote Daily Hunt/Josh/Public vibe / Google AdWords brandwithin the channel community by planning and executing the rightmarketing activities &amp; programs. Forecast, measure, and report the results of various campaigns in thegiven zone. Flexible working for 6 Days a week. Also flexible with 60 - 70% travel. Hands on experience on team handling",Good Communication & Negotiation skills|Google Ads|Media ad sales|B2B sales|Digital ad sales,"['SMB', 'Small & Medium Businesses', 'SMBsegment', 'the SMB Business', 'Hunt/Josh/Public', 'Google AdWords', 'Forecast']"
50,Manager - Finance,"1.Candidate from product companies only2.Candidate having experience working in Start Ups would be an added advantage.3.6 to 8 years experience with must to have exposure in - Working Capital Management, Cash Flow Management, FP&A and Forecasting, Budgeting4.Chartered Accountant5.If possible, female candidate is preferred",Entrepreneur  Skill|Decision Making Skill|Leadership skill|Change Management,"['Working Capital Management', 'FP&A', 'Forecasting']"
51,QA and Automation Engineer,"What will you do:Prepare and review software requirements and test scenariosExecute tests on software usabilityAnalyze test results based on database impacts, errors or bugs, and usabilityDocument and design test scenarios of candidatePrepare reports on the software testings for the QA teamParticipate in design reviews and provide input/resolutions on requirements and product design",,[]
52,Software technical lead,"As a Software Technical Lead, you will play a critical role in leading our software development team and driving the successful delivery of our projects. You will combine your exceptional technical expertise with your leadership skills to guide and mentor a talented group of software engineers. You will work closely with cross-functional teams, including product managers, designers, and quality assurance, to ensure the successful implementation of our software solutions. The ideal candidate thrives in a fast-paced environment, embraces challenges, and possesses a strong passion for delivering high-quality software products.1.Technical Leadership: Lead and inspire a team of software engineers by setting clear technical direction, defining best practices, and providing guidance throughout the software development lifecycle.2.Project Management: Collaborate with product managers to define project requirements, timelines, and deliverables. Ensure efficient resource allocation and effective project planning to meet deadlines.3.Architecture and Design: Drive the architectural vision and technical roadmap for our software solutions. Make critical design decisions, ensuring scalability, performance, and maintainability of our software products.4.Hands-on Development: Lead by example and actively participate in coding, debugging, and troubleshooting complex technical issues to maintain a deep understanding of our technology stack.5.Mentorship and Collaboration: Foster a collaborative and inclusive team environment. Provide mentorship and guidance to team members, fostering their professional growth and ensuring their success.6.Quality Assurance: Implement and enforce software engineering best practices, including code reviews, unit testing, and continuous integration to ensure the delivery of high-quality software solutions.7.Continuous Improvement: Stay up to date with the latest trends and advancements in software development methodologies, tools, and technologies. Drive continuous improvement initiatives within the team to enhance productivity and efficiency.",node|react|full stack|good communication skills,[]
53,Senior SDET,SKILLS REQUIREDPython based SDET profilesBackend/API testing.3+ years of relevant experience,,['API']
54,Category Manager,"Responsibilities :P&L ownership for the brand - management of topline and bottomline, product returns and inventory mixWorking with the brands original founder / promoter and their existing team to carry out a smooth business transition to Evenflow BrandsProcess development, operational planning to support forecasting and new launchesResearch, analyze data and market insights for the category to double down on the winning SKUsWorking closely with cross functional teams including brand, marketing, growth to deliver on targetsWeekly and monthly tracking of business metrics to monitor goals and diving deep where needed to drive continuous improvementResearch competitors and suggest appropriate pricing and promotional activitiesBuild and maintain long-term relationships with vendorsBuilding long term brand strategy - omnichannel, social, D2C, international to further drive the growthUnderstanding of AOP & operations during BAU / eventsCreating playbooks - so we are able to standardize growing ecommerce 1st brands under Evenflow BrandsQualifications:Bachelor's/Masters degree with 3-5 years of experience in ecommerce/d2c industryAttention to details, & hands on approach to solving problemsStrong analytical and interpersonal skillsSelf motivated, with a strong bias for executionAbility to work and effectively communicate across functionsExcellent business judgment, analytical, and decision-making skills",,"['D2C', 'AOP &', 'BAU']"
55,Senior Software Engineer I,"What you will do if you join us:Propose solutions to solve complex system architecture challenges and actively lead the end-to-end development of the system.Create robust, flexible, consistent, and easy-to-use APIsContinuously strive for performance improvements, code reusability, and readabilityYou Should Have:B.Tech or a higher degree in computer science or a related field.1+ years of experience working on the back-end development for complex distributed systems who is willing to adopt any Programming language as per the requirement.Familiarity with any of the following - Java, C++, Scala, Kotlin and frameworks like Spring, Play, Hibernate, DJango etc.Good understanding of Algorithms, Data Structure, OOP, Design patterns, Parallel programming, Multithreading concepts & Event Driven Systems.Experience with Relational databases such as MySQL, PostgreSQL, Oracle or any NoSQL database.Its a plus of you have:Familiarity with Cloud platforms like AWS, Azure or Google CloudWorked on Micro-services architecture",,"['Scala', 'Kotlin', 'DJango', 'Algorithms, Data Structure', 'Multithreading concepts & Event Driven Systems', 'NoSQL', 'AWS']"
56,Logistics Coordinator,"Duties and Responsibilities: Planning, Tracking and Monitoring high volume of inbound and outbound shipments. Communicate with customers, freight forwarders and other stakeholders regarding shipment pickup intimations, AWB, tracking details and other shipment related activities Maintaining relationships with logistics partner and vendors Solve customer and logistics partner problems and resolve issues Ensure correct updates in Shipment Live Trackers to ensure data hygiene Report shipment delays and related issues promptly to various stakeholders Research and suggest cost-effective shipping methods Ensuring premises, assets and communications are used effectively",,"['Duties and Responsibilities: Planning, Tracking', 'AWB', 'Solve', 'Shipment Live Trackers', 'Research']"
57,Team Leader Collections,"Job Title:Team Leader CollectionsJob Description:Having Experience in Collection Process of 1 to 2 years.Needs to Manage the assigned Collection Agency.Ensuring assigned target are achievedInteract with High Risk customers and get the account resolvedNeeds to Co ordinated with Collection Manager or Bucket Manager and make sure the required process is followed or implemented.Needs to follow up on the Dialer Calls on requirementEnsure the entire portfolio is attempted.Making sure the agency is giving required intensity and follow up.Ensuring NIL Customer complaints and adhering to compliance by each member.Experience Range:1 - 2 yearsEducational Qualifications:Any graduation,Job Responsibilities:Having Experience in Collection Process of 1 to 2 years.Needs to Manage the assigned Collection Agency.Ensuring assigned target are achievedInteract with High Risk customers and get the account resolvedNeeds to Co ordinated with Collection Manager or Bucket Manager and make sure the required process is followed or implemented.Needs to follow up on the Dialer Calls on requirementEnsure the entire portfolio is attempted.Making sure the agency is giving required intensity and follow up.Ensuring NIL Customer complaints and adhering to compliance by each member.Skills Required:Collections,Candidate Attributes:Having Experience in Collection Process of 1 to 2 years.Needs to Manage the assigned Collection Agency.Ensuring assigned target are achievedInteract with High Risk customers and get the account resolvedNeeds to Co ordinated with Collection Manager or Bucket Manager and make sure the required process is followed or implemented.Needs to follow up on the Dialer Calls on requirementEnsure the entire portfolio is attempted.Making sure the agency is giving required intensity and follow up.Ensuring NIL Customer complaints and adhering to compliance by each member.",,"['Collection Agency', 'the Dialer Calls', 'Job Responsibilities:Having Experience in Collection Process', 'Collection Agency', 'the Dialer Calls', 'Skills Required:Collections', 'Candidate Attributes', 'Collection Agency', 'the Dialer Calls']"
58,Customer Support Executive,"1. Collaborate with the marketing team to develop and execute innovative and effective marketing strategies and campaigns that align with Traya Health's vision and goals2. Assist in conducting market research and competitor analysis to identify trends, opportunities, and potential target audiences for our products and services3. Create engaging and persuasive content for various marketing channels including social media, blogs, website, and email newsletters to enhance brand awareness and drive customer engagement4. Support in managing and maintaining Traya Health's social media presence by curating and scheduling posts, monitoring engagement, and analyzing performance metrics5. Coordinate and participate in the planning and execution of Traya Health's events, webinars, and workshops to ensure smooth operations and successful outcomes6. Monitor and analyze key marketing metrics, such as website traffic, conversion rates, and customer feedback, to optimize marketing efforts and contribute to data-driven decision making7. Assist in the development and implementation of customer acquisition and retention strategies by leveraging digital marketing tools, CRM systems, and customer segmentation techniques",great communication|Customer Service experience,"[""Traya Health's"", 'goals2', ""Traya Health's"", ""Traya Health's""]"
59,Quality Trainer - Assistant Manager,"About Us:Supertails.com is a first-of-its-kind platform that supports the ever-increasing pet parent community by providing trustworthy veterinary care, pet behavior expertise, and a one-stop solution for pet food and supplies. We are differentiated by our unique proposition of being a fully digital telehealth consultation and training service platform made available through a team of highly experienced in-house veterinarians and pet behavior experts. With doorstep delivery services available across the country, the brand aims to bring pet parents closer to the most extensive assortment of pet supplies from India and across the globe.What you will do:Build training modules in the form of presentations, SOPs, and other documentsConduct training sessions for customer delight agents, veterinarians, and pet behavior expertsCertify new team members on product, process, and tool knowledgeTeach and lead team members on processes and work toward performance improvementMonitor, analyze, and assess the quality of inbound calls,outbound calls, and video consultations of service providersIdentify and rectify training gaps and address problems with the managerOffer alternate plans and suggestions for process improvementWhat we offer:Competitive salariesA well-planned insurance cover for you and your familyA team of smart, empathetic, and ambitious people who genuinely want to make a difference in the pet care spaceA culture of ownership and mutual care so you do not just learn, but also thriveWhat we are looking for:Any Bachelor's or MasterssdegreeShould have brilliant verbal and written communication skillsProficiency in Microsoft Office SuiteComfortable working with CanvaMinimum two years of experience in building content and conducting training sessionsPast experience in working for companies that provide online healthcareLocation: Indiranagar, Bangalore(6 days working in-office)Media links:https://yourstory.com/2021/06/ex-licious-digital-pet-care-supertails-saama-deepika-padukonehttps://yourstory.com/2022/11/petcare-startup-supertails-raises-10-m-in-series-a-fireside-ventures",Healthcare Experience|verbal and written communication skills,"['Supertails.com', 'Bachelor', 'MasterssdegreeShould', 'Microsoft Office SuiteComfortable', 'CanvaMinimum']"
60,Hybrid Mobile App Developer - Ionic,"Job Responsibilities:Develop hybrid mobile applications with Ionic toolkitDevelop standard code with proper convention, formatting and commentsPerform third-party APIs plugin integrations in web and/or hybrid appsCollaborate with cross-functional teams to define, design, and develop new featuresTroubleshoot and fix bugs in the application and improve performanceAnalyse customer feedback to identify problems uncovered and rectify them as neededKeep abreast with new technologies and tools to maximize development efficiencyWork with the designers to ideate and conceptualize the application architectureMinimum Requirements:Bachelors/Masters degree in Engineering, Computer Science, IT (or equivalent experience)At least 3+ years of mobile/desktop app development experience using Ionic (rare exceptions for highly skilled developers)Proficient with Ionic, JavaScript (or TypeScript), HTML5, CSS, Cordova, and FirebaseExperience working with frameworks such as Angular, Vue.js, etc.Proven skills in UI/UX design and implementationWorking experience with REST, JSON, AJAX, API/Services, and jQueryFluency in English language for effective communicationAbility to work full-time (40 hours/week) with a 4 hour overlap with US time zonesPreferred Skills:Understanding of responsive design principlesExperience in using Cordova to perform simulator testing for both Android & iOS appsKnowledge of tools such as Jira and GitAbility to thrive in a fast-paced working environmentGreat technical, analytical and problem-solving skillsKey Skills:Ionic, API Plugin, App Development, JavaScript, Angular",,"['Computer Science', 'Ionic', 'Ionic', 'JavaScript', 'TypeScript', 'CSS', 'FirebaseExperience', 'Angular', 'AJAX', 'API/Services', 'Android & iOS', 'GitAbility', 'Skills:Ionic', 'API Plugin', 'JavaScript']"
61,Backend Engineer,"What you will be doingDesign and develop high quality, high performing, efficient, secured, scalable, reusable JAVA code.Create, code and Own product modules, innovate and continuously improve them.Explore new product ideas by developing Proof of Concepts POCsIntegrate with third-party APIsReview peer code to maintain the code standardsWe will need yourExpertise in Core Java, Spring boot frameworkExperience in AWS cloud deployments, microservice architecture, DevOps, pipelinesExperience in Github, Sonar, Jenkins and MavenExperience in working with RDBMS, NoSQL databasesWhy Fego.ai?Opportunity to create and work on the problems that would democratise financial services through data - The next big thing in Fintech.Remuneration: When we say best in the industry, we mean it! You can focus on what you do the best we take care of the compensation part.Flexible working hours with Work From Home options.Quarterly free online courses/certifications (relevant certifications) and Sponsorship to industry-related, tech conferencesKick-ass benefits including comprehensive health insurance for you and your family, including parentsOptions to choose your own device(from the available options).And You will be able to work autonomously and have the freedom to innovate.",,"['Proof of Concepts', 'DevOps', 'MavenExperience']"
62,Customer Relationship Executive,"Connecting with our existing customer over the calls.Understanding clients concern and providing them with the appropriate solutionsResolve customer complaints and issues effectively, demonstrating empathy, patience, and professionalism at all times.Build and maintain strong relationships with customers, fostering loyalty and trust through exceptional service.Act as the primary point of contact for inquiries, complaints, and requests, ensuring a positive and seamless customer experience.",customer relation|good communication,[]
63,Product Manager,"Job Description Collaborate with various partners to drive products/services by establishing a project roadmap, building the business case & ensure on-time/on-budget execution. Manage payments products mobile wallet, Mobile payments, Prepaid card, multi-currencycards etc. Analyze various processes, identify gaps & implement digital solutions for enhancing theproduct life cycle. Serve as product expert to resolve Bank queries, conduct product costing & pricing, reviewcost sheets for profitability analysis & support sales team in growing domestic business. Deliver weekly, monthly, quarterly, annual analysis, and metrics versus official targets. To Identify needs & gaps in the product/service portfolio based on overall business, marketstrategy with sound market research, technological synergies & anticipated market shifts.Experience University Degree required as a minimum, technical background will be an advantage Minimum 3 years experience in fintech product management with total experience of 5+ years. Relevant experience in a Fintech Company, especially in Product Development, ProductManagement & Digital Marketing for international business houses. Experience in mobile wallet / prepaid cards / mobile payments / multicurrency cards etc. Well-versed with Fintech Innovations in Bahrain is an advantage. Strong analyticalskillset to understand user behavior, product performance, and market insights. High degree of self-initiative, proactive, and self-driven to drive results Able to think outside the box, innovate, and differentiate. Good communication and interpersonal skills.INDEPENDENT ACTION & DECISION MAKINGThe job holder has a significant degree of freedom in developing strategies to achieve assignedtargets.ACCOUNTABILITY FOR ACTIONS/RESULTSThe job holder will be assisting in for the launch of new mobile and digital products, specifically in wallet, digital payments, payroll and other FinTech projects as assigned.Key SkillsProduct Management, Fintech, Product Development, Digital Marketing, Market Research",,"['Mobile', 'Bank', 'Fintech Company', 'Product Development,', 'ProductManagement & Digital Marketing', 'Fintech Innovations', 'INDEPENDENT ACTION & DECISION', 'ACCOUNTABILITY', 'FinTech', 'Key SkillsProduct Management', 'Fintech', 'Product Development', 'Digital Marketing']"
64,SCM and Ops Manager - Precision,"Qualification :Minimum of Bachelors/ Masters of Engineering in Mechanical or Production10-15+ years' experience in operations of Manufacturing Industry Well versed with manufacturing quality standards and implementation including methods like lean, 5s, six sigma, PPAP, FMEA, APQP, SPC, etc.Good understanding of Management practicesResponsibilities and Duties: Plan for the Supply Chain: Create and carry out strategies for the supply chain that are in line with the overarching goals and objectives of the company. Optimizing inventory management, streamlining procedures, and identifying opportunities for improvement are all part of this.Management of Suppliers: Select, evaluate, and manage suppliers in conjunction with the customers requirement. Ensure the prompt delivery of high-quality materials and components, monitor the performance of suppliers, and negotiate contracts.Organizing Production: Develop production schedules and plans that meet customer demand while maximizing resource utilization. Keep an eye on how production is going and make any necessary adjustments.Quality Control: Establish and maintain robust quality control procedures to guarantee that products meet quality standards. Work together with the quality assurance team to keep an eye on the quality of the product, take action to fix it, and keep getting better.Distribution and Logistics: Control the activities of transportation, storage, and distribution to guarantee the prompt and economical delivery of goods to customers. Improve productivity by collaborating with logistics providers and optimizing logistics procedures.Management of the Inventory: To minimize carrying costs and stockouts while maintaining optimal stock levels, develop and implement strategies for inventory management. Optimize inventory levels by making use of forecasting strategies and demand planning. Measuring Performance: Set up and keep an eye on the supply chain and operations function's key performance indicators (KPIs). Improve performance, cost-effectiveness, and customer satisfaction by analysing data, spotting trends, and putting initiatives into action.Continual Development: Identify opportunities for cost reduction, process optimization, and operational excellence and drive continuous improvement initiatives throughout the supply chain. Use best practices and compare them to industry norms. Collaboration across departments: To ensure that activities in the supply chain are in line with the overarching goals of the company, work together with other departments like finance, marketing, and sales. Participate in cross-functional meetings and contribute to discussions about supply chain issues.Management of risk: To ensure business continuity, identify potential risks and develop mitigation strategies. Develop contingency plans and keep an eye on market trends, changes in regulations, and geopolitical factors that could affect the supply chain.",Decision making|Time Management|Negotiation|Budget Management,"['Bachelors/ Masters of Engineering', 'Manufacturing Industry Well', 'PPAP', 'FMEA', 'APQP', 'SPC', 'Management of the Inventory', 'Continual Development', 'Develop']"
65,QA and Automation Engineer,"What will you do:Prepare and review software requirements and test scenariosExecute tests on software usabilityAnalyze test results based on database impacts, errors or bugs, and usabilityDocument and design test scenarios of candidatePrepare reports on the software testings for the QA teamParticipate in design reviews and provide input/resolutions on requirements and product design",,[]
66,Job role for troubleshooting,This is a job description for debugging the issue. This job will be removed soon,nodejs|react,[]
67,Assistant Category Manager,"Responsibilities :P&L ownership for the brand - management of topline and bottomline, product returns and inventory mixWorking with the brands original founder / promoter and their existing team to carry out a smooth business transition to Evenflow BrandsProcess development, operational planning to support forecasting and new launchesResearch, analyze data and market insights for the category to double down on the winning SKUsWorking closely with cross functional teams including brand, marketing, growth to deliver on targetsWeekly and monthly tracking of business metrics to monitor goals and diving deep where needed to drive continuous improvementResearch competitors and suggest appropriate pricing and promotional activitiesBuild and maintain long-term relationships with vendorsBuilding long term brand strategy - omnichannel, social, D2C, international to further drive the growthUnderstanding of AOP & operations during BAU / eventsCreating playbooks - so we are able to standardize growing ecommerce 1st brands under Evenflow BrandsQualifications:Bachelor's/Masters degree with 1-3 years of experience in ecommerce/d2c industryAttention to details, & hands on approach to solving problemsStrong analytical and interpersonal skillsSelf motivated, with a strong bias for executionAbility to work and effectively communicate across functionsExcellent business judgment, analytical, and decision-making skills",,"['D2C', 'AOP &', 'BAU']"
68,Senior Manager- Category,"About UsSupertails.com is a first-of-its-kind platform that supports the ever-increasing pet parent community by providing trustworthy veterinary care and a one-stop solution for pet food and supplies.We have been awarded as the Best D2C Brand Pet Care at the D2C Awards 2022 presented by IndianRetailers.comWhat you will do:Driving Category P&L: Business owner for the category/group of categories. The role entails leveraging the know-how of internal and external variables to deliver sales, building relationships with vendors to procure goods at the right cost, and driving promotions and discounts.Procurement: Responsible for category width and depth. Identifying the right vendors and establishing long-term relationships with them, achieving cost-effective purchases with the right lead time. Inventory management: Overseeing and managing inventory levels and DOI to optimize working capital and consistent availability.Promotions: Planning & executing promotions, discounting and category-related marketing activities. You can forget we ever wrote the word discounts hereReporting and analyses: Forecasting, monitoring, and reporting on the category data and driving actionable insights.Competition / Market Analysis: a thorough understanding of the industry, trends/events, and continuously monitor competition and industry developments.RequirementsPet parent (not owner)4-8years of prior experience in category management/e-commercemandatoryCustomer-first approach- Identifying customer needs and inventing new ways to meet those needsProven analytical thinking, project management skills, attention to detail, and exceptional organizational skills are essentialNegotiation skills and influencing abilitiesObsession with learning and excitementto solve problems for our furry friendsCandidates with Management degree preferredLocation: Bangalore, Indiranagar (6 days In-office)",project management skills|Category management|Vendor management|Profit and loss management|Growth,"['RequirementsPet', 'Bangalore, Indiranagar']"
69,Finance Manager,"About UsSupertails.com is a first-of-its-kind platform that supports the ever-increasing pet parent community by providing trustworthy veterinary care, training services, and a one-stop solution for pet food and supplies.Supertails.com is differentiated by its unique proposition of being a fully digital telehealth consultation service made available through a team of highly experienced in-house veterinarians. With doorstepdelivery service available across the country, the brand aims to bring pet parents closer to the largest assortment of pet supplies from India and across the globe.Our funding coverage: https://yourstory.com/2022/11/petcare-startup-supertails-raises-10-m-in-series-a-fireside-venturesAbout the role:Designation Title: Finance ManagerReporting to: Finance LeadJob Location: Indiranagar, Bengaluru (6 days in-office)Detailed job description: Provide periodic financial dashboards and MIS reports across areas such as revenue, production costs, and profitability. Studying and analyzing GL variances, material cost variances, and reporting with reasons for variances. Liaise with statutory auditors and internal auditors for timely completion of audits. Implement process excellence to demonstrate internal control over financial reporting. Review agreements from vendors, customers, and partners from commercial and financial perspectives and provide execution versions.Maintain a repository of all contracts and ensure timely renewals. Structuring accounting for new businesses and streamlining the same. Leading Accounting Automation ProjectsSkill and Competencies: Experience working in E-commerce, Manufacturing, FMCG, or consumer goods businesses is preferred. Drive performance management and development of a team of 4-5 team members, by ensuring proper resource planning, coaching, development, and performance management. Ability to self-direct work in an unstructured, fast-paced environment, and be comfortable with ambiguity. Ability to communicate insights clearly and influence effectively to highly technical management teams, combined with impeccable business acumen. Prior experience in working with large data sets and statistically interpreting them from a business point of view.Qualification and experience requirements: Chartered Accountant with 2-4 years of post-qualification work experience",Financial Reporting|inventory accounting|MIS|team management|order to cash,"['MIS', 'Leading Accounting Automation ProjectsSkill', 'Competencies', 'Manufacturing']"
70,Veterinarian,"Supertails is the first-of-its-kind digital platform that supports the ever-increasing pet parent community by providing trustworthy veterinary care and a one-stop solution for pet food and supplies.We are differentiated by our unique proposition of a fully digital telehealth consultation service, which is made available with a team of highly experienced in-house veterinarians.Your day will be all about:Examining pets to determine their healthcare needs and identifying specific problems and diagnostics for dogs, cats, and small animals over online consultations.Communicating with pet parents and educating them about the healthcare needs of their pets.Conducting online veterinary consultations for a diverse group of pet parents, some of whom might be in remote areas where vet clinics are not easily accessible.Developing valuable, need-based content across nutrition and healthcare to help parents take care of their pets better.Following up with parents regularly to ensure the pet responds to and recovers with your prescribed treatment.Maintaining medical records and prescription charts of your patients.We would love for you to have:Good communication skills including fluency in the English language. Knowing a regional language will be a plus.The ability and patience to communicate medical advice effectively and simply, so that the pet as well as the parent gets the best possible support.BVSc or MVSc in a relevant topic of study.A sense of compassion and empathy towards animals as well as pet parents.Experience working in a clinical setting.The ability to work well in a team environment What we have to offerMore than just competitive salariesA well-planned insurance cover for you and your familyA team with smart, empathetic, and ambitious people who genuinely want to make a difference in the petcare spaceA culture of ownership and mutual care so you do not just learn, but also thrive.",Excellent Written and verbal communication,['vet clinics']
71,Front end lead,test description,html|css|javascript,[]
72,Senior Graphic Designer,"Overview:We are seeking a talented and experienced Senior Graphic Designer to join our creative team. The ideal candidate will have a proven track record of delivering high-quality design solutions and possess strong conceptual and creative abilities. As a Senior Graphic Designer, you will be responsible for leading and executing various design projects, collaborating with cross-functional teams, and mentoring junior designers. This is an excellent opportunity for an individual with 3-4 years of relevant experience to take the next step in their career and contribute to the success of our organization.What you will do:Develop and create innovative design concepts, graphics, and layouts for various marketing materials, including but not limited to brochures, flyers, advertisements, social media graphics, website banners, and presentations.Collaborate with the marketing team to understand project requirements, target audience, and brand guidelines, ensuring the design aligns with the company's visual identity and objectives.Lead design projects from concept to completion, including ideation, storyboarding, and final execution.Work closely with the creative team to brainstorm ideas, provide constructive feedback, and contribute to the overall creative direction of projects.Stay updated with industry trends, design tools, and software, and share knowledge and best practices with the team.Manage multiple projects simultaneously, ensuring deadlines are met without compromising the quality of deliverables.Provide guidance and mentorship to junior designers, fostering their growth and development within the team.Collaborate with external vendors and agencies as needed to ensure the successful execution of design projects.Maintain a strong attention to detail, ensuring accuracy, consistency, and adherence to brand guidelines in all design deliverables.Contribute to the continuous improvement of design processes and workflows, suggesting and implementing efficiency-enhancing strategies.What are you looking for:Bachelor's degree in Graphic Design, Visual Communications, or a related field.3-4 years of professional experience in graphic design, preferably in a creative agency or in-house design team.Strong portfolio showcasing a diverse range of design work, including both print and digital media.Proficiency in industry-standard design software such as Adobe Creative Suite (Photoshop, Illustrator) and other relevant tools.Excellent understanding of design principles, typography, color theory, and layout techniques.Ability to think creatively and develop innovative design solutions that align with project objectives and target audience.Strong communication and presentation skills, with the ability to effectively articulate design concepts and ideas.Exceptional time management skills and the ability to work efficiently under pressure while maintaining high-quality standards.Experience in video editing, motion graphics, or UX/UI design is a plus.A self-motivated individual with a strong work ethic, attention to detail, and a passion for design.Media links:https://yourstory.com/2021/09/funding-pet-care-startup-supertails-venture-debthttps://yourstory.com/2022/11/petcare-startup-supertails-raises-10-m-in-series-a-fireside-ventures",Figma|Adobe Premiere Pro|Adobe After Effects|Adobe Illustrator|Adobe Photoshop,"['Develop', 'Bachelor', 'Graphic Design', 'Visual Communications', 'Photoshop', 'Illustrator', 'UX/UI']"
73,Associate Manager - KAM,"Onsurity is a rapidly growing employee healthcarebenefits platform that provides flexible and customised healthcare subscriptions for SMEs,start-ups, and enterprises. We believe that access to healthcare benefitsshouldnt be a luxury. It is this philosophy that has strengthened ourcommitmenttowardsmakinghealthcareaffordable and accessiblefor all. Our subscriptions include discounts on medicine orders, health checkups, fitness plans, free doctor teleconsultations, and insurance, among other benefits.We believe in inclusivity which meansour plansare notlimited to full-time employees. Wealsocovercontractual workers, interns, freelancers, and consultants. We encourage you toread more about usonwww.onsurity.com. You can also find us onLinkedIn,Instagram, and YouTube.Who are we looking for?A Key Account Manager is responsible for handling client accounts in a company. These accounts make up the highest percentage of companys income, and the key account manager must build and maintain a strong relationship with the client. Resolve customers' complaints in an effective and respectful way. Excellent interpersonal skills and aptitude in networking and building relationships. Goal-oriented, organized team player. In-depth understanding of company key clients and their position in the industry. Excellent verbal and written communication skills, strong listening, and good presentation skills. Strong negotiation skills. Ability to multi-task, prioritize, and manage time effectively Self-motivated and self-directed Experience in handling key accounts. Responsibilities: Acquiring a thorough understanding of key customer needs and requirements. Serve as the link of communication between key customers and internal teams. They will be the lead point of contact for all key client matters, anticipate the clients needs, work within the company to ensure deadlines for the client are met. Bring in new business from existing clients or contacts and will develop new relationships with potential clients. Collaborating with the sales team to maximize profit by up-selling or cross-selling. Prepare regular reports of progress and forecasts to internal and external stakeholders using key account metrics. Will be responsible for complete handholding with customer till the revenue realization.",Good communication|Farming|Cross selling|upselling|KAM,"['Wealsocovercontractual', 'Instagram', 'YouTube']"
74,Product Designer,"Must-have2-7 years of work experience designing the UI and UX of web/ mobile apps and products for end users. This should be for large audiences, preferably in a B2C product that scaled.About UsSensibullis India's first and largest Options Trading Platform.Sensibull is funded by and partnered with Zerodha, the largest stockbroker in India. We have tied up with the 4 biggest brokers in India, and many more in the top 10, making it one of the largest platforms in the trading space in India. We are profitable, and looking to expand to other geographies and markets. We are a product focussed, engineering-heavy, high-ownership team of 43 people.Role:This role owns the entire product experience of a category-creating and potentially disruptive fintech platform. It is a complex design problem, the kind you describe as the one that ""sets the experts apart from the novices.""You willOwn all things design - Wireframing, prototyping, interaction - UX as well as UI across web and mobile platformsDevelop and conceptualize a comprehensive UI/UX design strategy.Collaborate with developers, users, and PMs relentlessly to improve the user experienceOversee the implementation of UX research methodologies and testing activities to analyze and predict user behavior.Create and maintain design systems across productsWhat are we looking for?Experience in product and interaction design for large audiences in a product that scaledA track record of delivering beautiful user experiences with a B2C product company that scaledSolid experience in creating wireframes, storyboards, user flows, process flows, and site mapsTeam player with outstanding communication skillsAbility to think product, and convince the stakeholders to execute your product designExperience in working with product/development teams for review/handovers.Solid visual design fundamentals and understanding of design concepts(space, typography, colour theory, layout, grids, visual hierarchy, etc)Excellent attention to detailWhat is working with us like?Fast-paced, intellectually stimulating, steep learning curve, and growthClose-knit, hardworking, supportive colleagues, Challenging workA chance to be a part of a high-impact, profitable startup that is scaling fast.",Figma|Product experience|User Research|Case study,"['UI', 'UX of web/ mobile apps', ""UsSensibullis India's"", 'Options Trading Platform', 'Zerodha', 'UI', 'UI']"
75,Relationship Manager,"What you will do: Maintaining relationships with the existing users through multiple channels like mailers and phone calls and sharing knowledge with them on product updates, new listings, etc. Reviewing product penetration for the assigned users and deepen the existing relationships by cross-selling Densitys other product and services Becoming familiar with the competition to stay ahead of them. Working closely with the marketing team to spread campaigns to the user base (Targeted set) Keeping a continuous check on trading volumes for the allocated user-set, taking immediate steps in case of any drop in the volumes. Acting as a bridge to pass on Customer Feedback to internal stakeholders so as to bring in any key product changes.Job requirements: Minimum 2-5 years experience in Relationship Management for Investment related products like Mutual Funds /Life Insurance /General Insurance/ PMS/Fixed Income Products. Strong communication skills (both verbal and written) with customer service orientation Good Analytical skills Self-driven and highly ambitious Results-oriented & the ability to handle pressure Understanding of KYC requirements & Anti-money Laundering policies is critical Knowledge of financial markets, products & competitor offerings to assist in meaningful dialogue with clients",,"['Customer Feedback', 'Relationship Management for Investment', 'Mutual Funds /Life', 'PMS/Fixed Income Products', 'KYC requirements & Anti-money']"
76,Campaign Manager,"About Us:Supertails.com is a first-of-its-kind pet care platform that supports the ever-increasing pet parent community by providing trustworthy veterinary care and a one-stop solution for pet food and supplies.With doorstep delivery services available across the country, the brand aims to bring pet parents closer to the largest assortment of pet supplies from India and across the globe all while providing the most reliable and trustworthy expert care through highly qualified Vets and behavior experts.Role Summary:The Campaign Analyst is responsible for researching, developing, and executing Communication/promotion campaigns for pet care products and services. The ideal candidate will have a strong understanding of customer behavior, and segmenting/cohorting as well as experience with data analysis and reporting.Responsibilities:Research and develop communication campaigns that align with the company's goals and objectivesLeverage market research and historical data insights to think creatively about segmenting, targeting, and reaching existing/potentialcustomers with appropriate channels and messagesEngage existing customers to increase LTV and achieve channel targetsWork with cross-functional teams to develop promotional materials and find innovative ways to engage with customersAnalyse and optimize all growth channels including Email marketing, content marketing, SMS, WhatsApp, and push notificationsDesign and define experiments to further our understanding of various customer cohortsUtilize all communication channels (email, sms, WhatsApp, push notifications) to drive customer engagement as well as drive channel targetsTrack and report on the performance of promotional campaignsQualifications:Bachelor's degree in marketing, business, or a related field.2+ years of experience in marketing, preferably in a campaign management role.Strong understanding of customer cohortsStrong understanding of communication tools such as Clevertap, Moengage, etc.Experience with data analysis and reporting tools such as Microsoft Excel, Power BI, Tableau, etc.Excellent written and verbal communication skills.Experience with social media marketing/email marketing/app-based marketing campaignsPreferred to have a passion for pet careWhat we offer:Fast-paced environment with multiple opportunities for growthOwnership: Individually lead important charters with high-impact potentialEmployee-first culture: Putting employees above everything else. Be surrounded by positivity and furry friendsPerks & benefits: Salary matching market compensation.Location: Bangalore, Indiranagar (6 days of working In-office)Media Links:https://www.financialexpress.com/business/brandwagon-supertails-com-raises-10-million-in-series-a-funding-2796096/",MS-Excel|CRM Tools|Clevertap|Social media marketing|Data-driven,"['Supertails.com', 'Responsibilities:Research', 'LTV', 'WhatsApp', 'WhatsApp', 'Bachelor', 'Clevertap', 'Moengage', 'Microsoft Excel', 'Power BI']"
77,Legal Associate,Key Points:Title DiligenceDraftingDocument VerificationUnderstanding Title and Revenue DocumentsLiasiningKnowledge on RERAWhat to look for:Lawfirm BackgroundDevelopers officeLegal councilLegal Associate from any FirmGood knowledge of real estate industry in Bangalore/Karnataka.,,"['Key Points:', 'FirmGood', 'Bangalore/Karnataka']"
78,Enterprise Sales Associate,"Responsibilities1. Create new business relationships (demand) and serve as the primary point of contact for existing partners.2. Supervise and manage the relationship with CHRO and key business leaders3. Responsible for the complete business development cycle from prospecting to closure4. Be accountable for enterprise acquisition and ensure that Able is the go-to place for hiring entry-level talent5. Define and continuously improve business development metrics; establish a system for tracking metrics and critical milestones6. Identify best practices; create a predictable, repeatable, and sustainable method to scale company onboarding7. Undertake initiatives and gather tech, product, design, and growth to define and implement plans for business strategy8. Continuously research and remain knowledgeable of industry trends and competition.",,"['CHRO', 'Able', 'milestones6', 'onboarding7']"
79,Tele Caller,"Job Description- Forecasting batches- strength, type, locationConducting selection interviewsOwnership of three services- Model Training, Pageant Training, Portfolio ShootSales process optimizationAnalyze lead quality coming from different channels.Coordinating with agency to monitor and evaluate ad performance- conversions, quality forecastingSales assets- creation and updating of the client pdfs, power pointsEnsure customer satisfactionAttending a large number of client calls and meetings on a daily basis.Monitoring and evaluation of ad performance - lead generation, lead quality and all aspects.Additional informationAs the sales person, your job will start from reaching out to the leads generated from different sources. You have to extract the qualified leads from the entire lot, nurture them and ultimately convert them. The conversion does not just bring revenue but the larger goal is to train people who are driven, inspired and want to make an impact in the industry thereby creating a community of talented models. The modeling industry for very long has been difficult to access, Wilderbee is on a mission to create structures, make this industry accessible and safe space for anyone who wants to enter the industry. Therefore we are looking for someone who can relate to our mission and motivate people to begin their own journeys in the industry.Skills:MS Office- Intermediate to proficientWriting- Drafting error free messages in line with the brand identity.Time-managementLead managementRole:Manage large amounts of inbound and outbound calls in a timely mannerIdentify customers needs, clarify information, research every issue and provide solutions.Build sustainable relationships with potential clients.Keep records of all conversations in our database in a comprehensible way.Attend regular team meetings to clarify progress and performance.Qualities:DisciplinedSelf-driven, with little need to manageEmpatheticEager to learn",,[]
80,Senior Software Engineer - Java,"Job Description:Solid Experience on Java, J2EE, Spring framework, Hibernate, Microservices, SQL, jQuery, Ajax, BootstrapProject/Product Development experienceGood Understanding of Design PatternsGood Communication SkillsGood Leadership skills",,"['J2EE', 'Hibernate, Microservices', 'SQL', 'Ajax', 'BootstrapProject/Product Development experienceGood Understanding of Design PatternsGood Communication']"
81,Data Pod SDE (Backend),"Job Description: (Required/ Mandate Skills) Hands on Java Engineers, with experience building consumer facing or enterprise applications using Java stack Spring, Hibernate, MySQL Strong problem solving and analytical skills Strong understanding of Object-Oriented Programming concepts and Design patterns.Do You Know? (Skills good to have) Exposure to building service oriented distributed systems In building systems that process big data in a distributed environment, either in real time streaming or offline batching. In messaging systems like Kafka, RabbitMQ, kinesis, etc. In real time computation tools like Storm / Spark or Hadoop based tools. In Data warehousing technologies like Redshift, BigQuery, etc.",,"['Required/ Mandate Skills) Hands on Java Engineers', 'Object-Oriented Programming', 'Storm / Spark', 'Data', 'Redshift', 'BigQuery']"
82,Assistant Manager – Quality & Training,"Job Overview:As AssistantManager - Quality Auditor & Training, you will play a critical role in enhancing the overall performance and productivity of our customer service representatives. Your primary responsibilities will revolve around auditing customer interactions, providing valuable feedback, designing and implementing training programs, and collaborating with various stakeholders to improve customer satisfaction and service quality. By identifying areas for improvement and offering targeted training, you will empower our team to deliveroutstanding service and maintain our reputation as a customer-centric organization.Key Responsibilities: Quality Assurance: Conduct comprehensive audits of customer service interactions (phone calls, emails, social media conversations) to evaluate adherence to company policies, procedures, and quality standards. Analyze audit results to identify trends, recurring issues, and areas ofimprovement. Provide constructive feedback to customer service representatives toenhance their performance and ensure consistent service delivery. Training Program Development and Implementation: Design and develop training modules and materials that focus on customer service skills, product knowledge, communication, conflict resolution, and other relevant topics. Collaborate with subject matter experts and team managers to ensure training content aligns with business objectives and customer expectations. Implement and conduct engaging training sessions for both new hires and existing team members. Performance Analysis and Reporting: Track key performance indicators (KPIs) related to customer serviceperformance and training effectiveness. Generate regular reports and present data to management, highlighting improvements, challenges, and opportunities for further development. Continuous Improvement: Work with cross-functional teams to identify process gaps and suggest improvements to enhance customer service operations. Implement best practices to ensure a consistent and positive customer experience across all touchpoints. Team Collaboration: Collaborate with the customer service leadership team to align training initiatives with business goals and strategies. Foster a positive and supportive team culture by providing mentorship and guidance to customer service representatives.Requirements: 2 to 6 years of proven experience in customer service quality assurance and training management. Exceptional communication and interpersonal skills. Strong analytical abilities and attention to detail. Proficiency in data analysis and reporting. Excellent organizational and time management skills. Familiarity with customer service tools and technologies. Ability to adapt to a dynamic and fast-paced environment.Join our dynamic team and help shape the future of our pet care in India by ensuring exceptional service delivery and continuous improvement. If you are passionate about customer satisfaction and enjoy working in a collaborative environment, we would love tohear from you!",Excellent Communication|Inter-personal Skills|Customer service quality assurance|Training management,"['AssistantManager - Quality Auditor & Training', 'Key Responsibilities: Quality Assurance', 'Training Program Development and Implementation: Design', 'Performance Analysis']"
83,Technical Lead - Front-End,"Responsibilities Provide Architectural and Design direction - You will be owning the high-levelengineering architecture and design of the product vertical assigned. You will workclosely with the engineering lead to finalize the architecture and design and should makesure that these architectural and design guidelines are followed by your team Improve the system stability and resiliency of the area you are leading. And beaccountable for that. Clear engineering blockers ahead of sprint planning - Work with the PM to understand the requirements for the upcoming sprints and make sure that the engineering blockers are cleared ahead of time. Understand the broader context of the team and help set the technical roadmap for the team. Own System design and do System Design Presentations Technical Capacity Planning (Infrastructure, Scalability and Cost evaluation andplanning) Work closely with the PM and Engineering lead to help with decisions aroundprioritization, execution, work division, sprint planning, goal setting, tech-debtmanagement, etc. Participate in technical discussions. Ownership of System SLAs, Metrics & Monitoring Scope high level tasks and projects, and break them down into smaller tangible tasks that can be easily taken up by others on the team. Work closely with the Product manager, evaluate product requirements and recommend suggestions and solutions. Work with Devops engineer/Platform team to make sure that the platform is aligned with the product architecture and business goals. Periodically evaluate the product metrics and recommend improvements Invest time in design, POC, research etc. Facilitate adoption of needed technologies, and its alignment with business,product and engineering goals Help with quarterly and annual planning to set engineering and product roadmaps. Own parts of System Roadmap corresponding to the vertical you are assigned to. Ensure code quality and control technical debt Ensure Code Review Healthiness Keep track and improve Engineering KPIs To ensure smooth execution, spend time in organizing work on jira, clarify the definition of done for tasks, track dependencies, etc (Team Planning and Delivery) Ensure productivity of the team. Conduct monthly one-on-one meetings with the team members and provide performance feedback Facilitate Career Planning, Promotions, and Coaching for the team Mentor other engineers in the team. Involve in interviewing, onboarding and other hiring activitiesSkills And Qualifications Proficient understanding of web markup, including HTML5, CSS3 Understanding of server-side CSS pre-processing platforms, such as LESS and SASS Understanding of client-side scripting and JavaScript frameworks, including jQuery Good understanding of any of the advanced JavaScript libraries and frameworks, suchas ReactJS. Creating self-contained, reusable, and testable modules and components Validating user actions on the client side and providing responsive feedback Strong debugging skills Proficient understanding of Git Team handling experience of min 5 -10 teammates. Preferred experience from similar product based startups / firms.",,"['Own System', 'System Design Presentations Technical Capacity Planning (Infrastructure, Scalability', 'Ownership of System', 'Metrics & Monitoring Scope', 'Product', 'POC', 'Ensure Code Review Healthiness Keep', 'Team Planning and Delivery', 'Facilitate Career Planning', 'Qualifications Proficient', 'HTML5', 'CSS', 'JavaScript', 'JavaScript', 'suchas ReactJS']"
84,Backend Engineer,"Job Description:We are looking for Backend Engineer, to join our team and contribute to the evolving Assembly product offering. This person will report directly to our Head of Engineering. This is an exciting opportunity for anyone interested in shaping the direction and trajectory of a new product.Responsibilities:Guide and lead Architecture decisions. Drive changes to scale Assemblys Infrastructure 10x and beyond.Participate in the entire application lifecycle, focusing on coding and debugging.Write clean reusable code to develop functional web applications.Perform Unit & Integration tests to optimize performance with javascript test frameworks.Collaborate with Front-end developers to integrate user-facing elements with server-side logic.Design, build and operate Assemblys APIs with a focus on performance and reliability.Qualifications:Proven work experience as a Back-end developerIn-depth understanding of the entire web development process (design, development, and deployment).Minimum 3+ years of experience with Back-end languages ( JavaScript libraries like Node.js )",,"['Backend Engineer', 'Assembly', 'Perform Unit & Integration', 'Front-end', 'JavaScript', 'Node.js']"
85,Senior Category Manager,"Responsibilities :P&L ownership for the brand - management of topline and bottomline, product returns and inventory mixWorking with the brands original founder / promoter and their existing team to carry out a smooth business transition to Evenflow BrandsProcess development, operational planning to support forecasting and new launchesResearch, analyze data and market insights for the category to double down on the winning SKUsWorking closely with cross functional teams including brand, marketing, growth to deliver on targetsWeekly and monthly tracking of business metrics to monitor goals and diving deep where needed to drive continuous improvementResearch competitors and suggest appropriate pricing and promotional activitiesBuild and maintain long-term relationships with vendorsBuilding long term brand strategy - omnichannel, social, D2C, international to further drive the growthUnderstanding of AOP & operations during BAU / eventsCreating playbooks - so we are able to standardize growing ecommerce 1st brands under Evenflow BrandsQualifications:Bachelor's/Masters degree with 7+ years of experience in e-commerce/d2c industryAttention to details, & hands on approach to solving problemsStrong analytical and interpersonal skillsSelf motivated, with a strong bias for executionAbility to work and effectively communicate across functionsExcellent business judgment, analytical, and decision-making skills",,"['D2C', 'AOP &', 'BAU']"
86,Business Development Manager,"Able to conduct online demos with prospective customers.Manage and maintain a pipeline of interested prospects and engage sales executives for the next steps.Utilize cold calling, and email to generate new sales opportunities.Build long-term trusting relationships with prospects to qualify leads as sales opportunitiesProactively seek new business opportunities in the market.Source new sales opportunities through inbound lead follow-up and outbound cold calls and emails.Understand customer needs and requirements.Route qualified opportunities to the appropriate sales executives for further development and closure.Research accounts, identify key players, and generate interestMaintain and expand your database of prospects.Able to build lead pipelines and close deals.Schedule and organize meetings and calls with prospective customers on behalf of the Sales Team.Generate leads while representing Illumine ensuring the sales process remains in line with our five core values, and that we put customers first.Update and manage all sales activities, opportunities, and account information in CRMConsistently achieve a monthly quota of qualified opportunities",Experience working with HubSpot.com or similar CRM.|Excellent verbal and written communications skills|Proven inside sales experience,"['the Sales Team', 'Illumine']"
87,Big Data Engineer,"Job Responsibilities: You will build, setup and maintain some of the best data pipelines and MPP frameworks for our datasets Translate complex business requirements into scalable technical solutions meeting data design standards. Strong understanding of analytics needs and proactive-ness to build generic solutions to improve the efficiency Build dashboards using Self-Service tools on Kibana and perform data analysis to support business verticals Collaborate with multiple cross-functional teams and work on solutions that have an impact on NoBroker.com businesses.Key Qualifications Expertise in Designing Data Pipelines, MPP Platforms & Hadoop Systems Proven Track Record in Database Technologies - Management, Retrieval & Reporting. Excellent Database skills in SQL, Elasticsearch & MongoDB Hands-on experience Kafka, Storm, Flink & Spark Excellent Programming skill in Java Expected to perform well in a fast-paced environment, to execute on the tasks assigned, to meet the production deadlines, and, at the same time, to explore independently new innovative ideas that can improve and transform the product experience of our customers Be able to deliver technologies aligned with the core values of NoBroker.com, ensuring the highest standards of quality, rigor, innovation, and respect for user privacy Creative, collaborative, Design thinking and product-focused",,"['MPP', 'Self-Service', 'Key Qualifications Expertise', 'Designing Data Pipelines', 'MPP Platforms & Hadoop Systems', 'Database Technologies - Management, Retrieval & Reporting', 'SQL', 'Elasticsearch & MongoDB Hands', 'Storm, Flink & Spark Excellent Programming']"
88,Customer Engagement Executive,"Role Description:As a Customer Engagement Executive, your primary responsibility will be to create a warm and welcoming atmosphere for customers visiting the store. You will play a pivotal role in ensuring a smoothand pleasant customer experience by:Warmly welcoming all customers upon their arrival at the store.Greeting customers and efficiently registering their details in the iPad QMS (QueueManagement System) app.Effectively directing customers to the nearest Sales Associate or Optometrist as per theirrequirements.Addressing basic customer inquiries and providing information about the store's services andofferings.Please note that this role does not involve direct sales; your primary focus is on customer service and assistance.Ideal Candidate:We are seeking an individual who is customer-oriented, professional, and possesses the followingqualifications:Minimum 1 year experience in a customer facing roleNo specific educational criteria are required.A well-groomed and presentable appearance.",Minimum of 1 year of experience in a customer-facing role|ideally in the retail or restaurant industry.,"['the iPad QMS', 'QueueManagement System', 'Ideal Candidate']"
89,Software Engineer/Developer( .NET),About the Role:Looking for highly motivated tech-savvy candidates to work in the area of softwaredevelopment on innovative software project.Preferably in computer engineering/IT/E&TC with good scholastic background withlearning attitude towards new technologiesQualification: B.Tech/B.E./MCA,,['B.Tech/B.E./MCA']
90,Marketing Manager,"What Will You Be Responsible For?Brand Strategy & Planning : Working closely with key stakeholders in the creation of actionable strategies that ensure we achieve our overall company goals. Gathering internal and external data to build a rich but concise picture of our operating environment to inform key business decisions. Management of the overall brand portfolio architecture, including brand principles, brand values and purpose, creation of ""higher purpose"" and strengthening our core brand identity. Building a consistent and effective brand story that plays out both externally for ourcustomers, as well as internally for our people Working on content strategy and drive the content creation process, working with our social media, PR and design agencies to create marketing tools for the sales team and channel partners Monitoring website & other collaterals regularly to ensure that they are updated with relevant informationBudgeting: Creating and executing the annual marketing program timeline within budget, annual marketing calendar planning, administrative tasks (such as VTO, KPI setting and etc.) and providing quarterly reports to the management. Monitoring expenditure and analysing marketing spends of assigned projects for inputs on next years budget and modifies budget based on the performance trend. Drive P&L improvement by reviewing & analysing competition price and proposing price revision. Manage launch of new projects, NPD and campaigns as per committed timeframe and craft SWOT for assigned projectsEvents: Conduct brand training and orientation to internal stakeholders to strengthen internal brandknowledge and equity. through brand seeding on business and event collaboration,. Promote brand awareness through Events, sponsorship and partnership deals and execution of networking parties, client engagement events at-site and off-site etc Tasks involved includebudget projection, liaison with external vendors and partners (Clients, event managers, media owners etc.), Event set-up and tear down, post event review and provide event report to key stakeholders.",,"['VTO', 'KPI', 'NPD']"
91,Payroll Specialist,"Job descriptionResponsibilities:Understand business processes and configure the payroll module for needs.Recommend best people practices aligned with business needsRun periodic payroll processes as per SoPWork on critical Payroll events like Appraisal, Increments etc.Resolve queries on Payroll, as and when requiredResolve problems by clarifying the customers complaint; determining the because of the problem; selecting and explaining the best solution to solve the problem; expediting correction or adjustment; following up to ensure resolutionRequirements:In-depth knowledge of Indian Payroll with an experience of 4-7 years in payrollGood understanding of statutory compliances (PF, ESI, TDS and PT)Experience in Gratuity and Labor Benefit calculationsGood Excel knowledge.",,"['Increments', 'Payroll', 'ESI', 'TDS']"
92,Junior Frontend Engineer,"What an ideal candidate looks like2+ Yrs of experience working with ReactJS, NextJS, FabricJS, & similar online canvas editing frameworksKindly do not apply if you do not have a minimum of 2 years work experienceWorking knowledge of ReactJS & FirebaseHigh ownership of work & deadlines - this is your lifes best workCollaborative - you only grow when others around you growGrowth mindset - you do not just code but take keen interest in other aspects of the businessPrevious experience with startups earns brownie pointsOkay with ambiguity - you can take decisions yourself with sound logicIndependent - there will be nobody micromanaging your work, you are responsible for your outputHigh entropy environment - things change fast at a startup, and you are able to adapt quicklyAbility to lead - we are building our core team, so you are in spot to be a leader for the team and set the rules",,['like2+']
93,Senior Performance Marketer,"ResponsibilitiesExecute integrated digital strategy for client projects.Complete day-to-day performance marketing tasks to maximize ROI.Manage digital marketing campaigns on several platforms (Facebook Ads, Google Ads, etc.).Track, report, and analyze website analytics and PPC initiatives and campaigns.Be in contact with your assigned clients and create weekly/monthly reports.Assist communication of the progress of all initiatives with clients key people periodically.Requirements:3-5 years of experience in managing digital advertising campaigns.Strong analytical skills.High level of initiative and work well in a team environment.Handle stressful situations and deadline pressures well.Spontaneous and self driven.Leadership skills - should be able to not just manage a team, but also manage vendors/partners and take ownership of projects end to end.",,"['ResponsibilitiesExecute', 'PPC']"
94,Investment Analyst,"Job Responsibilities: Build pipeline / database for deal sourcing via VCs, incubators, accelerators, bankers, etc. Methodically work towards creating proprietary deal pipeline (leveraging variousdatabases) Map emerging trends (global and India) and deal activity in specific identified sector(s) Develop deep understanding of the identified focus sectors Detailed evaluation of potential investment opportunities Preparing detailed financial models and valuation exercise Preparing IC presentations / notes Diligence on the portfolio companies - Financial, Legal and commercial Structuring transactions Execution of investment agreements / documents Portfolio Monitoring Actively involve in monitoring portfolio companies - including financial and operatingperformance Preparation of periodic reports for internal review",,"['Develop', 'Financial, Legal']"
95,Operations Head,"My Almari is a startup company- a platform aimed at providing easy buying and selling of preloved luxury items. It was created to extend the lifecycle of a garment/product. We support slow fashion while giving our customers unique design options to shop from.We need someone who has a basic understanding of Indian and international Luxury fashion brands.Ideally someone who has worked in the back office of a luxury retail(does not include on floors sales representatives)Responsibilities- Back office manager who manages and overseas daily business activities- Maintain stock room and keep a track on incoming and outgoing stock- Optimise efficiency- Should have broad knowledge on the Luxury Multi- designer brands and have experience on theE- comm side of the business- Implement efficient processes and standards- Evaluate risk and lead quality assurance efforts- Report on operational performance- Proven experience as Head of Operations, Operations manager or similar role- Outstanding communication and negotiation skills- Excellent organizational and leadership ability- Handled multipleluxurydesigner brands",1. Strong communication skills|2.good command of the English language|3. Good leadership and observational skills|4. Prev wok experience at a fashion house,"['standards- Evaluate', 'Head of Operations, Operations']"
96,Senior Frontend Engineer,"As a vue.js SoftwareEngineer, you will play a crucial role in designing, developing, and maintaining our high-performance webapplication. Your expertise in JavaScript and deep knowledge of vue.js will be key in developing our platform.Responsibilities:Develop and maintain high-performance, scalable vue.js applicationsWork with a team of engineers to design and implement new featuresTroubleshoot and debug complex code issuesWork with product managers and other stakeholders to gather requirements and ensure that applications meet business needsStay up-to-date on the latest vue.js technologies and best practicesQualifications:3-5 years of experience with vue.js developmentStrong understanding of JavascriptExperience with relational databases and SQLExperience with unit testing and continuous integrationExcellent problem-solving and debugging skillsStrong communication and interpersonal skills.",vue.js|Unit testing|typescript,"['JavaScript', 'practicesQualifications:3-5 years', 'SQLExperience']"
97,Assistant Manager – Customer Experience,"Job Overview:We are seeking a dynamic and customer-centric individual to join our team as an AssistantManager for Customer Experience. As the Assistant Manager, you will play a critical role inensuring that our customers have a delightful and seamless experience throughout theirjourney with our company. Your primary responsibility will be to support the CustomerExperience Manager in overseeing all aspects of customer interactions, focusing onimproving satisfaction, loyalty, and retention.If you are a results-driven leader who is passionate about customer service and has experience leading teams and implementing projects to improve performance, we encourageyou to apply for this exciting opportunity.Key Responsibilities: Customer Support and Communication: Provide exceptional customer support through various channels, including phone, email, live chat, and social media. Address customer inquiries, concerns, and complaints promptly and effectively, ensuring a positive resolution to each interaction. Collaborate with the Customer Experience Manager to develop standardized responses and guidelines for common customer queries. Team Management and Development: Assist in recruiting and onboarding new customer experience team members. Coach and mentor team members to enhance their skills in handling customer interactions and fostering a customer-first culture. Conduct regular performance evaluations and provide constructive feedback to team members to drive continuous improvement. Customer Journey Analysis: Analyze customer interactions and feedback to identify pain points and areas for improvement in the customer journey. Work with cross-functional teams to implement improvements to products,processes, and services based on customer feedback. Quality Assurance and Monitoring: Implement quality assurance measures to ensure consistency and excellence in customer interactions. Monitor and review customer interactions to ensure compliance with company policies and procedures. Customer Retention and Loyalty: Develop strategies and initiatives to enhance customer loyalty and retention. Proactively engage with customers to identify opportunities for upselling and cross-selling. Data Analysis and Reporting: Utilize customer data and feedback to generate insightful reports and metrics on customer experience performance. Present findings and recommendations to the Customer Experience Manager and other stakeholders. Process Improvement: Collaborate with relevant departments to streamline customer-relatedprocesses and workflows. Implement best practices and innovative approaches to enhance overallcustomer satisfaction.Requirements: Minimum of 2 years of experience in a customer service leadership role and anAssistant Manager. Proven experience in customer service or customer experience management, with atleast 4+ years in a supervisory or team leadership role. Excellent communication and interpersonal skills, with the ability to empathize andbuild rapport with customers. Strong problem-solving and conflict resolution abilities. Analytical mindset with the ability to use data to drive decisions. Proficiency in customer service software, CRM systems, and other relevant tools. Leadership qualities with a focus on team collaboration and development. A passion for delivering exceptional customer experiences and a customer-centricmindset.",MS- Excel|Team management|communication and interpersonal skills|analytical and problem-solving skills|Outbound process management,"['AssistantManager', 'CustomerExperience', 'Key Responsibilities', 'Team Management and Development', 'Quality Assurance', 'Customer Retention', 'Data Analysis']"
98,Marketing Specialist,"We are seeking a talented and passionate full-/me Marke/ng Professional to join She Capital- a VC fund focussed on women led startups. The ideal candidate will have a background inmarketing, content creation, and community management. As a Marketing Professional, youwill be responsible for developing and executing marketing strategies to promote our brand.Your primary focus will be on creating compelling content that resonates with our targetaudience and building and engaging with our community.Key Responsibilities:- Develop and implement marketing strategies that align with our business objectives andbrand positioning- Create compelling content across various platforms, including social media, blogs, emailnewsletters, and other marketing collateral- Manage our social media channels, including creating and curating content, schedulingposts, and responding to comments and messages- Build and engage our community through events, webinars, and other engagementinitiatives- Analyze and report on marketing metrics to track the effectiveness of our campaigns andmake data-driven decisions",Bachelor's degree/ Internship experience in Marketing|Communications|or a related field|Preferable experience in marketing|content creation|and community management|Excellent written and verbal communication skills along with well-versed usage of platforms like Canva|Strong understanding of social media platforms and digital marketing strategies|Ability to work independently and manage multiple projects simultaneously,"['Marke/ng Professional', 'VC']"
99,Content & Design Associate,"Overall ResponsibilitiesDesigning, creating, and executing quality social media content including ads, press releases, social media releases, pitches, and blog posts Consistently brainstorming and collaborating with team for new ideas and strategiesBuilding a following for the brand on social media with creative work Creating compelling headlines and body copy that will capture the attention of the target audienceIdentifying customers needs and recommending new content to address gaps in the company's current contentCome up with valuable ideas or suggestions and catchy captions for social media postsInvolvement in all aspects of the communications and marketing initiatives/objectives with a high standard of initiative, creativeness, efficiency, and economyRequirements In-depth social media know-how (Primarily Instagram + YouTube, Facebook, Twitter, and forums/discussion groups like Quora)Flair for writing crisp and effective copyKnowledge of Canva/Photoshop/video editing tools is an advantage Excellent verbal and written communication skillsCreative and innovative thinker and planner Confident in producing work across multiple platforms An intent & effort to learn and grow holisticallyWhy should you consider us seriously?We are reimagining the why, what, and how of our education system.We empower students to figure out what matters to them and how to capitalize on their talents, skills, and mindsets.If you have ever had to set aside your passions because you had to choose the safe option - avenge yourself now!All of our employees are superheroes - Fundamentally, we believe in people and our ability to change the world. All of us at The Big Red Group have a vision for how we would radically move the world forward and do audacious things - if you are a dreamer and a doer - you should consider joining us!",,"['Facebook', 'Canva/Photoshop', 'The Big Red Group']"
100,Lead UI Designer,"Job Responsibilities:Love for creating aesthetic interfaces with minimal design. We love Dieter RamsHighly proficient in visual design principles (Typography, Visual weight, Color theory among others) and experience applying them in web and mobile projectsAs a lead, excellent organizational, time and project management skillsOutstanding attention to detail, Artistic eye for design & Ability to think creativelyAbility to create, mockups & Prototype UI quickly to iterate with users & stakeholdersEnthusiasm to learn, iterate and improve, humility to take design critique objectivelySkills Required: UI Designers, Candidate Attributes:5+ years of experience as UI Designer or a similar role with leading a small teamProven experience (backed by a portfolio) with responsive visual interface design- demonstrating proficiency in layouts & grid systems, visual hierarchy, accessibility, animation, etc.Hands-on experience creating UI Design, prototypes, storyboards, micro interactions, etc.Experience designing complex applications for mobile and webAn understanding of the latest trends and their role in a Fintech environmentAware of capabilities and limitations of Web technologies such as HTML, JavaScript, and CSS.",,"['Visual', 'UI Designer', 'layouts & grid', 'UI Design', 'Fintech', 'HTML', 'JavaScript', 'CSS']"
101,Vendor Development Manager,"The Vendor Development Manager is responsible for developing and managing the company's vendor network. They are responsible for identifying and sourcing new vendors, and ensuring that vendors meet the company's quality and performance standards. They also work closely with other departments to ensure that the company's supply chain is efficient and effective.In addition, the Vendor Development Manager is responsible for building and maintaining strong relationships with vendors. This includes communicating regularly with vendors, resolving any issues that may arise, and providing feedback on vendor performance.Responsibilities: Identify and source new vendors.Build and enhance business relations with vendors.Ensure that vendors meet the company's quality and performance standards.Work with other departments to ensure that the company's supply chain is efficient and effective.Monitor vendor performance and identify opportunities for improvement.Develop and implement vendor onboarding programs.Conduct vendor audits.Build and maintain strong relationships with vendors.",Mfg experience from fabrication or precision manufacturing or both|Vendor sourcing|development & management|exposure to domain casting|forging|sheet metal|machining,"['The Vendor Development Manager', 'the Vendor Development Manager']"
102,Sr Backend Golang/NodeJs,"At Density, we are proud to be an Equal Opportunity Employer. We celebrate diversity, value our differences, and are committed to creating an inclusive environment for all employees. Other than that, we believe in horizontal structure, zero politics and we are offering -Create your own work schedule No decided work hoursNo question asked VacationsHorizontal structureHealth CoverESOPs for allSelf-development Academy Sessions from experts/code, quant campsFree Medical Treatment for you and your familySponsored Foreign tripsTech Gadgets to everyoneTeam outings, hobby clubs, celebrations, and parties",,"['VacationsHorizontal', 'Academy Sessions', 'Medical Treatment for you']"
103,Senior React Native Developer,"About Thrive:At Thrive, we are constantly looking for talented individuals to join us on our quest to help restaurants succeed online. Were looking for a person who is not afraid to wear many hats and enjoys a culture of freedom and responsibility. You will be given the trust and authority to try different things, explore ideas, fail, learn, adapt, and try again. Were a small team (think David) creating a food-delivery platform that is going up against large aggregator platforms (think Goliath). If you are someone who also wants to get their hands in different parts of the product, then a role at Thrive is perfect for you!You are excited about this opportunity because you will:Work on developing cutting-edge apps that provide an immersive and interactive experience for users.Develop React Native applications for both iOS and Android.Leverage native APIs for deep integrations with both platforms.Create UI Screen and Modules in both iOS and Android and integrate with React Native applications.Diagnose and fix bugs and performance bottlenecks for performance that feels native.What we are looking for:At least4years of experience with React Native.Deep understanding of React Native architecture and have built complex and scalable apps for both iOS and Android.Proficient in JavaScript, TypeScript, CSS and React.js and have a passion for writing clean and maintainable code.Worked with REST APIs, GraphQL, and WebSockets.Being able to work with key positions across the technical department, including product and UI&UX designers.Experience with deployment of applications on App Store and Play Store is a plus.Good debugging and problem-solving skills. Ability to conduct research and come up with solutions.Ability to multitask, organize, and prioritize work.Eager to learn new technologies for app enhancements.Prioritizes app performance and aesthetics.Experienced in unit/integration testing.At Thrive, were working towards an ambitious vision and in order to achieve that its imperative to build an open, transparent, value-driven culture. In that effort, we have tried to encapsulate nearly all the policies and practices that we use and plan to implement.Why join Thrive?Freedom&ResponsibilityTransparencyA remote-first organizationUnlimited leavesLearning/Education AllowancesHolistic GrowthAnd much much more.To get to know us better, take a look around our digital Company home:https://lnkd.in/ePASFfnCThe Company Home gives anyone the comfort to understand, even from really far away, what we are trying to achieve with Thrive as a platform, but more importantly as an organization.",React Native|JavaScript|TypeScript|CSS|React.js,"['Thrive', 'Create UI Screen', 'React Native', 'React Native', 'JavaScript', 'TypeScript', 'CSS', 'React.js', 'GraphQL', 'WebSockets', 'UI&UX', 'Company Home', 'Thrive']"
104,QA Manual,"Your day-to-day Analyzing users stories and/use cases/requirements for validity and feasibility execute all levels of testing (Smoke, Unit, Integration, and Regression) Detect and log software defects and inconsistencies. Collaborate with Product design and Engineering team You will be responsible for quality assurance of our products which span the following areas: Client facing E-commerce mobile app (Android) Internal web based dashboards. Apply quality engineering principals throughout the Agile product lifecycle Work with cross-functional teams to ensure quality throughout the software development lifecycle Conduct post-release/ post-implementation testing",,"['Regression)', 'Android']"
105,Senior Visual Designer,"Must have: A creative mind with strong interests and taste for producing pixel perfect designsolutions Strong problem-solving skills through visual design Always create design solutions with an user centered approachWhat You will Do: Create a Design &amp; Visual Communication Language and Best Practices Create Innovative Design Solutions, Intuitive UX and Technical Requirements Communicate Design and Values effectively with stakeholders Collaborate with the Teams to Critically Frame the Design ProblemsWhat You have Got A strong portfolio of work showcases the above qualities 8+ years of experience Strong Communication and interpersonal skills Organized and with high attention to detail Be skilled working in Figma Adobe Suite etc. Be opened to receiving feedback and constructive criticism A sense of humor!Key WordsVisual Design, Figma, Adobe",,"['Create a Design &', 'Visual Communication Language and Best Practices Create Innovative Design Solutions', 'Intuitive UX', 'Strong Communication', 'Organized', 'WordsVisual Design', 'Figma', 'Adobe']"
106,Inside Sales Exec/Sr. Exec.,"Onsurity is a rapidly growing employee healthcarebenefits platform that provides flexible and customised healthcare subscriptions for SMEs,start-ups, and enterprises. We believe that access to healthcare benefitsshouldnt be a luxury. It is this philosophy that has strengthened ourcommitmenttowardsmakinghealthcareaffordable and accessiblefor all. Our subscriptions include discounts on medicine orders, health checkups, fitness plans, free doctor teleconsultations, and insurance, among other benefits.We believe in inclusivity which meansour plansare notlimited to full-time employees. Wealsocovercontractual workers, interns, freelancers, and consultants. We encourage you toread more about usonwww.onsurity.com. You can also find us onLinkedIn,Instagram, and YouTube. Job Description: Strong communication and interpersonal skills with aptitude in building relationships with professionals at all organizational levels. Prior experience working in a B2B Saas/ CRM/ERP Sales background. Highly energetic Individuals who are always willing to stretch their boundaries at Work Target Driven folks who will not stop or settle for anything lesser than their assigned Targets Ability in problem-solving and negotiation Strong listening and presentation skills Ability to multi-task, prioritize, and manage time effectively Minimum 6 months of experience in inside sales team. Graduation in any subject. Responsibilities: Call customers who have shown interest in Onsuritys products through various acquisitions channels and convert leads to sales. Generate sales through cold calling on data provided by the company. Acquire a thorough understanding of customer needs and requirements. Expand the relationships with existing customers by upselling other relevant products. Serve as the link of communication between customers and internal teams. Route qualified opportunities to the appropriate on-ground sales team for further development and closure. Coordinate with Internal Stakeholders to ensure delivery of the highest standards of Customer Experience.",Communication skills|relevant skills,"['Wealsocovercontractual', 'Instagram', 'YouTube', 'Work Target Driven', 'Internal Stakeholders', 'Customer Experience']"
107,Performance Marketer,"Skill requirements for this role:2+ years of experience working with Paid Search and Google Ads either from an agency or a high-growth startupA deep understanding of Google Ads, Google Analytics, bid management and attributionA deep understanding of Facebook Ads ManagerA highly quantitative, analytical mindset and a technical doer with the ability to process and understand large data setsStrong writing, communications, and time management skillsA motivated, creative team-player with an entrepreneurial spirit, and a growth-mindsetEnglish, - fluent verbal and written is a must",,"['Google', 'Google Ads', 'Google Analytics']"
108,Full Stack Engineer,"Plan, design, implement and ship new products and features at a fast cadence agnostic to platformsand endpoints. Focus on code quality, new technologies, sound architectural and design decisions Take opinionated but data-backed decisions that impact end-user experience through design,aesthetics, speed or simply efficiency. With time, grow into a role where you can expand the team's overall knowledge by creating niche areasof expertise and being a resident consultant Expand expertise to multiple stacks and platforms. Write tests and audit and review code for best practices, vulnerabilities and missing finer details thatmake for the most delightful experience possible for our users.",NodeJS|Python|K8s|MySQL|React,[]
109,Retention Manager,"About Us:Supertails.com is a first-of-its-kind platform that supports the ever-increasing pet parent community by providing trustworthy veterinary care and a one-stop solution for pet food and supplies.Supertails.com is differentiated by its unique proposition of being a fully digital teleconsultation service made available through a team of highly experienced in-house veterinarians and behavior experts. With doorstep delivery services available across the country, the brand aims to bring pet parents closer to the largest assortment of pet supplies from India and across the globe.What you will do:Responsible for key KPIs of customer retention, frequency, Average order value of returning customers, LTV, conversion ratesWill be responsible to improve retained users / driving repeatDrive and monitor A/B and multivariate experiments to optimize key performance metricsResponsible for designing engaging customer journeys and loyalty programs to improve customer experience over the longer termManaging strategy and communication across all customer touchpointsExecuting the strategy across touch points in coordination with the acquisition team, customer delight, product, brand, supply chainCreating the required communication across channels in terms of content, video, text, audio, images, etc as required in coordination with the agency /in-house teamConducting customer research, survey, direct customer calls, and visits to understand customer feedback, profile, reasons for drop off, needsTesting, along with evolving our segmentation strategy and scaling our loyalty program to create a best-in-class experience for our customers.Work closely with key stakeholders in creative, marketing, technology vendors and more to develop and execute initiatives that drive customer loyalty and engagement.Develop robust measurement strategies both at the campaign level and at the customer segment level, to measure the short-term and long-term impact of communication/retention strategiesQualifications1+ years of work experience in e-commerce, growth functions, and product marketing (start-up experience preferred)Strong analytical skills, data orientation, and excellent written and oral communication skillsBachelors degree in Business, Marketing, or CommunicationsGood understanding of customer journeys - Retention journeys, website experience, delivery experience, etcExperience working with internal and external partners for increasing the lifetime value of customersGood understanding of multi-channel campaigns across email, push, in-app, WhatsApp, etcProven track record of growing and analyzing CRM/retention programs and experience in CRM tools like Clevertap, MoEngage, Adobe, etc.Strong foundation in cross-sell/upsell strategiesShopify experience is a plus",MS-Excel|Data-driven|CleverTap|CRM Tools,"['Supertails.com', 'LTV', 'Business, Marketing', 'CommunicationsGood', 'WhatsApp', 'etcProven', 'MoEngage', 'Adobe']"
110,Head of Compliance,"As the Head of Compliance at Hatio Innovations Private Limited, you will be responsible for overseeing and managing all compliance-related activities to ensure we operate within the framework of Indian regulatory requirements and international best practices. You will be a key player in maintaining the integrity of our operations and fostering trust with our customers and stakeholders. You will also act as the principal officer and primary point of contact for regulatory authorities and bodies including the FIU-IND, RBI, etc.Key Responsibilities:Regulatory compliance framework: Develop, implement, and continuously update compliance policies and procedures to ensure adherence to all relevant laws and regulations.Provide compliance support to stakeholders at various levels of the organisation to resolve compliance queries, strategize on new products and ensure compliance.Regulatory & policy developments: Closely monitor payments and fintech regulatory landscape for developments, provide insights on these and their impact on company strategy to internal stakeholders, support with drafting and communications with external stakeholders.AML/KYC: Oversee the development and maintenance of robust Anti-Money Laundering (AML) and Know Your Customer (KYC) procedures. Ensure that customer due diligence processes are thorough and efficient.Liaison with Authorities: Act as the primary point of contact for regulatory authorities, responding to inquiries, requests, and audits in a timely and efficient manner.Compliance Monitoring: Implement and manage a compliance monitoring program to detect and prevent violations. Investigate and report any suspicious activities to appropriate authorities.",Bachelor’s degree in law|finance|business administration|or a related field|5 years of relevant experience in managing AML/ CFT and Fraud Risk management team.|Familiarity with and exposure to laws relating to payments|fintech and banking and Virtual Digital Assets including RBI and NPC|Specifically looking for profiles who have liasoned with FIU-IND with reporting.,"['the FIU-IND', 'RBI', 'Key Responsibilities:Regulatory', 'Develop', 'Regulatory &', 'AML', 'AML']"
111,Product Designer,"What you will do:- You Will work as part of a cross-functional team: where design, product, engineering, accounts, legal, and sales come together to iterate existing products and invent new ones.- You Will talk with users: identifying their core problems, empathizing with their needs, and translating these into perfectly designed solutions.- You Will drive a culture that deeply values design, quality, and craftsmanship: You will help your teammates understand that everything we do -- from using appropriate design practices, to creating a beautifully designed workspace, to having delightful 404 pages -- speaks to our brand and affects how users view us.- You Will be an end-to-end designer: You will fill whiteboards with ideas and wall upon wall with post-its, thinking deeply about interactions, user flows, and how the product will organically grow. You will never be handed wireframes by a product manager and told to make them look pretty.- You Will prototype early and often : From paper prototypes to animations, to design in Sketch, Figma, you will dive in and build.- You Will take ownership of projects and manage multiple priorities against deadlines: If you see something that needs attention, you will take the initiative to make sure it gets addressed, regardless of whether it formally falls on your plate.",,"['Sketch, Figma']"
112,Sales Associate,"Responsibilities :Set practical growth targets and achieve them by managing a sales team.Tracking inventory and managing stock.Design and implement a strategic business plan that targets the company's existing and potential customer base.Present sales, revenue, and expense reports and realistic forecasts to the management team.Identify emerging market trends and shifts, while being fully aware of new products and rival companies.",,[]
113,Learning Operations Associate,"Roles & Responsibilities- Onboard learners into the program and ensure they have a great onboarding experience.- Plan and work with program managers and mentors on designing the schedules for the program and implementing the same.- Host and moderate live sessions for the learners in the program, ensuring the highest quality and value for the learners.- Execute effective feedback mechanisms to understand the health of the cohort and keep a tracker for the same.- Work with other stakeholders closely and help in executing timely communications with the learners.- Assist in any other ad-hoc tasks to keep the programs running in a smooth manner.Key skills: 1. Hosting and moderating live engagements on Zoom2. Attention to detail and tech-savviness to work with various tools.3. Hand-on experience with the basics of excel.4. Community management",,[]
114,BDM - Fabrication,"Identify and target potential customers within the target market for generation of structural fabrication business opportunities for the fabrication business vertical with clients from EPCs, PSUs & Steel and Power Plants.Regularly Meet leads to convert them into clients.Understand Custiv's strategic advantages and create sales strategies accordingly.Prepare and deliver presentations, sales proposals, negotiate pricing and terms, and close deals.Build and maintain strong relationships with key decision-makers and influencers in target organizations.Win deals and projects by managing client RFQs and clients by during sales cycle.Own the sales pipeline and convert maximum orders to meet or exceed sales targets.Convert RFQs into deals and development projects into production projects by using sales strategiesCollaborate with the engineering and production teams to ensure that customer requirements are understood and met.Actively engage in market research to identify industry trends, competitor activities, and new market opportunities.Understand client's product & expansion strategies to create suitable offerings to generate new business, RFQs.Follow up with clients for recurring orders to ensure maximum billing possible.Understand industry trends to create more business with existing and potential clientsProvide regular sales reports, forecasts, and updates to the management",Experience in handling EPC Clients|Steel & Power Plants Clients and PSU Clients,['& Steel and Power Plants']
115,Human Resource Associate,"About Us:Supertails.com is a first-of-its-kind platform that supports the ever-increasing pet parent community by providing trustworthy veterinary care and a one-stop solution for pet food and supplies.Supertails.com is differentiated by its unique proposition of being a fully digital telehealth consultation service made available through a team of highly experienced in-house veterinarians. With doorstep delivery services available across the country, the brand aims to bring pet parents closer to the largest assortment of pet supplies from India and across the globe.What you will do:Recruitment and Talent Acquisition - source and coordinate the hiring process in each department.Ideating and executing employee engagement activities, and driving innovative HR Initiatives.Coordinating with teams for Payroll and insurance.Creation and implementation of HR policies,and conducting training sessions for them.Ensuring employee safety, wellness, welfare, and health and dealing with employee grievances.Taking care of end-to-end onboarding and exit process for employees.What we offer:Competitive salaries.A well-planned insurance cover for you and your family.A team of smart, empathetic, and ambitious people who genuinely want to make a difference in the pet care space.A culture of ownership and mutual care so you do not just learn, but also thrive.Eligibility:Bachelor in a relevant field of study, Masters Degree (Optional but preferred) in relevant disciplines.2-3 years of experience in the human resources field.Comfortable with working in a startup environment.Past experience working on KekaAbility to coordinate and work as a part of the team.Efficiency in time management, multi-tasking, and can handle working under pressure.Good knowledge of Microsoft Office Suite, Google Sheets, and Google Forms.Location: Bangalore, Indiranagar (6 days working in-office)",MS-Excel|Communication Skills|Keka,"['Supertails.com', 'KekaAbility', 'Microsoft Office Suite', 'Google Sheets', 'Google Forms']"
116,Sales Analytics Manager,"Reporting:Design and create daily, weekly, monthly reports using Sales CRM data with metrics to monitor the sales process performance, individual FTE performance, and team performancePrepare dashboards with appropriate automation using the CRM, Google Sheets, SQL and PythonCreate appropriate API and data connections between CRM, calling tools, and various tools to enable tracking and analyticsMarketing Analytics: Create reports that monitor the impact on sales by organic and inorganic marketing activities, campaigns, target groups, & channels, which may include Online Ads, SEO, SEM, SMS, Email, Tele-calling, IVR, Chat, App conversions, etc.Strategy & Analysis:Continuously analyze and daily monitor the reports, lead generation data, sales agent performance data, and payment collection dataDevelop a strong understanding of different customer segments, appropriate products, and their sales journeysAnalyze data to derive actionable insights to optimize marketing & sales funnel, identify leakages & gaps, improve each sales FTEs & teams performance, and increase response & conversion ratesAlert sales team management & FTEs for action on detected optimization requirements, leakages, gaps, immediate customer issuesDiscuss remediation strategies with sales managers with an open mindPresent clear recommendations backed by data to leadership for approvalImplement optimization strategies & experiments within the sales teamDevelop reports to track the success of all new sales optimization initiativesPresent sales data-driven insights to the marketing team and brainstorm to identify new marketing funnel & campaign experimentsSupport marketing team in conducting new experiments and A/B tests and scale the successful initiativesData Management:Regularly monitor CRM data quality, propose methods to improve & enrich data quality with the objective of improving each leads experience and conversion probabilityManage leads data in the CRM, and allocate leads to different sales team members based on clearly defined criteria and strategies approved by managementEnsure that all data security compliances are followedPast Experience & Key Skills RequiredPassionate about sales & marketingBachelor's DegreeAt least 2+ years of relevant experience in analyticsSales/business development experience in a team environment, a plusHypothesis-driven thinker with a proven track record of providing actionable insightsExperience with data analytics and & reporting toolsAbility to effectively communicate through written reports and oral presentations with all levels of managementStrong project management skillsAbility to manage & lead multiple projects simultaneously in a fast-paced environmentStrong team collaboration skillsProficiency in MS Excel, Google Analytics, CRM tools, Statistical Analysis Softwares, Coding interfaces like SQL, Python, etc.Cultural FitYou love what you do: Everyone in the organisation is so passionate about what they do that the energy is contagiousYou respect everyone as good work relationships are built on mutual respectYou have a non-zero-sum mindset: You are not competing with anyone and believe in working together as a team towards a common goalYou are an open communicator: You believe in full transparency and open conflict resolutionYou are a hustler: You have a never-ending urge to move out of your comfort zone and learn as much as you canYour key values include integrity and kindnessAdditional RequirementsThis is a work from home/hybrid role.Integrity, professionalism, team collaboration, full dedication, and availability during the assigned working hours are paramount.Dedicated and separate high-speed Internet with at least 20 Mbps download and 5 Mbps upload speeds (no wireless or mobile-phone internet)Secure home office, free from major distractionsKeep company work & data 100% secure and not visible/accessible to any unauthorised person.",,"['FTE', 'Google Sheets', 'SQL', 'PythonCreate', 'API', 'SEM', 'IVR', 'Strategy & Analysis', 'management & FTEs', 'initiativesData Management:Regularly monitor CRM', 'Experience & Key Skills RequiredPassionate', ""& marketingBachelor's"", 'DegreeAt least 2+ years', 'MS Excel', 'Google Analytics', 'SQL', 'Mbps']"
117,Informative Content Writer,"Who you are: You Are passionate about everything Crypto and Web3.0 You take ownership and have a thirst for excellence with an impact driven and result oriented mindset. You thrive on change, have attention to detail and passion for quality You love exploring new ideas to build something useful and are always curious to learn.What you will do: Working knowledge and experience with SEO-Friendly copywriting across multiple content formats (Web, Youtube, Twitter, & other digital channels and platforms) Understanding the core needs of users & building evergreen highly engaging content along with a well-rounded distribution strategy. Maintaining best practices and developing online content in line with the brand vision, style, voice, tone, and compliance guides. Writing, proofreading, restructuring, editing, and publishing articles on our website and related pages using SEO best practices. Conduct detailed keyword research, Identify the most effective key phrases via search and Google Search Console learnings to build a strong internal linking architecture. Working collaboratively with Web, Product, Creative, Brand, and other Marketing teams along with ensuring effective management with all given projects and content workflows. Stay up to date on crypto industry trends to Research for new content categories/buckets to improve search visibility across different marketing channels (Website blog, App, Youtube)",,"['SEO-Friendly', 'users & building', 'SEO', 'keyword research', 'Google Search', 'Brand', 'Research']"
118,Operations Manager,"Candidate will be responsible for overall smooth operations of the company which involves leading supply chain, dispatches and Inventory management. Core responsibilities would be as follows: -Overall Smooth functioning of Dispatches for all channels-Inventory management for RM and Packaging-Reporting structure for all dispatches and GRNs-Predicting Demand in coordination with Offline, 3P and online channel heads-Coordinating with Production and Dispatch team for daily updatesSetting up systems and processes for better inventory and warehouse management.",data analytics|inventory management,"['Inventory', 'Packaging-Reporting', 'GRNs-Predicting Demand']"
119,Project Manager,"Project managers responsibilities include the coordination and completion ofprojects production on time. Oversee all aspects of projects planning and executionfrom the start to completion. Set deadlines, assign responsibilities and monitor andsummarize progress of project. Should have goodknowledge in ManufacturingProcess which includes Precision Machining, Die Casting, Investment Casting,Forging, Sheet Metal fabrication, Structural Fabrication etcResponsibilities: Coordinating resources and vendors for timely execution of projects. Ensure that all projects are delivered on time and within budget. Develop a detailed project plan to monitor and track progress. Assist in defining project scope and objectives, involvingall relevant stakeholdersand ensuring technical feasibility Manage changes to the project scope, project schedule and project costs. Create and maintain comprehensive project documentation Develop spreadsheets, diagrams, and process maps.",• B. Tech/BE in Mechanical Engineering/Manufacturing/ Industrial and production   Engineering.  • Relevant experience in Manufacturing Field.  • Excellent communication|organizational|multi-tasking|planning|management and   leadership skills  • Should have good analytical skills|ability to define and implement process and   strategies in place.  • Should have good skills in office.,"['ManufacturingProcess', 'Sheet Metal', 'Structural Fabrication etcResponsibilities', 'Manage', 'Develop']"
120,BDM - Precision Manufacturing,"Strategically identify and target potential domestic and international customers within the precision manufacturing market. Convert marketing-generated leads into high-value clients through expert communication and sales techniques. Develop and execute sales strategies that leverage Custiv's unique strengths and capitalize on market insights. Prepare and deliver compelling sales proposals, skillfully negotiate pricing and terms, and consistently achieve successful deal closures.Nurture and foster enduring relationships with key decision-makers and influencers within target organizations.Expertly navigate the sales cycle, adeptly managing client RFQs, winning competitive deals, and facilitating seamless project transitions.Take full ownership of the sales pipeline, ensuring maximum order conversion to consistently surpass sales targets. Utilize CRM software effectively to track leads, opportunities, and customer interactions, ensuring accurate and up-to-date sales information.Gain a deep understanding of clients' development and procurement cycles to create innovative strategies and hacks that accelerate activities and expedite deal closures.Collaborate closely with cross-functional teams, particularly engineering and production, to comprehensively understand and fulfill customer requirements. Maintain an active engagement in market research, diligently monitoring industry trends, competitor activities, and emerging market opportunities.Employ a deep understanding of clients' product and expansion strategies to craft tailored offerings that drive new business and generate RFQs.Proactively follow up with clients to secure recurring orders, optimizing revenue potential and fostering long-term customer loyalty. Stay ahead of industry trends, proactively identifying avenues for business growth with existing and prospective clients. Provide regular, detailed, and insightful sales reports, forecasts, and updates to the management team.",Mechanical Engineering with experience working in Manufacturing sector|Experience in managing US and European customers|leveraging in-depth knowledge of their operational processes to drive strategic deal closures|Negotiations|order closing|US Visa,['Custiv']
121,Full Stack Mean Developer,"Job ResponsibilitiesAbility to translate Wireframes and PSD Designs into functional web apps using HTML5, AngularJS, React , Node.js, and MongoBinding of UI elements to JavaScript object modelsCreating RESTful services with Node.jsArchitect scalable web architecturesWork in a cross-functional team to deliver a complete user experienceCreate Unit and Integration tests to ensure the quality of codeBe responsive to change requests and feature requestsWrite code that is cross-platform and cross-device compatibleAbility to wear many hats and learn new technologies quicklyExperience4 years minimum in creating complex SAAS based solutionsDetail oriented experience as a Web Developer creating Angular based solutions1-2 years with Node.js and ExpressAbility to work both independently and in collaborative teams to communicate design and build ideas effectivelyExperience using asynchronous RESTful services (JSON)RequirementsFluent knowledge of latest HTML/CSS standards and best practicesWorking knowledge of JavaScript and AngularJSWorking knowledge of Node.js and ExpressSolid Understanding of HTTP protocol and how server-side code is processed on the clientSome experience with Photoshop or Sketch is a plus (creating sprites, optimizing, cutting or adjusting images)Working knowledge of front end optimization and performance techniquesObsession with lean, clean and organized front-end codeCross-browser development and troubleshootingExperience building Responsive websites for web, tablet and mobile devicesEye for details is crucialAble to handle multiple projects and competing deadlinesGood understanding of overall web design including basic usability, accessibility, industry standards, architecture, and navigationPortfolio of work required. Include examples of all areas of interaction design (user flows, wireframes, final graphical display)Key WordsSAAS, Mean Stack, JavaScript, Node.js, Angular",,"['Wireframes', 'Node.js', 'UI', 'JavaScript', 'Node.jsArchitect', 'Unit and Integration', 'Node.js', 'ExpressAbility', 'HTML/CSS', 'JavaScript', 'Node.js', 'Photoshop', 'JavaScript', 'Node.js']"
122,Product Marketing Manager,"Role & Responsibilities Gain an in-depth understanding of the Product - its various features and the rationale behind how things are built out. Set up dashboards to closely monitor the behavior of users who are in a free trial and figure out leading indicators causing them to convert Set up user walkthroughs to drive adoption for new features Collaborate with the Product team to define other PLG activities to generate more leads for the Sales team as well as upsell opportunities for Customer Success team Understand upcoming product release and craft the story that can be shared withexisting customers as well as prospects Work with the Design and the larger marketing function to educate the larger audience about the key value propositions of SpotDraft across key social channels like Linkedin, Twitter etc. Be the de facto owner of the public facing SpotDraft website and ensure that we are communicating our story appropriately for any visitor who lands on that pageQualifications & Skills: 3+ years of Product Marketing experience at a SaaS company Excellent presentation, organizational, and communication skills (both written andverbal) Prior experience with making data-backed decisions Familiarity with analytics tools like Google Analytics, Amplitude etc as well as userwalkthrough solutions like Userpilot, Pendo etc. Bias towards to action - getting your hands dirty is a must Team-first mentality & growth mindset are a must.",,"['Role & Responsibilities Gain', 'Customer Success', 'SpotDraft', 'SpotDraft', 'Google Analytics', 'Userpilot', 'Pendo']"
123,Backend Engineer,"Job briefWe are looking for a Senior Software Engineer to produce and implement functional software solutions. You will work with upper management to define software requirements and take the lead on operational and technical projects.In this role, you should be able to work independently with little supervision. You should have excellent organization and problem-solving skills. If you also have hands-on experience in software development and agile methodologies, wed like to meet you.Job Responsibilities: Develop high-quality software design and architecture Identify, prioritize and execute tasks in the software development life cycle Develop tools and applications by producing clean, efficient code Automate tasks through appropriate tools and scripting Building robust, secure, high-volume performing, scalable microservices that operate24*7 to power the NoBroker platform for end customers. Working closely with our product team to build new and compelling experiences for ourcustomers. Collaborate with internal teams and vendors to fix and improve products Document development phases and monitor systems Ensure software is up-to-date with the latest technologiesRequirements: B.Tech/B.E. from a reputed college or related technical discipline with 2-6 years of experiencein following Technology and programming methodology : Work experience as a Java Software Engineer, Java Developer, or similar role In-depth knowledge of Spring Boot and Hibernate Hands-on working experience with Scalable and fault-tolerant applications. Extensive experience in software development, scripting, and project management Priliminary knowledge of MySQL is needed and NoSQL ( MySQL, MongoDB, Redis, Elasticsearch) is an added advantage Analytical mind with problem-solving aptitude Good delegation and time management skills High adaptability in a dynamic start-up environment.",,"['Develop', 'operate24', 'NoBroker', 'Ensure', 'B.Tech/B.E.', 'Redis', 'Elasticsearch', 'Analytical']"
124,Head of Finance,"Responsibilities :Oversee the financial strategic planning of the company by evaluating its performance and potential risks.Build investor relations and responsible for raising funds with respect to debt and equityTo be responsible for financial due diligence procedures of proposed acquisitionsPerform regular financial analysis.Develop budgets that meet the requirements of company functions.Establish targets and manage all accounting and finance employees including management accountants and internal auditors.Supervise all audit and internal control processes.Prepare detailed reports on the companys financial performance.Guarantee compliance with financial laws and guidelines.Recognize patterns in company spending, revenue, and recommend solutions to any problem areas.Coordinate with external financial entities on behalf of the company.Qualifications:Bachelor's/Masters degree in Finance or Accounting;10+ years of experience in financial managementOutstanding leadership skills.Ability to work and effectively communicate across functionsExcellent business judgment, analytical, and decision-making skillsStrong demonstrated use of account tools and softwares",,"['equityTo', 'Finance']"
125,Software Engineer (Data Platform),"As a Big Data Engineer, you will be working on.Developing Sundials Complex Analytical Model that powers the core Sundials Narrative Science PlatformBuilding the Analytics-as-a-Platform that runs the novel algorithms and frameworks by transforming clients' data to Sundial Analytics ModelWork with customers and data scientists to understand the data gaps and expand the Analytics ModelYou will have.Familiarity with Big Data processing engines like Presto, BigQuery, Athena, Spark or RedshiftExperience designing, implementing and maintaining data engineering tools and systemsHas working understanding of public clouds like AWS, Google Cloud or Azure Has strong working experience with Python, Golang or other data-centric languages Bachelors or Masters in Computer Science or work experience in a related field. Hiring across all experience levels.You will probably like working with us if.1) You like the ownership, camaraderie and chaos of a start-up environmentStart-ups are not right for everyone. Things move quickly and change frequently. Start ups have not ""made it"" yet. We have to convince customers we are valuable enough to them. We must be scrappy and flexible. Everyone will wear lots of hats.But: if you have future aspirations of being an entrepreneur or leader, you will find few better learning grounds. You will learn by doing. You will be given a ton of trust and responsibility. You will see very transparently how we operate and make decisions. Your work will absolutely matter to the success of our company.2) You value learning and have a growth mindsetBig Data Engineer at Sundial 2Sundial is founded on the idea that slope is far more important than intercept. We are a learning environment, and all of us have something to teach and learn from each other. We invest heavily in learning sessions, sharing insights, and reflecting on our growth. We are also very well connected within the open-source frontend developer community (React, next.js etc) and lean heavily into that network to learn and make good decisions. Wondering what went into designing d3? Let us get on a call with Mike Bostock. ;)3) You are interested in understanding how companies grow, and how data plays a roleUnlocking the secrets of data is our bread and butter. How do successful companies grow? How do different types of businesses create value for users in an economically scalable way? If you find this area to be as fascinating as we do, that is awesome, because you are going to become an expert in this domain. :)4) You love to solve engineering problems at the intersection of data science and design problems in the booming data analytics space.Data scientists unlock the secrets of data using complex algorithms. We believe that how they are presented are as important as the quality of secrets themselves. This poses novel and unique engineering challenges that require a creative and inquisitive mind for solving them. Some of the challenges are building a platform that enables many different ways to explore and explain the data.",,"['Big Data Engineer', 'Sundial Analytics ModelWork', 'Analytics', 'Big Data', 'BigQuery', 'Spark', 'RedshiftExperience', 'Golang', 'Masters in Computer Science', 'Sundial 2Sundial']"
126,Copywriter,"About UsSupertails.com is a first-of-its-kind platform that supports the ever-increasing pet parent community by providing trustworthy veterinary care and a one-stop solution for pet food and supplies.Were differentiated by our unique proposition of being a fully digital telehealth consultation service made available through a team of highly experienced in-house veterinarians. With doorstep delivery services available across the country, we aim to bring pet parents closer to the largest assortment of pet supplies from India and across the globe.What you will do:Write copies for various channels like social media, website content, digital ads, WhatsApp, Emailers, Push Notifications, and SMSes to name a fewBuild a brand strategy to further drive brand awareness and salesIdeate on campaigns and see them through executionCross-collaborate with multiple teams across the organization and stakeholdersBe the master wordsmith of our team, crafting compelling and captivating copy that engages our audience and drives resultsCreate messaging that resonates with our target market and positions us as a leader in our industryDevelop a wide range of content, from catchy headlines and taglines to long-form articles and newslettersTake ownership of your work and make a real impact in the pet care spaceWho we are looking for:Minimum 2-5 years of copywriting/content writing/brand strategy/social media management experienceProficient in spoken and written EnglishA hawkish eye for detail when it comes to punctuation, grammar, and spellingA knack for creativity, not just with words but also with ideasUp to date on trends and newsUnderstand the tonality needed to write for the audienceExperience with writing for different mediums and channelsUnderstands how marketing campaigns are devised. Your insights and words should be coherent to create impactful brand campaigns.Pet parent (Mandatory)Able to work under pressureWe are looking for people with innovative ideas We prefer candidates from the e-commerce spaceThey should have written long and short form copyPet parent (Mandatory)What we offer:Competitive salariesInsurance for you and your pet(s)Working with a team of fellow pet lovers who are empathetic and ambitious about making a difference in the lives of petsA work culture of ownership and mutual care so you do not just learn, but also thriveMedia links:https://yourstory.com/2021/06/ex-licious-digital-pet-care-supertails-saama-deepika-padukone/amphttps://retail.economictimes.indiatimes.com/news/food-entertainment/personal-care-pet-supplies-liquor/petcare-startup-supertails-raises-10-million-in-series-a-funding-round/95393428",Excellent Written and verbal communication|Pet parent|out-of-the-box thinking,"['WhatsApp', 'Emailers']"
127,Business Development Manager,"About the jobLet's start with a storyAnjali is a B.Com graduate from a small town in India. She shifted to Bangalore 6 months ago and has been hunting for jobs since then. She installed the Able Jobs app and learned how to pitch a product. After a couple of weeks of rigorous online training, she got a job as a Business Development Executive in a growing startup.Imagine millions of Indians consuming our content to be victorious in their toughest phase of life: landing a good job. It requires intense empathy for job-seekers with a deep desire to make them successful and make a meaningful impact in their life and to nation building.We are on a mission to eradicate unemployment. We have already placed 25,000+ people in 2 years since our inception in top companies like Amazon, Flipkart, ICICI Bank & more. Our app trains freshers and helps them crack a job in just a few weeks. We also help companies hire entry-level talent. We are backed by world-class investors like Y Combinator (early investors of Meesho, Zepto, Groww, Razorpay & more) and Elevation Capital (early investors of Paytm, Swiggy, Urban Company, Sharechat, Meesho & more)Whom we are looking forOne who is a hustler.You believe in moving fast and coming up with creative solutions to top problems. We are looking for a high-ownership, problem-solving individual who will be directly responsible for enrolments for the Able Jobs app. You should also haveExcellent communication and organizational skills to get things doneGoal driven and hardworkingRoles and ResponsibilitiesManage a team of BDA's and ensure that we hit our sales goalsClosely work with BDA's in pitch improvement and increasing efficiencyManaging different lead buckets and ensuring proper conversion rates across all of themResearching prospects and generating leads for our different app channelsTaking initiatives across the sales process and creating playbooks for scale-upBuilding, managing the sales team, and defining org structure for the teamClosely work with the marketing to provide visibility and optimize on application funnelWork with the product and tech to set up the automation processEligibilityA strong background in inside sales or consumer salesLove for students, you can convince people to motivate the team, and get the work doneYou are data-driven and collaborate with other team members effectivelyAt least 2-5 years of experience in a B2C sales team handling roleWhats in for you?Work on an exciting growth problem and challenge the incumbentsBe the first member of the growth team and build a growth engine ground upWork on a unique problem and help millions of people get their first jobWork with a Y Combinator & Elevation Capital-backed startup and directly with founders from amazing companies like Udacity, and Yatra",,"['Bangalore 6 months ago', 'a Business Development Executive', 'Amazon', 'Flipkart', 'ICICI Bank & more', 'Meesho, Zepto, Groww, Razorpay &', 'Elevation Capital', 'Paytm, Swiggy, Urban Company', 'Meesho &', 'BDA', 'BDA']"
128,Campaign Manager,"Responsibilities :Create, manage & run on Google Ads, Facebook Ads Manager, YouTube Ads and Instagram Ads etc. to meet business objectives.Optimize the campaigns on a daily basis, monitor & maintain key metrics like CTR's, Installs, Campaign Budgets and ROI.Apply an experimentation mindset to marketing campaigns to drive, test, learn, and optimize. Continuously conduct A/B testing across all channels.Provide ongoing reporting, campaign insights and pacing towards goals to stakeholders.Work with data to arrive at insights and strategies.Suggest and develop new campaigns across multiple channels.Requirements :1+ years of experience as a Campaign Manager, Marketing Analyst, Marketing Strategist, or any relevant position in Marketing.Strong analytical mindset and creative thinking ability.Knowledge & understanding of end to end app install acquisition, lead generation, various campaign types, ad formats & channels that drive cost effective conversions is must.Teamwork and interpersonal skills.Excellent communication skills(Verbal and written).Experience with A/B testing, experiment design, campaign analysis.",,"['CTR', 'Marketing Analyst', 'Marketing Strategist', 'Knowledge &']"
129,Social Media & Content Experience Manager,"JOB DESCRIPTION:SOCIAL MEDIAOwnership of the following channels- Instagram, YouTube, LinkedIn, RedditCreate a social presence that drives awareness, engagement & growthIdeation and content creationOnline events- AMA, Webinars, Influencer collabsBuild and sustain a framework of content creation during online/offline workshopsEnsure that the brand is projected in the right manner across all social media channelsResponsible for all the content that freelancers create for BRG teamCOMMUNITY MANAGER:Bring together all the BRG alumni on one platform, nurture relations andensure that it is a self-sustaining safe space for all.Organizing various community-building initiatives to cultivate and growparticipation in community forumsCONTENT DESIGNER:Develop content for multiple platforms, such as websites, email marketing, product descriptions, videos, and blogs.Monitor and evaluate the performance of marketing campaigns through blogs and email marketing.An impeccable grasp of the English language, including idioms and current trends in slang and expressionsUse search engine optimization (SEO) strategies in writing to maximize the online visibility of a website in search results.",,"['Instagram', 'YouTube', 'RedditCreate', 'AMA', 'Webinars', 'BRG teamCOMMUNITY', 'BRG']"
130,Product Manager,"Qualification : Bachelor's degree in Engineering, Business, or a related field; MBA or advanced degree is a plus.Manage and optimize the existing suite of digital manufacturing products to drive growth and enhance customer satisfaction for our diverse range of stakeholders.Identify new product opportunities and develop innovative solutions to address the challenges faced by Indian manufacturing SMEs, MSMEs, top OEMs, MNCs, and EPCs.Collaborate with cross-functional teams, including engineering, design, marketing, and sales, to ensure timely product development and delivery for our stakeholders.Conduct market research and competitor analysis to understand the evolving needs of our target market and inform product strategy.Who you are:Having experience in a complete product development lifecycleShould be from a product companyRight from ideation, conceptualization, formulation and roll outSomeone who had an entrepreneurial experience, previously, would be an added advantageManufacturing experience is not mustShould have team leading experience, ability to interact with different stakeholders, ability to conceptualize the feedback from the stakeholders in product development",Analytical skill|Problem solving skill|Decision making skill,['Bachelor']
131,Frontend Developer (React),Must-Haves: 2-5 years of experience on a JS framework At least 1+ years of experience in React jQuery or AngularJs v1 experience will not be counted. Strong CSS3 fundamentals. Flexbox is a swiss knife. But a fort is not meant tobe built only with swiss knives :) At least 1 year of hands-on experience on any of the preprocessors likeStylus/LESS/SCSS/Sass You have translated designs to pixel perfect frontends for a product at scale Must understand REST APIs and know how to interface with them,,"['JS', 'AngularJs', 'Flexbox']"
132,Sales Associate,"Operational:Monitor sales process by devising customer mix, positioning, pricing, and payment schedules based on delivery schedulesHandling Sales through enquiries and assisting them with product knowledge to boost sales of the company.Participating in Property expos to promote Projects.Involving in corporate presentation and promotional activities.Following up for collections and receivables.Meeting the targets fixed by the management.Develop marketing and sales strategies to build consumer preference.Manage pre-sales and post- sales activities to ensure accomplishment of sales targets and drive volumes.Undertake Above-the-Line (ATL) and Below-the-Line (BTL) promotional activities and maintain healthy business relations with B2B business associates.Work on worksite campaigns, lead generation and sales closures, delivering after sales assistanceTrack competition &amp; real estate market movement, evolving marketing &amp; sales strategies in line with current market scenarios driving new initiatives for the regionConduct surveys to collect customer feedback and market intelligence related to projectEstablish a robust framework to ensure effective validation of customer documentation for saleRespond to customer queries for our projects in a timely manner.Work with Corporate marketing and branding team for project and provide inputs from customer perspective.Ensure post sale deed documentation with Legal teamTimely handover of all customer related information to the Facility Management team post possessionReport achievement against sales target and initiate activities to increase sales",,"['Projects', 'the Facility Management']"
133,(Sr) SDE - Backend - PHP & Laravel,"What you will doOwn design, strategy, and quality of software development for your teamTranslate objectives into iterative MVPs, evaluate, and then refactor into a scalable and extensible designDesign & develop highly scalable, reliable, secure, and fault-tolerant systems and code base with minimal guidanceCollaborate with other engineering teams to learn and share best practicesResearch new technologies and tools to improve your own products and processesExercise high ownership and initiativeWhat you will needAt least 1 year of experience working in a funded startupAt least 3 years of relevant software development experience; hands-on experience in designing and implementing low latency RESTful services, with knowledge of PHP and LaravelProficiency in OOP, SQL, Design Patterns, and software best practicesExperience in working on a SaaS product (preferred)",,"['PHP', 'LaravelProficiency', 'SQL', 'Design Patterns']"
134,Operations Lead,"Requirements- Entrepreneurial mind set and working style self-starting, highly accountable, strongability to anticipate problems and define and implement effective solutions; strongdesire to win; high output- Highly structured and organized to build and manage processes.Responsibilities1. Liaising between multiple stakeholders to ensure seamless launch of the Flexi-Stores 2. Undertake strategic work of building the Flexi-Store model across various sales andmarketing channels3. Interact closely with on boarded brands and assist them with LiteStores offerings.Desirable skills1. Prior experience in project management and working in startup environments.2. Have a commercial bent of mind and strong interpersonal skills to manage internal andexternal stakeholders.",,"['channels3', 'LiteStores']"
135,Operations Associate,"Roles & ResponsibilitiesEnsuring timely content distribution and handling operations around it.Work with program managers and mentors on resolving key issues affecting the program experiencePlanning and handling key communications with students across the programs with extreme professionalism.Exhibit analytical and problem-solving skills for monitoring the performance of cohorts and implement actions to improve the learning experience.Schedule and run sessions with mentors and handle operations around it.Key skills:1 to 3 years of operations experience in edutech/e-commerce.Excellent communication, written, collaboration, and planning skills with attention to detail.Very good Excel skills & Adapt to technological advancements and applications that will help make business more efficient.",,['Roles & ResponsibilitiesEnsuring']
136,Quality Automation Lead,"Illumine is a rapidly growing provider of innovative childcare software, used by early schools to enhance teaching, learning, and child management processes. Our software is developed using cutting-edge technologies such as Android, React, and React Native, and is designed to streamline communication between educators and parents while promoting efficiency and effectiveness in early childhood education.**Job Description:**We are seeking a dedicated and experienced Quality Assurance (QA) Lead to ensure that our software products meet the highest quality standards. You will lead a team responsible for developing and executing test plans, documenting and resolving defects, and working closely with our development and product teams.**Responsibilities:*** Establish and evolve formal QA processes, ensuring that the team is using industry-accepted best practices.* Develop and execute test plans to ensure that all objectives are met.* Implement and maintain testing strategies, including manual and automation testing.* Develop and implement automation frameworks and strategies to expedite test execution.* Ensure that all bugs are tracked and reported appropriately using tracking tools (e.g., JIRA).* Oversee all aspects of quality assurance including establishing metrics, applying industry best practices, and developing new tools and processes to ensure quality goals are met.* Lead and mentor QA team members, as well as manage outside contract testers.* Act as a key point of contact for all QA aspects of releases, providing QA services and coordinating QA resources internally and externally.* Work closely with development and product teams to ensure a high standard of quality in our products.* Review tools implementations and encourage best practices and sound design methods.",automation|experience of laying down framework|ci/cd|good communication skills,"['Illumine', 'Quality Assurance', 'QA', 'QA', 'QA', 'QA']"
137,SDE 3 - Backend,"ResponsibilitiesWork closely with engineering and product managers to detail the engineering scope.Work with Engineering and DevOps functions to ensure system reliability, availability and scalabilityContinuously champion high-quality software engineering practices - from planning, implementation, test automation, documentation, code reviews, scaling, performance, metrics, logging, and monitoring - essentially the entire software development lifecycleEnsure the code developed is fully functional and bug-freeEvaluate existing and future cloud-based services to increase the efficiency of our team and/or business.Grow yourself and your team - mentorship enables everyone to learn and improveAbility and eagerness to manage people.RequirementsExperience required: 4 - 8 yrsMinimum 5 years of experience as a software developerProficient in any of the major programming or scripting languages (Java, Python, JavaScript, Golang, Ruby on Rails, etc.). Python is preferred. At Least 1-year of experience in Python is required.Proficient understanding and hands-on experience on Data structures and algorithmsGood at problem-solving skillsProficient understanding and hands-on experience on Object-Oriented Programming and Design patternsProficient understanding and hands-on experience on Django/Flask is preferred.Proficient PostgreSQL or similar relational databases (non-relational databases a plus)Experience in test-driven development is a plus.Proficient with agile software development processes for building distributed systemsSelf-driven to tackle challenges head-on and achieve goalsExcel in troubleshoot complex systems problems, debug, and find root causesExcel at working in small, dynamic, and fast-paced groupsMotivated to not just make things work, but make things work at scale.Curiosity and capacity to learn.Ability to communicate in written and spoken EnglishGood team player with a drive to achieve morePreferably with team leadership experience",,"['DevOps', 'JavaScript', 'Golang', 'Data', 'Object-Oriented Programming and Design', 'Django/Flask']"
138,Technical Support Engineer,"Key responsibilitiesBe appropriately availableAs a technical support engineer, you are responsible for being available to support our customers (internal & external) according to the agreed SLAs and OLAs. At any point there will have to be a technical support engineer for ensuring business continuity, therefore it is each Support Engineer's responsibility to coordinate their work schedule with their manager as well as to coordinate day-to-day availability for ticket work with their support team members.Meet the SLA TargetEach ticket reported by the customer will be having an associated SLA (defined based on the priority) and you must meet the SLA targets for each of the tickets that are assigned to you. You are also expected to be a good team player in helping your team members to meet their SLA targets.Process AdherenceYou must strictly adhere to the defined process, SOPs, and policies while you do your technical support activities. This includes triaging the tickets, meeting the SLAs of the tickets, strictly following the daily standup protocols, proactively monitoring the alert systems, and taking appropriate actions as per the SOPs.Maintain good progress through to resolution on all your ticketsThis is the core responsibility of a technical support engineer and succeeding here requires a balanced application of technical and nontechnical skills. You will have to start your work on each ticket with a clear restatement of the problem as you understand it. You will have to give a clear ETA (not exceeding the defined SLA) to accomplish the ticket. Any spills in the ticket delivery must be discussed in daily standups to be informed to the lead and most importantly keep the creator of the ticket informed.Being Participative in your shiftsYou must be available for your shifts and strict time discipline must be adhered to. You must meet all defined SOPs, policies, and procedures. You must respond to alerts within the required time before the alert is escalated. You must successfully carry out the escalations and communication and resolution processes defined for incidents, downtime, and unavailability issues.Documenting KnowledgeDevelop the trait of documenting the system & process knowledge, as the technical support engineers take part in on-call duties, and technical production support they gain sustainable historical knowledge, and to ensure seamless flow of information between teams, you will have to document the knowledge gained.Team PlayerYou should proactively communicate to resolve dependencies within and outside the team. You should build the ability to preempt conflicts within the team and resolve them if required. As a knowledge giver, you should foster a culture of learning and sharing knowledge within and across squads. You should engage in conversations that are objective and data-driven. Understand the organizations culture code and streamline conversations and activities that will further instill this code.Value/Mission AlignmentBe a champion for CareStack within the product team. Help drive workplace and cultural norms within your business unit that align with CareStack company values.As a Technical Support Engineer, you will be,Taking ownership of customer issues reported and seeing problems through to resolution.Following standard procedures for proper escalation of unresolved issues to the appropriate internal teams.Ensuring proper recording and closure of all issues.Documenting knowledge in the form of knowledge base tech notes and articles.Following the SLA for issues concerning the severity.Monitoring the reliability and availability of the system.Taking appropriate actions & resolutions on issues reported in monitoring & alerting.Managing the incidents through appropriate communications, periodical updates, and report on the closure of issues.Ensuring ensure proper analysis and logging of all issues.Troubleshooting and resolving all the infra-level issues depending on the complex nature of the problem.",,"['internal & external', 'SLA', 'SLA', 'ETA', 'KnowledgeDevelop', 'Value/Mission AlignmentBe', 'CareStack']"
139,Customer Success Specialist/Manager,"ResponsibilitiesHelp implement processes to: Support the company in maximizing its revenues Support customer on-boarding by developing, proposing and explaining different payment plans after carefully understanding customers needs, situations and preferences Help customers apply for loans if needed and guide them through contracts Negotiate payoff deadlines and payment plans with customers and lenders Coordinate with loan providers for loan approvals, academic team for course access Keep track of customers payments to identify outstanding debts Update customer account status and database regularly Locate and contact debtors to courteously inquire and remind them about their payment status and reduce outstanding balances Ensure learners learning does not stop by coming up with creative solutions to help learners in making payments and improving the companys collections efforts Handle any questions and concerns, investigate and resolve any discrepancies regarding the payment process Alert management and the academic team of debtors unable to pay when necessary, and collaborate in identifying solutions to support the customers Comply with all legal requirements whenever requiredPast Experience & Key Skills Required Proven 1-2 years experience as a customer success or collections specialist, preferably with B2C clients Experience working with targets and tight deadlines Excellent verbal and written communication skills in English Strong interpersonal, conflict management, negotiation & people skills. Should be able to handle escalations Deadline and detail-oriented and very comfortable working in a fast-paced and open/ flexible environment Ability to be polite and compassionate while demonstrating confidence Strong understanding of control and compliance and due diligence process for the entire collection process Working knowledge of MS Office and databasesAdditional Requirements This is a work from home/hybrid role Integrity, professionalism, team collaboration, and full dedication/availability during the assigned working hours are a key requirement Dedicated and separate high-speed Internet with at least 20 Mbps download and 5 Mbps upload speeds (no wireless or mobile-phone internet) Secure home office, free from heavy background noise or major distractions Keep company work & data 100% secure and not visible/accessible to any unauthorized person",,"['Update', 'Ensure', 'MS Office', 'Mbps', 'Keep']"
140,Head of Business,"Responsibilities :P&L ownership for the brands - management of topline and bottomline, product returns and inventory mixWorking with the brands original founder / promoter and their existing team to carry out a smooth business transition to Evenflow BrandsProcess development, operational planning to support forecasting and new launchesResearching, analyzing data and market insights for the category to double down on the winning SKUsWorking closely with cross functional teams to deliver on targetsWeekly and monthly tracking of business metrics to monitor goals and diving deep where needed to drive continuous improvementResearch competitors and suggest appropriate pricing and promotional activitiesBuild and maintain long-term relationships with ecommerce channel partnersBuilding long term brand strategy - omnichannel, social, D2C, international to further drive the growthUnderstanding of AOP & operations during BAU / eventsCreating playbooks, SOPsQualifications:Bachelor's/Masters degree with 10+ years of experience in E-commerce/D2C industryAttention to details, & hands on approach to solving problemsStrong analytical and interpersonal skillsSelf motivated, with a strong bias for executionAbility to work and effectively communicate across functionsExcellent business judgment, analytical, and decision-making skillsProven leadership skills, with the ability to coach and scale people",,"['D2C', 'AOP &', 'BAU', ""Bachelor's/Masters""]"
141,customer relationship executive,"1. Connecting with our existing customer over the calls.2. Understanding clients concern and providing them with the appropriate solutions3. Resolve customer complaints and issues effectively, demonstrating empathy, patience, and professionalism at all times.4. Build and maintain strong relationships with customers, fostering loyalty and trust through exceptional service.5.Act as the primary point of contact for inquiries, complaints, and requests, ensuring a positive and seamless customer experience.",good communication|customer relation,['solutions3']
142,Head of Sales and BD (Supply),"Company Overview:Jugyah is a startup that is revolutionising the real estate market in India. Our end-to-end digital process eliminates security deposits and brokerage fees, making renting and leasing more accessible to everyone. We are building the AirBnB of long term home rentals in India. A 100% digital technology enabled brokerage focused just on home rentals. Nothing like this exists in India today and global comps are Quinto Andar (last valued at $5.5 bn) and Lianjia (IPO in NYSE at $87 bn).Jugyah is backed by some of the top investors in the ecosystem such as Harsh Jain (Founder of Dream11) and Kunal Shah (Founder of CRED and Freecharge) and some of the largest developers in the country such as Prestige, Lodha, and Godrej. Founding team is comprised of Ex-Harvard/ Cambridge/ Columbia and BITS Pilani graduates and folks who have worked at Nutanix, Nestaway and some of the largest real estate firms globally.As a Head of Sales and BD (Supply) you will be a vital part of our team, responsible for acquiring new properties, onboarding landlords, developers and housing societies and forming and maintaining real estate partnerships to expand our offerings.Job Description:We are seeking a highly motivated and experienced Head of Sales and BD (Supply) to join our team. The ideal candidate will have at least 3 years of experience in the real estate/prop-tech industry and be comfortable working in a startup environment.Responsibilities:As the Head of Sales and BD (Supply), you will be responsible for developing and driving sales and recruitment strategies that will onboard rental properties from various channels such as landlord, brokers and developers.Outline our sales strategies and objectives to ensure we meet or exceed our sales goalsDesign an end-to-end Sales process and run it with your sales team and sync with the CEO to make sure it worksDevelop long term relationships with brokers and other channel partners.Evaluate the teams sales performance and drive continuous improvementEnsure our sales staff achieves their goals by making sales plans for each sales representative, setting individual sales targets, assigning territories, and managing their ongoing training programsManaging and motivating sales staff in sales techniques and other training development programsDeveloping and implementing sales and recruitment strategies i.e., sourcing, interviewing, and recruiting commission-only real estate sales agents and staff candidatesConduct market research to identify new properties and real estate partnershipsDevelop and maintain relationships with property owners, brokers, and other real estate professionalsNegotiate and finalise agreements with property owners and real estate partnersEnsure a smooth onboarding process for new properties and partnersMonitor and analyse market trends to identify new opportunities for growthCollaborate with the sales and marketing teams to ensure that our properties are effectively marketed to potential customersParticipate in team meetings and contribute to the development of new strategies for growth.",Natural ability to sell|Unafraid to do on the ground saleswork|Bachelor's degree in business|real estate|or a related field|Minimum of 3 years of experience in the real estate industry|Ability to work independently in a fast-paced startup environment,"['IPO', 'NYSE', 'Kunal Shah (Founder of CRED', 'Freecharge', 'Prestige', 'Lodha', 'Ex-Harvard/ Cambridge/ Columbia', 'Nutanix', 'BD', 'BD', 'BD']"
143,Product Marketing Manager,"Role:Sensibull is looking for our first product marketing hire. This role directly reports to the CEO and founder. You will be responsible for all things acquisition, monetization, and retention. You will set up various growth experiments and be responsible for iterating on the product message, core value proposition, pricing, etc.This is a unique opportunity to work with the early stages of the largest cross-broker trading platform and advisory marketplace in India. You will play a significant part in shaping the future of a super early stage, fast-growing, profitable, and potentially disruptive fintech startup.We are looking for hands-on experience in setting up, analysing, and iterating the following:Experiments to increase retention and revenue with significant overlap of product and analytics functionsLarge scale-marketing automation campaigns to at least 100,000+ usersPerformance Marketing - Google, FB, etc with at least 2 Cr annual budgetThis is an extremely analytical role, and is not a branding/ strategy/ marketing roleThe big picturePretty simple - You own the product marketing piece.Create the product marketing strategy and execute itYour focus will be on user retention and revenue growth.Own the go-to-market strategy and drive high-quality execution across internal & partner teamsYou will also get a chance to take a brand from 0 to 1.What will you do here?Understand the product, gain consumer insights, come up with the selling propositionsOwn the messaging on all consumer-facing touchpoints in-app and off-app - emails, Push Notifications, partner websites, social, etcBuild a culture of experimentation and iteration to understand what messaging works for our consumersCampaign management - emails, marketing automation such drip campaigns, push notifications, social media, real estate inside apps of partners such as brokersEvaluation of campaign effectiveness on various channelsCollaboration with other teams (design, content, acquisition, product, sales) to implement strategies. You are the anchor and will be responsible for the outcomesAs you are the first hire, you will also be responsible for setting up your team. You have the freedom to choose which parts you want to do yourself, which parts you want to get done by others. As a company, do not care whether you do/ do not do yourself, as long as you get things done.Requirements :Proven experience as a Product Marketing ManagerWilling to learn and dabble marketing automation tools such as Mautic, Clevertap, etcAbility to do data analytics to measure campaign effectiveness and suchExperience in conducting AB tests and similar analytical methods to iterate product messagingCuriosity, eagerness to learn, and predisposition to thinkExcellent written and verbal communication skills. If you can write short marketing content, it is a bonusIf you are passionate about the stock markets it is a huge plus",,"['internal & partner teamsYou', 'Push Notifications', 'etcBuild', 'Mautic', 'Clevertap', 'etcAbility']"
144,Engineering manager,"Job Overview:As an Engineering Manager at Illumine, you will play a vital role in guiding our engineering team to new heights. Your leadership and technical expertise will be essential in driving the development of our platform, ensuring quality and innovation at every stage. Collaborate with a talented team and contribute to our culture of excellence.Responsibilities:Lead and mentor a team of engineers, promoting professional growth and collaboration.Develop and implement engineering strategies aligned with company goals.Collaborate with product managers and stakeholders to understand requirements and deliver optimal solutions.Oversee the design, development, testing, and deployment of software features and enhancements.Ensure adherence to best practices, coding standards, and quality control processes.Identify risks, mitigate challenges, and drive continuous improvement initiatives.Facilitate communication between engineering and other departments, ensuring alignment and efficiency.Manage resources, budgets, and timelines, delivering projects on schedule.",node|scalable system designs|react|good communication skills,"['Illumine', 'Facilitate']"
145,Graphic Designer Internship,"Internship DescriptionDesign posts and illustrations for the Instagram handle.Design posts and illustrations for the Website.Design posts and illustrations for external collaborations.UI/UX assistance wherever applicable.Estimated hours per day: 4-6 hours, depending on your skill level and efficiency.Stipend: 5,000 month 1 | Will be increased from the 3rd month onwards.Minimum internship duration: 2 monthsPreference will be interns who can come work out of our office in Viman Nagar. {Rohan Mithila Upper Parijat}",,"['Instagram', 'UI', 'Rohan Mithila Upper Parijat']"
146,Motion Graphic Designer,"Create visually stunning motion graphics and animations for various digital media platforms (web, mobile, and more)Utilise video software, such as Adobe After Effects, Adobe Premiere Pro, and Cinema 4D, to design and execute captivating motion graphic projectsIncorporate typography, visual effects, and sound design to enhance the overall impact and engagement of motion graphic contentAdapt and optimise motion graphics for different screen sizes and resolutions to ensure seamless playback on various devicesDemonstrate a keen eye for aesthetics and attention to detail, ensuring high-quality motion graphic deliverables that meet brand requirements and exceed expectationsContribute to the creative process by bringing innovative ideas and creative solutions to the table, adding to the overall success of the teamManage multiple projects simultaneously, adhering to project timelines, and delivering projects on time and within budgetCollaborate with the product, content, and marketing teams, including graphic designers and content creators, to conceptualise and storyboard motion graphic projects that align with brand guidelines and project objectives",You have 3-4 years of experience as a motion graphics designer|preferably at a B2B SaaS/technology company.|You possess strong technical skills and proven ability to use a variety of softwares such as Adobe After Effects|Adobe Premiere|You can take an initial concept or a storyboard to the next level with motion graphics and animations|including 2D and 3D anima,['more)Utilise']
147,Quantity Surveyor,"WHAT YOU WILL DO?Communicating with field personnel, making visits to the properties.Making renovation cost estimates for potential properties.Making BOQ based in the inspection report and your own estimate for the vendors.Checking and validating the quotations received from vendors.Staying informed about the current cost of different products and services in the industry.Maintaining the records of different properties renovation costs for future analysis.WHAT YOU NEED TO BRING TO THE TABLE?4 years of experience in a similar role in the Real Estate.Enthusiasm to work in a target Oriented EnvironmentGood Excel skillsAn understanding of deadlines/timelines.A go-getter attitude, with the will to do what it takes and be flexible with a pure outcome focus.Good organizational skills and the ability to multitask.Willing to travel within East Bangalore.",,"['BOQ', 'the Real Estate', 'Oriented EnvironmentGood Excel']"
148,Junior content writer (Web/App),"Key Responsibilities: Research industry-related topics (combining online sources, interviews and studies) Write clear marketing copy to promote our products/services on social media and other digital platforms Prepare well-structured drafts using Content Management Systems Proofread and edit blog posts before publication Prepare and manage content calendar Coordinate with marketing and design teams to illustrate articles and social media posts Conduct simple keyword research and use SEO guidelines to increase web traffic Work with social media team to create and promote content on social media Identify customers needs and gaps in our content and recommend new topics Ensure all-around consistency (style, fonts, images and tone) Update website and app content as needed",,"['Key Responsibilities: Research', 'Content Management Systems Proofread']"
149,PPC Specialist (Kochi),"Your role Creating and planning a variety of PPC campaigns across a range of digitalmarketing channels. Analysing trends and making data-driven decisions Writing engaging copy for adverts Proof-reading Relationship building and business development Presenting data and reports to a range of audiences. Campaign Scaling, Optimization and Monitoring. Social Media marketing: onlinecampaign set-up and management. SEM planning, execution and optimization Keep up to date with the latest industry trendsSkills required Good communication skills in English and one regional language (Hindi/Malayalam/Tamil). Min 2-5 years experience in PPC. Ability to work in a fast paced environment. Good Writing skills Organization skills Analytical skills with strong attention to detailThe above list is for a very basic understanding of what we do. But at the end of the day, weneed you to go to any extent to make sure our users love the things we build for them. It'scompletely fine if you do not know how something is done; all we care about is that you have theright attitude to roll up your sleeves, get your hands dirty, experiment, and then figure it outyourself.",,"['PPC', 'Campaign Scaling, Optimization and Monitoring', 'SEM', 'Hindi/Malayalam/Tamil', 'PPC']"
150,Customer Success Manager (Placement),"We are looking for a Customer Success & Recruitment Support Manager to assist learners in getting placements with our empanelled employers, and support the employers in leveraging the technology platform to select, interview, and hire staff.As a part of the customer success team, the Recruitment Support Manager builds an excellent rapport with the learners and employers and supports both the groups during their journey with our recruitmentplatform. The candidate manages every customer interaction with utmost courtesy, empathy and respect.You will work closely with the Academic Team and Technology Team, playing a critical role in the ultimate customer success of bridging the gap between the two parties.This role provides growth opportunities as long as top performance, exemplary team spirit and leadership characteristics are demonstrated.ResponsibilitiesBuild a team & processes to:Remind learners to complete all the programs to be ready for recruitmentSupport learners in understanding how to navigate the recruitment platformRemind learners to show up for the interviewsCounsel & support learners to select the most optimum job offerGuide learners through employment contractsWork with employers to leverage the job platform to post vacancies for full-time jobs or internships, select the teachers for interviewingKeep track of customers employment status & aspirations to build a candidate pool ready for recruitmentMatch the employers and candidates based on attributes described in the JDEnsure learners learning does not stop due to the ongoing recruitmentHandle any questions and concerns, investigate and resolve any discrepancies regarding the job application processPast Experience & Key Skills Required:Proven 2 to 10 experience at a recruitment agency managing employer clients and candidatesExperience working with targets and tight deadlinesExcellent verbal and written communication skills in EnglishStrong interpersonal, conflict management, negotiation & people skills. Should be able to handle escalationsDeadline and detail-oriented and very comfortable working in a fast-paced and open/ flexible environmentAbility to be polite and compassionate while demonstrating confidenceKnowledge of relevant HR tools, HR laws, and employment contractsWorking knowledge of MS Office and databasesAbility to work with job technology platforms",,"['a Customer Success & Recruitment Support', 'the Academic Team and Technology Team', 'JDEnsure', 'Experience & Key Skills Required', 'EnglishStrong', 'MS Office']"
151,Software Development Engineer 3,"Job DescriptionPropose solutions to solve complex system architecture challenges and actively lead the end-to-end development of the system.Create robust, flexible, consistent, and easy-to-use APIsContinuously strive for performance improvements, code reusability, and readabilityUnderstand the product in detail and predict potential issues in feature development.Mentor and lead junior members of the teamYou should have:Ability to think of out of the boxB.Tech or a higher degree in computer science or a related field.3+ years of experience working on the back-end development for complex distributed systems who is willing to adopt any Programming language as per the requirement.Familiarity with any of the following - Java, C++, Scala, Kotlin and frameworks like Spring, Play, Hibernate, Django etc.Good understanding of Algorithms, Data Structure, OOP, Design patterns, Parallel programming, Multithreading concepts & Event Driven Systems.Understanding of micro-services architecture and best practices.Experience with Relational databases such as MySQL, PostgreSQL, Oracle, or any NoSQL database.It is a plus if you have:Familiarity with Cloud platforms like AWS (Amazon Web Services), Azure or Google Cloud",,"['Scala', 'Kotlin', 'Algorithms, Data Structure', 'Multithreading concepts & Event Driven Systems', 'Oracle', 'NoSQL', 'Amazon Web Services']"
152,Outbound Sales Team Lead,"Job Overview: We are seeking a highly motivated and experienced Outbound Sales Team Lead to manage a team of sales representatives who engage in proactive Outbound sales activities. The sales team lead will play a pivotal role in driving the success of the team by implementing effective sales strategies, supporting and developing team members, and achieving sales targets through proactive outbound calling efforts.Responsibilities: Responsible for managing and guiding the outbound sales team. This includes setting goals, providing training and coaching, conducting performance evaluations, and ensuring the team's overall productivity and effectiveness.Work closely with the sales management to develop and implement effective sales strategies and plans.Help define target markets, identify potential leads, and establish sales targets and quotas for the team.Monitor the performance of individual team members and the team as a whole. Track key performance indicators (KPIs) such as conversion rates, call volume, and revenue generated.Provide feedback and implement strategies to improve performance.Identify training needs and provide ongoing coaching and development opportunities for the sales team.Conduct regular sales training sessions, share best practices, and help team members improve their sales skills and techniques.Continuously evaluates and enhances the outbound sales process to increase efficiency and effectiveness.Identify bottlenecks, streamline workflows, and implement sales tools and technologies to improve productivity.Prepare regular sales reports, analyze sales data, and present insights and recommendations to the higher management.Requirements: 2+ years of prior experience in sales, preferably in outbound sales, is essential.Should have a solid understanding of sales principles, techniques, and best practices.Strong leadership skills are crucial to effectively manage and guide a sales team.Should have the ability to inspire and motivate team members, set clear goals, and provide guidance and support.Excellent communication and interpersonal skills, with the ability to motivate and inspire team members.Strong analytical and problem-solving skills, with the ability to identify trends and develop strategies to improve performance.Proficiency in MS Office and call center software.Ability to work flexible hours, including weekends and evenings.",MS-Excel|Sales Background|Communication Skills|Team Management skills|MS Office,"['Outbound Sales Team Lead', 'MS Office']"
153,Community Manager,"About Us:Supertails.com is a first-of-its-kind platform that supports the ever-increasing pet parent community by providing trustworthy veterinary care and a one-stop solution for pet food and supplies.Supertails.com is differentiated by its unique proposition of being a fully digital telehealth consultation service made available through a team of highly experienced in-house veterinarians.With doorstep delivery services available across the country, the brand aims to bring pet parents closer to the largest assortment of pet supplies from India and across the globe.What you will do:Take end-to-end ownership of Supertails' social brand channels and strategy across Facebook, Twitter, Instagram, LinkedIn, YouTube, and others, including the execution of activations from concept to post-implementation analysis.Constantly iterate and maintain the brand personality and social tone of voice to stay relevant to fans and customers. Ensure consistent brand positioning and tone of voice across all platforms.Prepare monthly social media calendars across all platforms.Own growth metrics of social media channels - reach impressions, engagement rate, follower growth, etc.Collaborate and maintain close relationships with cross-functional teams to maximize the impact of social media efforts by ensuring alignment in communications across channels.Find new and exciting ways to engage customers via social media channels to drive awareness, conversation, and affinity for the Supertails brand and its content.Analyse and report social channel and activation performance to quantify the effectiveness of campaigns and drive scalable learnings.Work closely with the Design Team to ensure creatives are original, engaging, and appealing.Build a strategy for Quora to establish thought leadership in the category and drive traffic to the website through a group of expert vets and pet behavior consultants.Devise the content strategy for SEO Blogs and ensure high-quality expert content to drive engagement through the channel.What we are looking for:1+ years of work experience in Social Media MarketingAbility to articulate ideas and key objectivesStakeholder and agency management is a mustExperience presenting metrics and progress to goal with stakeholdersYou are social media savvy and up-to-date with the latest trendsWhat we offer:Learning & Development: Work with veterinarians in a start-up environment with a steep learning curveOwnership: Individually lead important charters with high-impact potentialEmployee-first culture: Putting employees above everything else. Be surrounded by positivity and furry friendsPerks & benefits: Salary matching market compensation.Location: Bangalore, Indira Nagar (6 days in-office)Media links:https://yourstory.com/2021/06/ex-licious-digital-pet-care-supertails-saama-deepika-padukone/amphttps://economictimes.indiatimes.com/magazines/panache/deepika-padukone-invests-2-6-mn-in-pet-care-platform-supertails/articleshow/84009796.cmshttps://www.livemint.com/news/india/deepika-padukone-others-invest-2-6-mn-in-pet-care-platform-supertails-11625074741111.html",Social media marketing|Stakeholder Management|Communication Skills,"['Supertails.com', 'Facebook', 'Instagram', 'YouTube', 'the Design Team', 'SEO Blogs', 'Social Media MarketingAbility', 'Learning & Development']"
154,Content Writer,"RESPONSIBILITIES:Develop subject matter expertise on our vision, products, audience types, their needs, and our value proposition to them, along with the industryProduce well-written, grammatically correct, compelling, high-quality content for digital media and distribution.Write SEO-optimized content on identified topics of interest in the form of blogs, articles, social media copies, meta descriptions, product descriptions, scripts for videos, email marketing, press releases, etc.Conduct thorough research for your writing assignments, both for information and keyword research to bring in qualified trafficPerform periodic keyword research to identify the trending topics of interest for target audience and the best formats to create content on those topicsCollaborate with the marketing team for new content & marketing ideasDevelop and adhere to the brands voice and style guideAble to self-edit and proof others workResearch, test, and continuously update content and strategy for improvements and impact.Key Performance IndicatorsOrganic Reach and Engagement Rate across all digital channelsOrganic Lead Generation via SEO and Direct Traffic",,"['SEO', 'Direct Traffic']"
155,Front end developer (T1),"HTML/CSSHTML and CSS are the foundational skills required for most jobs in the tech sector. These are pretty basic and each job description of a front end developer will have these as a requirement. HTML and CSS are like the ABCs of front end development, necessary to learn the language of website development.HyperText Markup Language (HTML) is the standard markup language which is used to create web pages. For website development, HTML is a critical skill. Therefore, it is a basic requirement for a front end developer.CSS (Cascading Style Sheets) is the language used to make a digital document alive and communicable. A web page is created with HTML first and then CSS is used to put elements such as layout, format, colour, fonts etc on the page. It makes the web page interactive and presentable. you create with HTML.Both HTML and CSS are definitely the skills no front end developer can do without!",html,"['HTML/CSSHTML', 'CSS', 'HTML', 'CSS', 'HyperText', 'HTML', 'HTML', 'CSS', 'HTML', 'CSS', 'HTML', 'CSS']"
156,Healthcare Quality Analyst,"About Us:Supertails.com is a first-of-its-kind platform that supports the ever-increasing pet parent community by providing trustworthy veterinary care, pet behavior expertise, and a one-stop solution for pet food and supplies. We are differentiated by our unique proposition of being a fully digital telehealth consultation and training service platform made available through a team of highly experienced in-house veterinarians and pet behavior experts. With doorstep delivery services available across the country, the brand aims to bring pet parents closer to the largest assortment of pet supplies from India and globally.What you will do:Monitor, analyze, audit, and assess the quality of inbound, and outbound calls, and video consultations of service providersPrepare and present statistical data to identify the issues in performanceOffer solutions and suggestions for process improvementMaintain confidentiality regarding performances and resultsConduct one on one feedback sessions with service providersWhat we offer:Competitive salariesA well-planned insurance cover for you and your familyA team of smart, empathetic, and ambitious people who genuinely want to make a difference in the pet care spaceA culture of ownership and mutual care so you do not just learn, but also thriveWhat we are looking for:Any Bachelor's or Masters degreeGood knowledge of Microsoft Office Suite, Google sheets, and Google formsExcellent communication, listening, and observation skillsTwo to three years of experience in audit and quality assuranceLocation: Indiranagar, Bangalore(6 days in-office)Media links:https://yourstory.com/2021/06/ex-licious-digital-pet-care-supertails-saama-deepika-padukonehttps://yourstory.com/2022/11/petcare-startup-supertails-raises-10-m-in-series-a-fireside-ventures",Healthcare experience|written and verbal communication,"['Supertails.com', 'Bachelor', 'Microsoft Office Suite', 'Google', 'Google']"
157,Backend Engineer,"As a Backend Engineer, you will be working on.Services that store and serve the Sundial Analytics Data ModelBuilding applications on top of this API,Scaling the service to large numbers of customers and applications Implementing and administering data security protocols for sensitive customer dataYou will have.Strong familiarity with languages like Python, Golang, TypescriptExperience building APIs using GraphQL for data-centric applications Knowledge of using AWS services to securely store and process data Experience working with Kubernetes clustersYou will probably like working with us if.1) You like the ownership, camaraderie and chaos of a start-up environmentStart-ups are not right for everyone. Things move quickly and change frequently. Start ups have not ""made it"" yet. We have to convince customers we are valuable enough to them. We must be scrappy and flexible. Everyone will wear lots of hats.But: if you have future aspirations of being an entrepreneur or leader, you will find few better learning grounds. You will learn by doing. You will be given a ton of trust and responsibility. You will see very transparently how we operate and make decisions. Your work will absolutely matter to the success of our company.2) You value learning and have a growth mindsetSundial is founded on the idea that slope is far more important than intercept. We are a learning environment, and all of us have something to teach and learn from each other. We invest heavily in learning sessions, sharing insights, and reflecting on our growth. We are also very well connected within the open-source frontend developer community (React, next.js etc) and lean heavily into that network to learn and make good decisions. Wondering what went into designing d3? Let us get on a call with Mike Bostock. ;)3) You are interested in understanding how companies grow, and how data plays a roleUnlocking the secrets of data is our bread and butter. How do successful companies grow? How do different types of businesses create value for users in an economically scalable way? If you find this area to be as fascinating as we do, that is awesome, because you are going to become an expert in this domain. :)4) You love to solve engineering problems at the intersection of data science and design problems in the booming data analytics space.Data scientists unlock the secrets of data using complex algorithms. We believe that how they are presented are as important as the quality of secrets themselves. This poses novel and unique engineering challenges that require a creative and inquisitive mind for solving them. Some of the challenges are building a platform that enables many different ways to explore and explain the data.",,"['Backend Engineer', 'the Sundial Analytics Data ModelBuilding', 'API', 'Golang', 'TypescriptExperience', 'AWS', 'Kubernetes clustersYou']"
158,Senior Frontend Developer/Tech Lead (React),"What are we looking for?5-10 years of experience on a JS framework.1+ Years of react experience is mandatoryAt Least 1+ years of experience in ReactjQuery or AngularJs v1 experience will not be counted.Strong CSS3 fundamentals. Flexbox is a swiss knife. But a fort is not meant to be built only with swiss knives :)At least 2 years of hands-on experience on any of the preprocessors like Stylus/LESS/SCSS/SassYou have translated designs to pixel perfect frontend for a product at scaleMust understand REST APIs and know how to interface with themResponsibilities :Work on a category-creating, possibly disruptive fintech product in an early stageEnd-to-end feature development on the front end with complete ownershipCollaborate with back-end developers and designers to improve usability- Optimizations, maintenance, and enhancements.",,"['ReactjQuery', 'AngularJs', 'Flexbox']"
159,Junior Backend Developer,"Desired skillset :Familiarity working with one of the following: Golang / Rust / Python / Node.jsFamiliarity with an SQL databaseFamiliarity with any of the cloud platforms - preferably AWS - is a plusInteresting personal projects (in Github, Gitlab, etc.) is a plusResponsibilities :Work on a category-creating, possibly disruptive fintech product in an early stageDesign and develop highly scalable and reliable systems end-to-endDeploying and managing production servers and services in AWS.",,"['Golang / Rust / Python / Node.jsFamiliarity', 'AWS']"
160,Devops Engineer,"What is the job like?As part of the DevOps team at Upswing, you will get to work on building the state-of-the-art infrastructure for the future. You will also be -Developing code for Chef, Terraform, Docker and building automation tools for deployment, infrastructure management and observability stack.Developing scripts using ruby/bash to develop tools for monitoring/alerting.Managing infrastructure on various clouds such as AWS, GCP, Alicloud, etc.Improving the security overall.Focusing on cost optimisation strategies and building automation for various components in the cloud using Terraform.Building routines in CI pipeline for application build and deployment cycleBuilding infrastructure for components like JVM based applications, Apache Kafka, MongoDB, PostgreSQL, Graylog, Elasticsearch, etc.Senior DevOps Engineer Responsibilities:/Core Competencies/What you will Achieve/what you will get to doEngage in a lot of cross-team collaboration (outside DevOps) to independently drive forward infrastructure initiativesTake Ownership - of not just existing but also upcoming infrastructure initiativesPlan Architecture- for upcoming infrastructureBuild for Scale, Resiliency & SecurityIntroduce best practices for DevOps & Cloud in the teamMentor new / junior team members and eventually build your own teamWhat you will need?Curiosity for on the job learning and experimenting with new technologies and ideasA strong background in Linux environmentStrong experience in Cloud technologies, security and networking concepts, multi cloud environments, etc.Experience with at least one scripting language (Ruby/Python/Groovy)Expertise with at least one of the cloud infrastructure platforms (IaaS) like AWS, Azure, GCP, etc.Experience in Terraform is highly desirable but not mandatoryExperience in any automation tool like Ansible, Chef will be preferredGood understanding of Kubernetes/Docker ecosystemUnderstanding on Java stack and tuning the java application is preferredAny other DevOps related experience will be considered",,"['DevOps', 'Chef', 'Terraform', 'AWS', 'GCP', 'Terraform', 'Elasticsearch', 'DevOps Engineer', 'DevOps', 'Scale, Resiliency & SecurityIntroduce', 'DevOps & Cloud', 'Ruby/Python/Groovy)Expertise', 'AWS', 'GCP', 'Kubernetes/Docker', 'preferredAny', 'DevOps']"
161,Senior/Lead Software Developer Engineer,"Requirements :- SDE 1 Or 2 : 1-5 yrsSenior/Lead Developer 5-8+ years development experience- Solid Experience and knowledge of Coding and debugging using Object Oriented languages like Java, Javascript, C++, Go or similar languages.- Database design, Query optimizations, pitfalls (both SQL, NoSQL)- Developing Scalable, distributed systems and patterns- Developing REST and GraphQL based APIs- Writing and driving Clean code in a team (via SOLID principles).Good to have :- Experience with GoLang/Python- Experience with Microservices, designs and patterns- Experience with Dockers/Kubernetes and orchestration- Familiarity with Reactive programming and patterns like RxJs/RxJava, CQRS, Eventing systems- Experience with automating DevOps lifecycle- Proficiency with GitResponsibilities :- Work with Product team and Drive design, development and deployment of the overall architecture and individual modules to support our Apps , website and internal tools- Ensure the entire stack is designed and built for availability, speed, scalability, testability, debugging- Design and development of our REST and GraphQL API- Implement and improve continuous integration and deployment- Serve as a technical architect and mentor to the teamPerks :- Work with a super fast growing Startup that is solving really messy problems.- Actually apply first principles to solve a lot of the problems that this business is trying to solve.- You not only get to provide cool ideas but you even get to execute them.- We will pay top dollar salary to the right candidateWhat to expect in interview :Two or three long rounds to evaluate Problem solving approach, Knowledge about developing scalable and concurrent systems, Ability to work in teams and aptitude towards prioritisation",Knowledge of writing unit tests    - NodeJS,"['Coding', 'Object Oriented', 'Query', 'SQL', 'SOLID principles).Good', 'GoLang/Python-', 'Dockers/Kubernetes', 'Familiarity with Reactive', 'RxJs/RxJava', 'DevOps', 'GitResponsibilities']"
162,Customer Success Manager,"About the role As an initial member of the customer success team, you will be expected to setup repeatableprocesses and helping us scale the function as we grow High empathy towards customer problems while catering to customer requirements. Deliver a 11* customer experience on all touchpoints. Handle both pre-purchase & post purchase interaction with the customers Partner with the product team to enable ground level learnings and ensure that customerinterests are met. Derive new insights from our datasets to over strategic inputs to the management team.What are we looking for? Excellent customer relationship management skills Excellent verbal & written communication skills. You can explain complex issues in simple terms and adapt your tone for dierent customers. You are a self-starter that anticipates requests and does not need a lot of oversight. You nurture customer relationships and do not view them as transactional emails/calls. You are somebody who shares the same ethos. Proficiency in MS ExcelBonus You have an interest in education & kids. You have interests outside work, in art, music or any performing art.What is our interview process? An initial 30 min call to understand each other at a high level. Work on a case study or assignment together to ensure a good match",,"['skills Excellent verbal & written', 'education & kids']"
163,Frontend engineer (1),"HTML/CSSHTML and CSS are the foundational skills required for most jobs in the tech sector. These are pretty basic and each job description of a front end developer will have these as a requirement. HTML and CSS are like the ABCs of front end development, necessary to learn the language of website development.HyperText Markup Language (HTML) is the standard markup language which is used to create web pages. For website development, HTML is a critical skill. Therefore, it is a basic requirement for a front end developer.CSS (Cascading Style Sheets) is the language used to make a digital document alive and communicable. A web page is created with HTML first and then CSS is used to put elements such as layout, format, colour, fonts etc on the page. It makes the web page interactive and presentable. you create with HTML.Both HTML and CSS are definitely the skills no front end developer can do without!",html,"['HTML/CSSHTML', 'CSS', 'HTML', 'CSS', 'HyperText', 'HTML', 'HTML', 'CSS', 'HTML', 'CSS', 'HTML', 'CSS']"
164,Sr. Backend Developer,"About the roleReports directly to the CTONot a people management role. Involves a lot of hands-on coding and individual contributionYou will be architecting the application for scalability and resilience, identifying bottlenecks and optimizing APIs and data pipelines, and monitoring servicesYou will be doing extensive code reviewsOur Tech StackGo, Rust, Postgresql, Redis, Clickhouse.Must Haves5-10 Years of total software development experience2+ years experience in Golang / Rust or experience in Java with a willingness to learn Golang / RustHas played a key role in scaling of the productExperience in writing and scaling web socket servers is a plusAt least 2+ years of relevant experience with an SQL databaseFamiliarity with any of the cloud platforms - preferably AWSResponsibilitiesWork on a category-creating, possibly disruptive fintech product in the early stagesDesign and develop highly scalable and reliable systems end-to-endArchitecting the backend and infrastructure for scaleDeploying and managing production servers and services in AWS",Golang|Java|Cloud platform like AWS|SQL|Websocket,"['contributionYou', 'Redis', 'Clickhouse', 'Golang / Rust', 'Golang / RustHas']"
165,Senior Copywriter,"We are looking for a copywriter who has proven experience and success in writing high-converting copies and building landing pages.What you will do:Manage and Organize the Content Calendar and complete multiple projects within given deadlines.Write conversion-friendly content in different formats like Emails, Website Copy, Landing Page Copy, Video Ad Scripts, Ad Copies, Press Releases.Communicate and Cooperate with the content team, mentors, and external parties involved and pick up new skills on the way.Monitoring and analyzing performance using a few performance indicators (KPIs) and offering suggestions for improvements.Come up with creative and inspiring ideas and content that get applause from the audience and get us conversions.Produce error-free content that adheres to the companys style guidelines.Perform various other tasks as per requirements.",,"['Emails', 'Communicate', 'Cooperate']"
166,Senior Product Manager,"Job Description End to end ownership of a product lifecycle & roadmap. Keeping an analytical mind-set that makes data-informed decisions. Working with Engineering, Customer Success, and Sales to ideate improvements thataddress company objectives. Building business cases, pitch ideas, and gaining buy-in fromstakeholders. Executing Market analysis process for new products/services to determine customerneeds, industry direction, competitive product and market positioning and overallproduct strategy. Evaluating new product/customization viability and building recommendations of go orno-go decision for the product. Turning incomplete, conflicting, or ambiguous inputs intosolid action plans. Balancing the products long-term roadmap by prioritizing with its backlog of issues andbugs. Translating the user stories into specification, delivering product requirements to allstakeholders with a detailed PRD. Development of detailed monthly reporting package for circulation to key stakeholders. Deliver weekly, monthly, quarterly, annual analysis, and metrics versus official targets. Prepare product development activity reports. Prepare Product Development Plan as required time to time, keeping the end customerin focus. Prepare accurate and timely competitive analysis of market activities to enable a moreproactive and competitive approach. Coordinate and contribute to the development of quarterly and annual strategic plans. Track consumer behavior pattern and trend in terms of card spend across markets.Experience University Degree required as a minimum, technical background will be an advantage. Minimum 5 years experience in fintech product management with total experience of 8 years. Relevant experience in a Fintech Company, especially in the wallet, payments and lending etc. Strong analytical skillset to understand user behavior, product performance, and market insights. Strong problem-solving skills and willingness to think outside the box and roll up ones sleeves toget the job done. High energy, hands-on, detailed-oriented, and able to work independently. Able to think outside the box, innovate, and differentiate. Good communication and interpersonal skills. Self-starter, ability to work and thrive within a fast-paced, early start-up.INDEPENDENT ACTION & DECISION MAKINGThe job holder has a significant degree of freedom in developing strategies to achieve assignedtargets.ACCOUNTABILITY FOR ACTIONS/RESULTSThe job holder will be assisting in for the launch of new mobile and digital products, specificallyin wallet, digital payments, payroll and other FinTech projects as assigned.Key WordsProduct Management, Fintech, Strategy, Market Analysis/ Market Research",,"['Working with Engineering', 'Customer Success', 'PRD', 'Fintech Company', 'ACCOUNTABILITY', 'FinTech', 'Key WordsProduct Management', 'Fintech']"
167,Senior Backend Developer,"What will you do?Translate requirements and implement product features to perfectionWork directly with developers as a team lead and manage products to conceptualize, build, test and realise productsDeliver best-in-class code across a broad array of interactive web and mobile productsWork on continuous improvement of the products through innovation and learning.A knack for benchmarking and optimizationDeveloping features for highly complex, distributed transaction processing systems.Implement functionality for automated tests that will successfully pass and meet coding standards.Debug production issues and create subsequent mitigation plans.Optimize the performance of existing implementations.Stay abreast of new innovations and the latest technology trends and explore ways of leveraging these for improving the product in alignment with the business.What makes you a match for us?Technical Skills1. 3+ years of experience as a Backend developer.2. Backend: Nodejs, Mongodb, Postgres, Elastic Search (Good to have: Phyton)3. Database architecture and design on SQL (like Postgres) and NoSQL (like MongoDB) systems.4. DOM manipulation and new CSS functionalities and processors5. Memory management, multithreaded programming and background processing.6. Unit-testing and strong emphasis on TDD7. Debug moderately complex problems and analyze logsin production systems and to read existing code. 8. Various data storage options, such as Relational, NoSQL9. Object-oriented design, data structures, and complexity analysis10. CI/CD environment with Jenkins/CircleCI11. Microservices12. Agile Development (SCRUM methodology, JIRA)13. Code versioning tools such as Git, Bitbucket, Mercurial, SVN, etc14. WebSocket, REDIS, Memcached, and Cloud Messaging Frameworks (PUSH Notifications)15. Elasticsearch ELK stack- Elasticsearch, Kibana, and Logstash, REST API integration.Personality Skills :1. Strong leadership skills with the capability to lead a team of engineers2. Dealing well with ambiguity3. Prioritizing needs, and delivering results in a dynamic environment.4. Excellent verbal and written communication skills5. Problem-solving attitude.6. Highly accountable, takes ownership7. Capability to work independently in a fast-paced environment of a startup8. Ability to meet deadlines and work in a time-bound environment9. Critical Thinker and Problem Solver10. High commitment levels and achievement-oriented11. Team playerPlus points1. Prior experience working on high visibility, high traffic web applications.2. Experience of working in a startup.",,"['us?Technical', 'Backend developer.2', 'Nodejs,', 'Mongodb, Postgres, Elastic Search', 'SQL', 'Postgres', 'DOM', 'CSS', 'processors5', 'CI', 'Jenkins/CircleCI11', 'Agile Development', 'Git, Bitbucket, Mercurial', 'SVN', 'WebSocket', 'Elasticsearch', 'Elasticsearch', 'Logstash', 'engineers2', 'ambiguity3', 'skills5', 'environment9', 'points1']"
168,Content Operations Associate,"Content Operations Associate - ROLE SUMMARYOur Sales and Marketing team is responsible for marketing and selling properties available in our inventory. As an Content Operations Associate, you will be responsible for creating the content best suited to market our properties to our clients and partners. The ideal candidate will have experience in doing ground-level marketing activities, working with multiple stakeholders to create sales tools and aproactive mind ensuring the timely delivery of tasks.WHAT WILL YOU DO? Work with our copywriting and design vendors to create marketing tools for the sales team and channel partners Onboard new marketing vendors and maintain relationships with existing vendors to deliver marketing collaterals such as brochures, inspection reports, emailers, flyers and on-site branding, at the same time adhering to defined timelines Support creation and execution of 360-degree marketing plan for all of our listed properties Monitor Ivy Homes website and property listing websites to ensure that they are running andupdated with relevant information Define the process for collecting and managing details such as before and after pictures, floor plans, amenities check etc related to a newly acquired unit by working with sales and operations teams",,[]
169,Regional Partnership Manager,"We are looking for a Partnerships Regional Manager who will work closely with the Head of Partnerships to expand our vertical for partnering with educational institutions (schools, colleges & universities) across the country.This is a unique green-field opportunity to introduce a first-of-its-kind product category within a large unexplored target audience.The role will involve developing and executing go-to-market strategies, delivering on clear growth KPIs, and building brand loyalty within the market.This role provides growth opportunities as long as top performance, and exemplary team leadership are demonstrated.Responsibilities:Conduct market research to identify potential partnership opportunities with educational institutions that bring strategic and financial value to the company and the partner. Perform due diligence of potential partners brand, offerings, location & catchment area. Build a strong pipeline of potential partnersPresent and discuss business proposals with potential partners, convincing them of the uplift in their revenues and quality standardsMaintain relationships with key client stakeholders, i.e. senior management of educational institutionsSeek leadership support to finalize the negotiations for LOI & final agreements Maintain database & profiles of current and potential partnersReport weekly, monthly & quarterly performance MIS to the managementCollaborate with internal teams in marketing, academic team, technology, etc. to ensure customer satisfaction and flawless experience to the partnersService the partners to ensure customer satisfaction and flawless experience by collaborating with internal teams in marketing, academics, technology, etc.Keep a track of partners adhere to the standard operating procedures as per the contracts and agreement. Escalate to internal leadership if any concernsRequirements:2+ years of experience in forging partnerships and alliances in the education sectorHands-on in building deep-rooted connections in the educational ecosystemOpen to extensive travel within the regionExcellent at client servicingStrong communication skillsStrong team playerEducation no barLocation: Eastern, Northern, Southern, and Western region of India",,"['LOI &', 'MIS']"
170,Acquisition Manager,"WHAT YOU WILL DOYou will receive details of prospective leads from associates and will directly be in touch with key Property Managers across our target propertiesOur associates will drive the first conversation with potential sellersYoull coordinate internally with the Pricing team to be able to derive a price offer for the home seller you contactedYour next step becomes assuming the front-ending responsibility, effectively communicating the offer and assessing the status of the leadFor any warm or hot lead, you will take things further with a detailed home inspection along with our Operations teamYou must handhold this through to the final sign off on the numbers with the seller, and close things out through signing of a Letter of Intent and transfer of token from Ivy Homes endYoure responsible for a smooth handover to our CX team to drive things from here onProject Management, Mathematical Ability, Business Acumen, Negotiation Ability, and Conversation skills are the key pillars for the Acquisition Manager roleYou are the face and voice of the brand, and you must live our values (Get Things Done; Be a Good Person!) in everything you say & doYouve got to be comfortable working with targets and consistently hitting or delivering beyond that- things will grow at a super-fast pace because were a very young startup!Thinking process, working with systems, communicating clearly, and setting expectations with stakeholders need to be second nature to youWHAT YOU SHOULD BRING TO THE TABLE3-6 years of experience in a similar kind of role (real estate industry is preferred, but not mandatory)Enthusiasm to work with CRM systems & driving value through themProficient in English, Hindi, and preferably some language(s) from the Southern part of IndiaGood communication skills, both verbal and written, formal and informal (English)Good communication skills - verbal (Hindi)An understanding of timelines and project managementA go-getter attitude, with the will to do what it takes and be flexible with a pure outcome focusComfort with targets & execution planning!Willing to travel within Bangalore on a need basisComfortable with basic excel skills",,"['Property Managers', 'Operations', 'a Letter of Intent', 'Mathematical Ability,', 'Business Acumen', 'Negotiation Ability', 'CRM', 'IndiaGood']"
171,Growth Marketing Manager,"What you will be doingUnderstanding customer needs and identifying sales opportunities & Craft Go-To-Market strategies for Fego.ais products in various marketsWork with cross functional team (Product, Services, Sales) to establish growth strategies to support Big Drops revenue goals.Create, manage and experiment with new user acquisition campaigns.Work with partners to carry out marketing and promotional activities to drive transactions.Highlight the portfolio trends and new business opportunities with existing partnersWork with partners to carry out marketing and promotional activities to drive transactions.Highlight the portfolio trends and new business opportunities with existing partnersAnalyze data to monitor revenue performance and uncover areas for improvement.Experimenting with various organic and paid acquisition channels & create a partner network of key stakeholders to grow Fego.ai as a brandConceptualise referral programs & identify ways to leverage network to drive value for the brand.We will need yourProven experience in working with marketing and sales tools (finding emails, automating reach outs, managing and reporting on CRMs).Experience in Digital Marketing Strategy, Social Media, Content Creation, & Performance MarketingPrior experience of driving revenue for a SaaS productEntrepreneurial spirit to take ownership of tasks & constantly innovateStrong work ethic, great attitude, and an eagerness to learnProficient with corporate productivity and web presentation tools.Why Fego.ai?Opportunity to create and work on the coolest Open Finance Platform.Remuneration: When we say best in the industry, we mean it! You can focus on what you do the best we take care of the compensation part.Kick-ass benefits include comprehensive health insurance for you and your family, options to chose your own device(from the available options).And You will be able to work autonomously and have freedom to innovate.",,"['Big Drops', 'Fego.ai', 'Digital Marketing Strategy', 'Social Media', 'Content Creation']"
172,Senior Research and Content Specialist,"Job briefSuraasa is searching a Senior Research and Content Specialist to create educational content for teachers. In this position, you will work with other content creatours to develop new and innovative ideas, producing pieces for all of our educational content. You must have an eye for detail, immaculate writing and proofreading skills, and also have experience in the industry and feel comfortable performing background research on relevant industry trends and changes related to education. In case you noticed errors (without this prompt, of course!) in what you have read so far, you would love to work with us!Roles and ResponsibilitiesCreate quality content for core pedagogy and share ideas for improvementManage the quality of the contentProofread the content properly to ensure a proper grammatical flowUpdate pedagogy frameworks and guidelinesQualificationsMasters of Education (M. Ed.) degreeA minimum of five years of experience in teaching (Middle School/High School) or seven years of experience in pre-primary and primary level teaching or experience in the field of pedagogyExcellent command of the English languageExcellent written and verbal communication skillsCultural FitYou love what you do: Everyone in the organisation is so passionate about what they do that the energy is contagiousYou respect everyone as good work relationships are built on mutual respectYou have a non-zero-sum mindset: You are not competing with anyone and believe in working together as a team towards a common goalYou are an open communicator: You believe in full transparency and open conflict resolutionYou are a hustler: You have a never-ending urge to move out of your comfort zone and learn as much as you canYour key values include integrity, ethics and unconditional support",,"['Content Specialist', 'ResponsibilitiesCreate', 'Middle School/High School']"
173,Backend Developer,"We are driven by great challenges and we need people who love technology, learners who are eager to contribute towards the transformation of the education landscape. We are looking for talented Backend Developers to design, build, and maintain the server-side logic and solutions for our applications for various platforms. Your primary focus will be developing high-performance Django applications using Python, and the development of all server-side logic, ensuring high efficiency and responsiveness.Roles and Responsibilities :Create solutions by developing, implementing, and maintaining Django (Python) based components and interfacesWrite clean and thorough design documents and code that exemplify quality, simplicity, and maintainabilityDeveloping RESTful APIs for consumption in Web and Mobile applicationsDefining security aspects, database, and service integrationsEnsuring quality and performance of application according to the requirementsIdentifying potential problems and resolving application bottlenecksContinuous optimisation and maintenanceCommunicate effectively and partner well with other disciplines of the project team to deliver high quality solutions from ideas to productionWorking on all the technical deployment and documentation as per the industrys best practicesDiscover and implement new technologies that yield competitive advantageUse stakeholders feedback to inform necessary improvements and adjustments to technologyQualifications :Minimum bachelors in computer science/Engineering or equivalent1 to 4 years of proven experience working with Django using PythonExposure to working with RESTful APIsFamiliarity with Git and Atlassian suite (Bitbucket, Jira, Confluence, Bamboo, Crucible)In-depth knowledge of databases (SQL/NoSQL like PostgreSQL, MongoDB etc.) and data modellingWorking with technologies such as Web Services, HTML5, CSS3, and JavaScriptKnowledge of automated unit test frameworks and test coverage toolsExperience and knowledge of open source tools & frameworks, broader cutting-edge technologies around server-side developmentProven track record in product backend development, design, and implementation especially in Web/Mobile solution/ProductsAbility to understand complex and ambiguous organizational needs and applying the right tools and approaches and deliver the product on-timeExperience in a software development environment, Agile, and code management/ versioningGood knowledge of data structures & algorithm and excellent problem-solving skillsBonus if you have :Ability to develop software in the system for analysis, statistics and machine learningExperience with cloud vendors such as Microsoft Azure, Amazon AWS or GooglePrevious experience and knowledge of MicroservicesPrevious experience of CI/CD using Jenkins, Docker etc.Strong knowledge of application security and securing the complete solutionExperience in NLP and entity extraction from textExperience using scalable data ingestion and transformation systems in batch and near real-time environmentsExperience with SQL, relational modelling, and big data tools such as Hadoop, Hive, Scope or Spark (experience with Spark is a plus)Experience with ETL, data modelling, and working with Business Intelligence systems",,"['Backend Developers', 'Web and Mobile', 'PythonExposure', 'SQL', 'Web Services', 'HTML5', 'CSS3', 'Web/Mobile', 'ProductsAbility', 'data structures & algorithm', 'Microsoft Azure', 'Amazon AWS', 'GooglePrevious', 'MicroservicesPrevious', 'CI', 'NLP', 'SQL', 'Hadoop', 'Spark', 'ETL', 'Business Intelligence']"
174,Lead iOS Developer,"Job ResponsibilitiesAs a lead, should be open to manage a team of iOS developersDesign and build applications for the IOS platform.Ensure the performance, quality & responsiveness of applications.Collaborate with the team to define, design & ship new features.Identify & correct bottlenecks & fix bugs Preferred Skill:Good experience With Objective-C /SWIFT and ISO SDK.Good working knowledge in Cocoa Touch.Experience with memory management & caching mechanisms specific to mobile devices.Experience working with IOS frameworks Such as core data, core animation, core graphics & core text.Strong problem-solving skillsGood understanding of data structures & algorithms & their space & time complexityExcellent coding skills should be able to convert the design into code fluently.We love start-ups. Any prior experience building or working in a start-up is a huge plus",,"['IOS', 'Identify & correct bottlenecks &', 'ISO', 'IOS', 'data structures & algorithms & their space & time']"
175,Lead Generation Specialist,"Key ResponsibilitiesBuild inbound lead generation along with diversifying all our lead sourcesAssist sales team with outbound lead generation processesWork with content team to produce the best content with a stronger lead conversion rateEnd-to-end execution of e-mail marketing, marketing automation and marketing campaignsWho we are looking forRevenue-based digital marketer who can help us build our inbound lead acquisition process3+ years of experience and knowledge in D2C SaaS demand or lead generationExperience working on campaign execution and strategy such as direct mail marketing and email marketing, marketing automation and lead nurturingExperience managing sales funnel with marketing teams and optimizing all conversion trackingAbility to carry out research and troubleshoot different marketing issuesExperience managing different social media platformsExperience working on MS Word and ExcelAble to thrive in a fast-paced dynamic startup environment; Conscientious, hard-working and driven to improve sales and activity performance beyond targets",,['ExcelAble']
176,"Backend Engineer, Applied ML","About the role :SpotDraft is seeking software engineers to develop and productionize scalable machine learning approaches using NLP and NLU to aid in Contract Management, Review and Editing. You will directly contribute to ML approaches using rich data and work to get it integrated and deployed with the Backend. You will share every stage of development from concept to deployment.The current priorities for the team are to continue supporting and improving the Automated Metadata Extraction pipeline and develop and deploy the first version of Continuous Learning into it. Other tools delivered and maintained by this team include Definition and Error Detection services. Future projects include automated clustering of Clauses and Documents, similarity and deviation detection, and automated review of documents. SpotDraft is designed to capture real-world data for these problems as the user performs their daily activities and is thus uniquely positioned to capture the right data and be able to deploy ML solutions to these problems.This team primarily writes code in Python and uses Django and Apache Beam frameworks.Role & ResponsibilitiesContribute to the overall direction of the teamPlay a key role in the design, implementation and integration of product features. Solve technical problems of high scope and complexity.Test, deploy, maintain and improve ML models/infrastructure and software that uses these modelsPartner on changes with other teams including Growth and Customer Delight. Help to define and improve our internal standards for style, maintainability, and best practices for a high-scale web environment.Confidently ship moderately sized features and improvements with minimal guidance and support from other team members.Collaborate with the team on larger projects.Improve the engineering projects at SpotDraft via maintainer trainee program at your own comfortable pace, while striving to become a project maintainer.Qualifications & Skills:Bachelors, Masters, or PhD Degree in Computer Science/Machine Learning or equivalent professional experience.Significant professional experience in Python.Experience in working with pytorch, TF and other frameworks or interest in learning various ML frameworks.High interest in writing software for ML driven recommendation and classification engines (experience with this, however is a nice-to-have).Experience in scaling ML models.Proficiency in the English language, both written and verbal.Demonstrated capacity to clearly and concisely communicate about complex technical, architectural, and/or organizational problems and propose thorough iterative solutions. Experience with performance and optimization problems and a demonstrated ability to both diagnose and prevent these problems.Comfort working in a highly agile, intensely iterative software development process. Demonstrated ability to onboard and integrate with an organization long-term. Positive and solution-oriented mindset.Effective communication skills: Regularly achieve consensus with peers, and clear status updates.An inclination towards communication, inclusion, and visibility.Experience owning a project from concept to production, including proposal, discussion, and execution.Self-motivated and self-managing, with strong organizational skills.Demonstrated ability to work closely with other parts of the organization. Share our values, and work in accordance with those values.Comfort working in earlier stages of product development.A genuine passion for learning.Nice to have attributes: Research or Industry experience in ML Engineering and Infrastructure. Experience with Kubernetes and MLFlow or Kubeflow or similar MLOps stack Experience with cloud architecture optimization (DataFlow, PubSub, GCP). Experience in Continuous training of modelsAlso, we know its tough, but please try to avoid the confidence gap. You do not have to match all the listed requirements exactly to be considered for this role.",,"['SpotDraft', 'NLP', 'NLU', 'Contract Management', 'ML', 'Backend', 'the Automated Metadata Extraction', 'Definition and Error Detection', 'Clauses and Documents', 'SpotDraft', 'ML', 'Apache Beam', 'Role & ResponsibilitiesContribute', 'ML', 'SpotDraft', 'Qualifications & Skills:Bachelors', 'Masters', 'TF', 'ML', 'ML', 'ML', 'Research or Industry', 'ML Engineering and Infrastructure', 'MLFlow', 'MLOps', 'DataFlow', 'PubSub', 'GCP']"
177,Brand and Marketing,"Job Responsibilities :- Co-own the brand positioning, brand health and brand assets for all brands (Build Awareness, Consideration Metrics for each brand and media properties)- Competition mapping, build customer insights for each brand through consumer research, market insights leading into the annual brand plans and identifying gaps leading to new product development framework- Plan, strategize and execute ATL marketing brand campaigns and activities to establish and maintain brand presence in the market- Plan, strategize and execute social media brand campaigns to amplify brand message identify the right channels, the campaign idea and influencer marketing for all brands- Managing the budget for advertising and promotional items.- Creating and managing promotional collateral for all BTL activities- Create impactful brand presentations for internal and external stakeholders- Work closely with central marketing, trade marketing, demand and design teams for executing the brand plan.Requirements :- Strong presentation skills- Solid understanding and experience of brand management, GTM and the marketing mix including PR- Ability to lead with influence and work collaboratively with multiple cross-functional teams- Strong understanding of ATL media planning, buying and excellent relationships with media owners, agencies- A willingness to work outside the scope to bring alignment and better overall outcomes to the business at large- Having a growth mindset and someone who is comfortable in a cross-functional environment and has to work on challenging problems and deal with ambiguity.- A high degree of business acumen- Having 3-5 years of Experience in FMCG industry / creative agency- Knowledge of Marketing tools like Webengage, Appsflyer, MoEngage/Clevertap, DV360Etc",Experience with food brands and new product launch|Open to travel Pan India (Mostly Norht),"['Build Awareness', 'ATL', 'Work', 'GTM', 'ATL', 'Appsflyer, MoEngage/Clevertap']"
178,Machine Learning,"Roles & Responsibilities:1. Use machine learning, data mining and statistical techniques to create new, scalable solutions for business problems.2. Use independent judgment to take existing code, understand its function, and change/enhance as needed.3. Design, develop and evaluate highly innovative models for predictive learning. 4. Participating in requirements analysis.5. Writing clean, scalable code and Implementing unit tests.6. Participating in peer code reviews.7. Be a strong Agile team member.You are ideal if you have:1. Interest in working with a fast growing Start Up2. Strong communication and Presentation skills3. Ability to meet deadlines4. Critical thinking Abilities5. Interest in working in a high paced environment6. Desire for Lots and lots of learning7. Inclination towards working on diverse projects and to make real contributions to the company8. Deep knowledge of maths, probability, statistics and algorithms.9. Experience in mentoring junior team members, and guiding them on machine learning and data modeling applications.Skills:1. Excellent coding skills in Python.2. Excellent understanding of data structures.3. Experience working in frameworks such as OpenCV, PyTorch, Scikit-learn, Tensorflow. 4. Expert data scientist with professionalism in text classification, text analytics, regression and other machine learning algorithms.5. Should have preferably worked on Machine Learning/Data Science projects. 6. Good in SQL queries.7. Good problem solving and analytical skills.8. Attention to detail.9. Should be a quick learner and keen on learning new technologies. 10. Excellent oral and written communication skills.Qualifications & Experience :1. BE/B.Tech, ME/M.Tech.2. 0-2 Years of experience3. Freshers are welcome to apply too",,"['Roles & Responsibilities:1', 'deadlines4', 'environment6', 'Lots', 'learning7', 'PyTorch', 'Tensorflow', 'Machine Learning/Data Science', 'Qualifications & Experience :1']"
179,SDR Manager,"You are fit for this role if you canMinimum 2 year of experience as a Lead generation executive.Strong Oral and Written communication skillsWorking knowledge of MS Office products.Self-motivated and results driven; passionate to learn and grow.Gather market and industry intelligence to help the Sales team in developing compelling Sales pitch to the prospects.Good networking skills and outgoing attitude to proactively connect with relevant contacts from various companies on social networks and communities.ResponsibilitiesManage data for new and prospective clients ensuring all communications are logged, information is accurate, and documents are attached to enable the Sales team to utilize the curated data.Hire, Train, and Develop SDRs to effectively engage and qualify new business opportunities.Work cross-functionally with sales team to improve demos to sales qualified opportunity conversion rates.Identify opportunities to improve and evolve the SDR organization in effort to better support a growing sales organization.Assist the Sales teams with projects and other ad hoc tasks.Maintaining and deepening relationships with existing partnersDevelop attractive and mutually beneficial partnership programsResearch and identify key partnersGenerate InterestNice to HaveShould have prior experience in calling C-Level and senior decision-makers of the organizationsShould have worked for a product-based organizationComing from a start-up background would be an added advantage.",,"['MS Office', 'Hire, Train', 'Develop', 'SDR', 'InterestNice', 'HaveShould', 'C-Level']"
180,Sr. Product manager,"As a Senior Product Manager, you will -Be responsible for absorbing all the complexities of the domain and make simple, elegant, and polished products for our users. You Will have to learn and unlearn fast across domains.Work closely with the engineers, designers and analysts who care deeply about their product. You should be able to quickly build rapport with them. Persuasiveness is more valued here than authority.Understand customer expectations and read between the lines to define your product vision and roadmap.Generally if you have worked cross-domain you will be expected to use analogies and patterns of other other domains to solve problems.Own product charters and take responsibility for every delivery. Your product charter will change as we evolve.Understand macro changes in the market and identify potential opportunities and risks. You should be able to plan features in smaller sprints while keeping an eye on the larger vision.Be the internal evangelist of the product who will go to everyone and help them understand why we should build a feature.What Are We Looking For -3 to 5 years of experience in Product Management for enterprise. B2B SAAS, Business Intelligence or Analytics Platform experience is a plus.Very strong problem-solving skills and rigor in solutions.Ability to grasp enterprise software design patterns.Ability to articulate and communicate well with internal as well as external stakeholders both verbally and written.Ability to interact with senior leadership internally and externally to understand business objectives and expectation management.Strong attention to detail, ability to multitask and make judgement calls with insufficient information.You Are comfortable being uncomfortable and ardent about figuring things out. You thrive in ambiguity and have the capacity for creative problem-solving.Strong business, analytical, data, and troubleshooting skillsHigh ambition, drive, ownership and accountability. Be fun to work with.",,"['Product Management', 'SAAS, Business Intelligence or Analytics Platform']"
181,Jr. PHP developer,"The RoleWork as part of an agile team to deliver & improve features for a popular hosting servicesplatform;Report to the Project Manager on the feasibility of upcoming changes & providingaccurate timelines of work;Take part in Sprint meeting and identify the challenges;Work closely with service providers to adapt the changes of the component services; Follow Nuventure work culture;Work closely with Other developers in feature rich, iterative product manner; Work closely with our UX team, to build up to standard HTMLCSSJS components; Ensure feature comparability across multiple browsers & platforms;Write clean, unit tested, modular & well-documented code;Identify & address performance issues.Skills & RequirementsAt least 3 years of experience working in the Software industryAdvanced PHP skills and 2+ years of experience working with LAMP stackExperience with PHP frameworks - Laravel and/or Cake PHPComfortable using Linux CLIThorough understanding of API design principlesExperience working with MySQL, Redis",,"['Sprint', 'Work', 'HTMLCSSJS', 'Skills & RequirementsAt least', 'Software', 'PHP', 'PHP frameworks - Laravel', 'API']"
182,Senior Machine Learning Engineer,Responsibilities include: Working with project managers to establish objectives for AI systems Creating AI algorithm prototypes based on project specifications Running tests to assess AI performance Analyzing data gathered during tests to identify strengths and weaknesses of AI Implementing changes to algorithms to improve AI performance Troubleshooting and addressing problems with deployed AI to improve user experience Documenting all steps in the development process Remaining up to date on the latest innovations in machine learning,,"['AI', 'AI', 'AI Implementing', 'AI', 'AI']"
183,Mentor for Data Science and Machine Learning,"Job Description:1. Developing and implementing learning strategies and programs.2. Designing and Developing e-learningcurriculum,courses,contents,career plans,workshops and more3. Deliver e-learning courses,workshops and other trainings",,[]
184,Backend Engineer,"Building and managing backend APIs and systems already at substantial and growingscale Data engineering projects to turn large messy data strewn across multiple incoherentsystems into structured data atop a coherent system. Optimizing slow-running database queries and API paths Building media and streaming integrations with Zoom, Slack, Discord, and a host ofother video, chat, and audio services to create an engaging learning experience - theone you wish you had when you were in school Building lots of internal tools and services to enable marketing, product, and othernon-engineering team members to be more efficient at their work Contributing small (and eventually large) components to open source softwareYou are the perfect fit for the role if you: Experience with Javascript (node.js), Python, Golang, or Ruby in a productionenvironment, and comfort with working in a primarily node.js environment Either {5+ years of experience in working with medium to large scale systems inproduction environments} or {substantial experience with contracting that you canexplain matches 5 years of work experience} Experience with performance engineering experience. For example:profiling slow API paths with APM toolsarticulating debugging strategiesdesigning experiments to reduce uncertainty in decision pathsunderstanding complex database query plans Experience with Linux/BSD production operating environments and tools like:basic bash scriptingperformance monitoring like htop, iotop, perfdebugging toolsLinux/BSD resource constraints like CPU, memory, i/o, and file handles. Experience with SQL databases, preferably with PostgreSQL Experience with distributed version control systems, like git Have done something exceptional in your personal or professional life on your owninitiative, for example:Started a school to teach how to mountain climb, or race bikesContributions to open-source softwareRescued abandoned/injured dogs/cats and found homes for themStarted your own company, doing anything from delivering milk to developingsoftwareLearned to play chess or go at a high levelAnything else you would like to share that demonstrates how you stand out!",,"['API', 'Golang', 'API', 'APM', 'Linux/BSD', 'BSD', 'CPU', 'SQL']"
185,Payment Support Specialist/Manager,"ResponsibilitiesHelp implement processes to: Support the company in maximizing its revenues Support customer on-boarding by developing, proposing and explaining different payment plans after carefully understanding customers needs, situations and preferences Help customers apply for loans if needed and guide them through contracts Negotiate payoff deadlines and payment plans with customers and lenders Coordinate with loan providers for loan approvals, academic team for course access Keep track of customers payments to identify outstanding debts Update customer account status and database regularly Locate and contact debtors to courteously inquire and remind them about their payment status and reduce outstanding balances Ensure learners learning does not stop by coming up with creative solutions to help learners in making payments and improving the companys collections efforts Handle any questions and concerns, investigate and resolve any discrepancies regarding the payment process Alert management and the academic team of debtors unable to pay when necessary, and collaborate in identifying solutions to support the customers Comply with all legal requirements whenever requiredPast Experience & Key Skills Required Proven 1-2 years experience as a customer success or collections specialist, preferably with B2C clients Experience working with targets and tight deadlines Excellent verbal and written communication skills in English Strong interpersonal, conflict management, negotiation & people skills. Should be able to handle escalations Deadline and detail-oriented and very comfortable working in a fast-paced and open/ flexible environment Ability to be polite and compassionate while demonstrating confidence Strong understanding of control and compliance and due diligence process for the entire collection process Working knowledge of MS Office and databasesAdditional Requirements This is a work from home/hybrid role Integrity, professionalism, team collaboration, and full dedication/availability during the assigned working hours are a key requirement Dedicated and separate high-speed Internet with at least 20 Mbps download and 5 Mbps upload speeds (no wireless or mobile-phone internet) Secure home office, free from heavy background noise or major distractions Keep company work & data 100% secure and not visible/accessible to any unauthorized person",,"['Update', 'Ensure', 'MS Office', 'Mbps', 'Keep']"
186,Brand & Content Head,"Managing Brand's Digital and Offline Presence. While Nova Nova does performance marketing, we need someone to drive branding content on all digital platforms. This would involve: Coming up with overallContentStrategy For the BrandExecution of the above strategy and campaignsCoordinating with Agency and Designers for ContentCreating In house content if anyBuilding Strategies and Brand Partnerships with B2B BusinessesExploring offline channels to drive omni channel brand recall",Branding experience|FMCG|Digital Marketing|Content Creation|D2C experience,"['Digital and Offline Presence', 'Nova Nova', 'Agency', 'Designers for ContentCreating', 'anyBuilding Strategies', 'BusinessesExploring']"
187,Product Engineer - Android,"Responsibilities Develop, enhance and maintain our front-end android app Collaborate with cross-functional teams to define, design, and ship new features Coordinating the workflow between UI/UX engineer, Back-end engineers, and yourself Ability to work in a dynamic, fast moving and growing environment Cooperating with the back-end developer in the process of building the RESTful APIs Unit-testing code for robustness, including edge cases, usability, and general reliability Help maintain code quality, organization, and automatizationSkills And Qualifications Proficient understanding of Java, Android SDK, Kotlin and different versions of Android Familiarity with RESTful APIs to connect Android applications to back-end services Experience with offline storage, threading, and performance tuning Experience with third-party libraries and APIs Solid understanding of the full mobile development life cycle. Understanding of Googles Android design principles and interface guidelines Familiarity with cloud message APIs and push notifications Strong debugging skills Proficient understanding of Git Team handling experienceThe above list is for a very basic understanding of what we do as front-end engineers. But at the end of the day, we need to go to any extent to make sure our users love the things we build for them. It is completely fine if you do not know how something is done; all we care about is that you have the right attitude to roll up your sleeves, get your hands dirty, experiment, and then figure it out yourself.",,"['UI', 'Java, Android SDK', 'Kotlin', 'Solid']"
188,Crowd Puller,"Job Responsibilities: Audience Building and Segmentation: We cannot be everything to everybody.You Are the customers voice to the group, and that requires you to know the insand outs of our core audience, including creation of precise customer personas,and constantly seeking more insights about our customers needs and wants. Content: Its not only about what we say, but how we say, and where we sayit. You would work with in-house and external content writers to get our tone,emotions, and value propositions, just right. You Will be expected to know whatonline channels will highlight the work to reap the maximum ROI. Thesechannels could include, blogs, advertising, video or podcasts, webinars,infographics, memes, or white papers, case studies, lists, and other text.o You Will be required to develop a community listening process so wealways have our ears to the ground, and enable our risk and productteams build useful and usable solutions. Email: We use email every day as a communication tool. You would berequired to create concise, yet compelling emails that snag the attention of ourtarget audience. Mobile App Marketing and ASO: If its mobile, you know it, love it, andhave mastered it to the nth gigabyte. You Are expected to understand the latest inapp marketing including App Store optimisation, as well as whenGoogle/Apple will adjust their search algorithms toward a mobile-first strategy and respond appropriately. Social Media, Community Building, Partnerships and Collaborations:Social media is the cornerstone for any Brand. You Are expected to specialize inhelping our voice rise above the social noise which is considerable. Webelieve our customers, and our team are one community, our tribe. Communitybuilding, management and growth, in addition to knowing which socialchannels to use and what to promote should be all in a days work for you. Analytics: A very wise person once said, In god we trust, for everything else,bring data. Were using tech to solve the problems of today and tomorrow.That needs us to make decisions driven by data, which you would provide. Knowinghow to gather meaningful data, and weave a story with it for the team would beyour biggest contribution.Your work will be challenging and as ever changing as the Internet itself. You mustplan, execute, analyze, and readjust to optimize the fickle mediums that fall within ouronline presence with softer skill that give you the ability to be Analytical,Communicative, Creative, Empathic, Organized, Strategic, and Lead by example.Requirements: You should be resourceful and have a list of collaborations you have done in thepast with online content creators. You should be able to relate to our mission and be able to tell us why? We loveour tribe, and would take a bullet for each and every member of it, come and bea part of it.",,"['Mobile App Marketing', 'whenGoogle/Apple', 'Social Media', 'Community Building', 'Knowinghow', 'Analytical']"
189,UX Writer,"Job Responsibilities:Love for the Language. Multilingual is added advantage2+ years in UX writing working in a product design environmentThe ability to create copy in a variety of different formats, from microcopy to long-form.An understanding of product design and how that relates to user & business impact.Ability to prioritize and manage multiple milestones and projects efficiently.Detail-oriented, advanced problem-solving skills with customer-centric approachSkills Required -UX writer,Candidate Attributes:2+ years of UX writing experience in a product design environment.Bachelor's degree in English, Journalism, Technical Writing, UX, HCI.Excellent English written and verbal communication skills.A portfolio that showcases a range of content you have created, such as interaction flows, emails, product tours, and style guides.Strong writing, grammatical and proofreading skills with the ability to be creative in writing product descriptions.",,"['user & business', 'Candidate Attributes:2+ years', 'Bachelor']"
190,Copywriter / Scriptwriter,Job Description* Responsible for writing scripts and copy for the production of ads and other social media space.* SEO articles and blogs* Product descriptions* Social Media,,[]
191,Operations Associate,"WHAT YOU WILL DO You will be visiting properties being renovated and supervising the work; you will have toadhere to strict timelines You will be responsible for coordinating with vendors for home inspections check everyaspect of apartments wherever necessary You will be facilitating sales visits by ensuring the apartments remain clean and neat You will be required to do a quality check for all the work being completed and report anynon-satisfactory work to the vendor and your manager. You Are responsible for a smooth property handover to the sales team to drive things from hereon. You are the face and voice of the brand for our vendors and the societies where ourproperties are located, and you must live our values (Get Things Done; Be a Good Person!)WHAT YOU SHOULD BRING TO THE TABLE 0-5 years of experience in a similar kind of role (real estate industry is preferred, but notmandatory) Enthusiasm to work in the field and get your hands dirty. Proficient in English or Hindi, knowing Kannada is preferred A go-getter attitude, with the will to do what it takes and be flexible with a pure outcome focus A 2-wheeler vehicle for travelling across Bangalore.",,[]
192,Strategic Initiatives,"ResponsibilitiesAlign Short Term & Long-Term Strategic Priorities for the business1. Develop comprehensive understanding of the business, landscape & businesspriorities for our long term scale up2. Scope out business problems across the CEOs office & develop a sturdyrecommendation engine3. Liaise with key external stakeholders for regular business updatesDrive Program Management1. Effectively liaise between functions (growth, product, brand) to drive alignedbusiness priorities.2. Set up solid collaborative cross functional processes for effective projectlifecycle monitoring.3. Bring an outside-in view on ways to accelerate project execution by identifyingthe right levers and ways to release resources for the same.Requirements:Structured Thinking with Business Acumen: Work closely with the leadershipteam to set short term and long term strategic prioritiesProblem Solving: Identify the right tactical and structural problems andcollaborate with different functions to delve deep into them and recommendstrategic initiatives.Process oriented work rigour: Build and maintain optimal cross functional viewon important metrics and key initiatives for executing program management2-4 years post MBA experience across consulting, roles at the CEO office atother startups, other central team roles",,['management2']
193,Devops Engineer,"What we expect from youProviding 24/7 support on production environment and ensuring uptime of the applicationDeploying, operating and ensuring the availability of the servicesBuilding, operating, maintaining, and improving Bookee's application infrastructureCollaborating with developers and other team members to ensure services are secure, reliable, maintainable and scalableTroubleshooting and fixing critical issues in the production environments, delivering solution, and providing root because analysis while recommending, influencing, and implementing solutions to operational problemsRequirements3+ years of working in devops for a product companySolid understanding of cloud technologies such as AWS, DigitalOceanWork experience with CI/CD technologies such as Jenkins, CircleCI etc.Work experience with containerization technologies (Docker)Extensive knowledge with container orchestration technologies (Kubernetes)Experience in any scripting language (Bash, Python)Hands-on experience with monitoring infrastructure (e.g., Splunk, Prometheus, Grafana, Cloudwatch, DataDog etc)Hands-on experience of Linux and Debian based operating systems (Nginx, Apache)Familiar with database and caching technologies (MariaDB, MySQL, Redis etc.)Good to haveHave experience in deploying a PHP application at scale",,"['Bookee', 'AWS', 'CI', 'Splunk, Prometheus', 'DataDog', 'Linux and Debian', 'Nginx', 'PHP']"
194,Sr Backend Developer/Tech Lead,"Must Haves5-10 Years of total software development experience2+ years eperience in Golang / Rust / Python / Java on a product at scaleHas played a key role in scaling of the product .Experience in writing and scaling websocket servers is a plus.At least 2+ years of relevant experience with an SQL database for a product at scaleFamiliarity with any of the cloud platforms - preferably AWSAdded advantage if you have a familiarity with a JS framework - preferably React.js, Angular 2+ or Vue.js.ResponsibilitiesWork on a category creating, possibly disruptive fintech product in early stagesDesign and develop highly scalable and reliable systems end-to-endArchitecting the backend and infrastructure for scaleDeploying and managing production servers and services in AWS",,"['Golang / Rust / Python / Java', 'SQL', 'JS']"
195,Youtube Manager,Qualifications:1. Should have experience in managing multiple youtube channels. Expertknowledge of social media marketing.2. It is a plus if you own a Youtube channel with decent growth.Language : English & Tamil/ Telugu/ Kannada,,"['Youtube', 'English & Tamil/']"
196,Product Manager,"Why work with us We are passionate about our vision and our product, and have a young, diverse and vibrant team working towards this vision. We work with some of the biggest names in broadcasting (Disney Hotstar, Sony Liv, SkySport etc) We work on some of the biggest sporting events in the world (Olympics, UEFA, ICC World Cup etc) We are growing daily- we have scanned 1650m videos, delivered 4.2x higher engagement and 60% growth in viewership time for our clients, along with 1280 mn hours of manual labor savedWho we are looking for 6+ yrs of total experience in an engineering and/or product role 3-4 yrs of experience in shipping and managing successful SaaS products An academic background of post-graduation in Management (MBA) or equivalent qualification Hands on experience building products and/or features in B2C SaaS products preferred Strong new product design experience and a fanatical approach to customer experience Strong technical abilities with experience co-ordinating with cross-functional teams across SoftwareEngineering, UX design, UI, Customer Success and Growth with fundamental understanding of how things work within those domains Excellent communication, problem-solving, organizational and analytical skills, with the ability to evolve product strategy based on research, data and industry trend Deep customer focus by understanding customer behaviour and analysing data & real world experiences Detail orientation & structured thinking, who can think of customers' full journey and experience Ability to thrive in a fast-paced start-up environment",,"['Sony Liv', 'SkySport', 'Management (MBA', 'SoftwareEngineering', 'UX', 'UI', 'Customer Success and Growth', 'Detail orientation & structured thinking']"
197,Sr Frontend ReactNative Developer,Who you are:An experienced front-end engineer who is familiar with all the modern frameworksSomeone who is excited about building things from the ground upSomeone who is experienced working with front-end infrastructure as well as implementing new featuresAn excellent communicatorWhat you will do:Make architecture decisions on the future of our front-endImplement front-end infrastructure and frameworks that power our productsLead front end related projectsMentor more junior front-end engineers to make our team more effective,,[]
198,Demand Generation Manager,"WHAT YOU SHOULD BRING TO THE TABLE3-6 years of experience in a similar kind of role (you should have directly managed teams thatdeliver predictable numbers, and drive calling efficiency and quality conversations) You should be conversant with excel and CRM systems alike Basic proficiency in SQL will be an added plus, though not mandatory (you should be open tolearning) Proficient in English, Hindi, and preferably some language(s) from the Southern part of India Good communication skills, both verbal and written, formal and informal (English) Good communication skills - verbal (Hindi) Demonstrated abilities in project management, numbers forecasting, and target delivery iscritical A go-getter attitude, with the will to do what it takes and be flexible with a pure outcome focus Comfort with targets & execution planning! Got what it takes to bring change to the world of Real Estate?",,[]
199,Software Engineer Developer-1/2,"Requirements :- Solid Experience and knowledge of Coding and debugging using Object Oriented languages like Java, Javascript, C++, Go or similar languages.- Database design, Query optimizations, pitfalls (both SQL, NoSQL)- Developing Scalable, distributed systems and patterns- Developing REST and GraphQL based APIs- Writing and driving Clean code in a team (via SOLID principles).- Knowledge of writing unit tests- NodeJSGood to have :- Experience with GoLang/Python- Experience with Microservices, designs and patterns- Experience with Dockers/Kubernetes and orchestration- Familiarity with Reactive programming and patterns like RxJs/RxJava, CQRS, Eventing systems- Experience with automating DevOps lifecycle- Proficiency with GitResponsibilities :- Work with Product team and Drive design, development and deployment of the overall architecture and individual modules to support our Apps , website and internal tools- Ensure the entire stack is designed and built for availability, speed, scalability, testability, debugging- Design and development of our REST and GraphQL API- Implement and improve continuous integration and deployment- Serve as a technical architect and mentor to the teamPerks :- Work with a super fast growing Startup that is solving really messy problems.- Actually apply first principles to solve a lot of the problems that this business is trying to solve.- You not only get to provide cool ideas but you even get to execute them.- We will pay top dollar salary to the right candidateWhat to expect in interview :Two or three long rounds to evaluate Problem solving approach, Knowledge about developing scalable and concurrent systems, Ability to work in teams and aptitude towards prioritisation",NodeJs,"['Coding', 'Object Oriented', 'Query', 'SQL', 'SOLID principles).- Knowledge', 'GoLang/Python-', 'Dockers/Kubernetes', 'Familiarity with Reactive', 'RxJs/RxJava', 'DevOps', 'GitResponsibilities']"
200,Growth/ Client Success Intern,"Responsibilities You will develop and brainstorm on growth experiment strategies/tactics. You will set up and conduct experiments (such as AB test) for landing pages,creatives, emails, etc. You will analyze clients' audience, competitors, market and trends to definegrowth digital strategies. Serve as the lead point of contact for customer account management matters Build and maintain strong, long-lasting client relationships Ensure the timely and successful delivery of our solutions according to customerneeds and objectives Clearly communicate the progress of initiatives to internal and external stakeholders Prepare reports on account status Assist with challenging client requests or issue escalations as needed.Requirements: Good understanding of the latest marketing trends and techniques. Excellent verbal and written communication skills. Outstanding multitasking abilities. Strong analytical skills. High level of initiative and work well in a team environment. Handle stressful situations and deadline pressures well. You are hungry and driven with an entrepreneurial mindset. You are a real data geek! You take ownership and are pro-active when collaborating on projects.",,['Prepare']
201,Junior Frontend Developer,"Desired Skillset :Familiarity with a JS framework - React, Vue, or AngularStrong CSS3 fundamentals.Familiarity with any of the preprocessors like Stylus/LESS/SCSS/SassAbility to translate designs to pixel perfect frontendFamiliarity with REST APIs and the know-how to interface with them is a plusResponsibilities :Work on a category-creating, possibly disruptive fintech product in an early stageEnd-to-end feature development on the front end with complete ownershipCollaborate with back-end developers and designers to improve the usabilityOptimizations, maintenance, and enhancements.",,"['JS', 'AngularStrong']"
202,Sales Development Representative,"As a Sales Development Representative (SDR), your primary responsibility will be to initiate outbound calls and engage with potential clients to generate leads and opportunities. You will play a crucial role in building our sales pipeline and fueling our revenue growth. This position is perfect for individuals who are eager to learn and grow within a fast-paced sales environment.Key Responsibilities:Outbound Calling: Make a high volume of outbound calls to potential clients with the goal of identifying and qualifying leads.Lead Generation: Conduct thorough research to identify and target prospects who fit our ideal customer profile.Engagement: Engage prospects in meaningful conversations to understand their needs and pain points.Qualification: Qualify leads based on predefined criteria and determine their potential to become valuable customers.Database Management: Maintain accurate and up-to-date records of all interactions and lead information in our CRM system.Collaboration: Collaborate closely with the sales team to ensure a smooth handover of qualified leads and opportunities.Continuous Learning: Stay updated on industry trends, product knowledge, and sales techniques to improve your effectiveness in the role.",0-2 years of experience in a sales or customer-facing role|preferably in outbound sales or lead generation.|Sales experience in international markets|Should be open to working in shifts as the target market is towards west|Have done any stint related to Market Research and prospecting clients|Account Management/Client handling experience,"['SDR', 'Key Responsibilities:Outbound', 'Database Management']"
203,Spoken English Mentor/ IELTS Mentors,"Qualifications/ Related Experience: Bachelor's degree in any field (Languages, linguistics, translation, etc. Preferred) Excellent presentation and communication skills. Excellent interpersonal skills. Candidates from Teaching backgrounds preferred. Positive attitude. Self-Motivation and the ability to motivate the users Great sense of responsibility and flexibility",,"['Bachelor', 'Self-Motivation']"
204,Product Manager,"About the role- Manage new products and features, improve existing products and features.- Customer obsession & talking to customers on a regular basis.- Hardcore prioritisation on what is most important for users.- Clear decision making in ambiguous situations using data & connecting the dots.- Partner with engineering & design to ship great products & features.What are we looking for?- Bachelor/Masters of engineering, MBA preferred.- You have shipped awesome products/features that you are proud of.- We are location agnostic, but in the same time zone (India). We have a small garden office @ Jayanagar, Bangalore (home to some of the best dosas in India) to jam together on anything that requires space.Bonus- You have an interest in edtech & learning.- You have interests outside of technology, such as in art, music, cooking or any other skill.",,"['features.- Customer obsession &', 'users.- Clear', 'for?- Bachelor/Masters', 'Jayanagar, Bangalore', 'edtech & learning.- You']"
205,Relationship Manager,"What you will do: Maintaining relationships with the existing users through multiple channels like mailers and phone calls and sharing knowledge with them on product updates, new listings, etc. Reviewing product penetration for the assigned users and deepen the existing relationships by cross-selling Densitys other product and services Becoming familiar with the competition to stay ahead of them. Working closely with the marketing team to spread campaigns to the user base (Targeted set) Keeping a continuous check on trading volumes for the allocated user-set, taking immediate steps in case of any drop in the volumes. Acting as a bridge to pass on Customer Feedback to internal stakeholders so as to bring in any key product changes.Job requirements: Minimum 2-5 years experience in Relationship Management for Investment related products like Mutual Funds /Life Insurance /General Insurance/ PMS/Fixed Income Products. Strong communication skills (both verbal and written) with customer service orientation Good Analytical skills Self-driven and highly ambitious Results-oriented & the ability to handle pressure Understanding of KYC requirements & Anti-money Laundering policies is critical Knowledge of financial markets, products & competitor offerings to assist in meaningful dialogue with clients",,"['Customer Feedback', 'Relationship Management for Investment', 'Mutual Funds /Life', 'PMS/Fixed Income Products', 'KYC requirements & Anti-money']"
206,Lead User Researcher,"Job Responsibilities:Plan, execute and drive user studies to uncover, understand qualitatively and analyze user behavior quantitatively spanning across all customer touchpointsCollect & analyze user behavior through lab studies, field visits, surveys, & online experiments (A/B testing)Translate customer insights into actionable recommendations.Build empathy for behavioral archetypes across the organization through a variety of engagement and storytelling techniques.Create a deep understanding and empathy for our target customers through primary field research, behavioral analysis, and/or secondary researchBuild a team of researchers, help them conduct researchEvangelize User Empathy into the entire organization\Build a Research team overtimeSkills Required: UX DesignCandidate Attributes:5+ years of experience as UX Researcher or a similar role with leading a small teamExperience with qualitative and user-centered design methodologiesWorking knowledge of quantitative, behavioral analysis and statisticsCollect and synthesize useful research from across the organization, bringing insights back to your team Eagerness to continually learn, grow and improve the craft of UX researchThe ability to parse through high amount of research data and notes and generate insightful and actionable learningsExcellent communication, presentation, interpersonal and analytical skills.Added advantage having experience in conducting research in Fintech / Financial Institutions / Consumer product",,"['User Empathy', 'organization\\Build a Research', 'Fintech / Financial Institutions']"
207,Mobile Developer,"Who are we looking for?A great engineer with:Ability to take complete ownership of the mobile app features and get it done.Intellectual curiosityInitiative, ownership and responsibilityA track record of seeing projects to completion and delivering on timelinesExperience in developing, deploying and maintaining a flutter mobile application of note.Experience in Google firebase services ie, crashlytics, dynamic links, remote config etc.Expertise in working with flutter webviews , they are extensively used in Sensibull mobile to support a number of features .Experience in writing clean, maintainable code in flutter_bloc architectural patternExperience in the submission and review process for both iOS & Android stores.Experience in Native android development is a good to have.*Our Tech *: NodeJS, React, Flutter, Python, Postgres, RedisCulture:Fast-paced, intellectually stimulating, steep learning, and growth.Close-knit, hardworking, supportive colleagues.A flat organization with no hierarchy.",,"['Google', 'Sensibull', 'Postgres', 'RedisCulture']"
208,Front-End Engineer,"What do we expect you to have?2+ years of experience in front-end engineering.An intent to learn and an urge to build a product for a massive scale of users.Interest in writing complex, scalable, and maintainable front-end applications.A little bit of understanding of UI/UX design (you do not have to design assets, but its good to have skills since you would be talking to designers a lot).Empathy while building products and also communicating with peers.Ability to search on the internet for solutions to a problem.Good communication skills as we collaborate regularly.Interview process:15 minute call with the founderAssignmentTechnical roundSalary discussion/offer",,['UI/UX']
209,Motion Graphic Designer,"We are seeking a motivated and energetic artist to join Suraasa as a Motion Graphics Designer. As part of our creative team, you create educational video content that caters to teachers learning and development needs. Our ideal candidate is an expert in an array of Adobe products, including Adobe After Effects, Adobe Premiere Pro and Adobe Illustrator.Roles and Responsibilities :Should be able to translate concepts into designs and create graphic designs, videos, images, infographics.Should be able to edit RAW video footage.Should be able to perform color correction, audio editing and Chroma removal.Enhance videos with tasteful and engaging animations that help drive the narrative.Maintaining continuity while moving shots according to scene value.Trimming footage and putting together the rough project.Consulting with the content team and production team throughout the projectQualification Criteria :Hands-on experience with Adobe After Effects, Adobe Premiere Pro, Adobe Illustrator and Adobe PhotoshopAbility to work in a fast-paced, creative environment with an awareness for clean, modern design.A keen eye for style and fast turn-around on tasks with attention to detail is a must.Preferred Technical and Professional Expertise :Resilience under pressure and against deadlines.Awareness of current trends in design and technology.",,"['Suraasa', 'Motion Graphics Designer', 'Adobe', 'Preferred Technical']"
210,Frontend Developer,"What will you do? Designing and building - scalable, aesthetic, responsive and Pixel perfect front end applications Work directly with developers as a Team Lead to conceptualize, build, test and realize p Combining the art of design with the science of programming - responsible for the translation of UI/UX design wireframes to actual code Develop, release, maintain and optimize Progressive Web Apps to ensure a seamless digital experience Develop and implement front-end architecture to support user interface concepts. Translate user flows, wireframes, mockups and prototypes to responsive user interfaces (UIs) with implementation that is modular, reusable and high-performance Apply best-practices and coding patterns to ensure solutions are maintainable, modular and work well across browsers and devices Stay updated with the latest industry trends in web frameworks technologiesWhat makes you a match for us?Technical Skills- 3+ years of experience as a Front end developer. Software development and a strong command of object-oriented principles/programming in java scripting (OOJS) One or more of the following - React JS / React Native / Angular JS/ Vue / Bootstrap/ Next JS RESTFUL, SOAP web services and APIs Agile Based development methodology like SCRUM, XP.Personality Traits- Strong leadership skills with the capability to lead a team of engineers Dealing well with ambiguity Prioritizing needs, and delivering results in a dynamic environment. Excellent verbal and written communication skills Problem-solving attitude. Highly accountable, takes ownership Capability to work independently in a fast-paced environment of a startup Ability to meet deadlines and work in a time bound environment Critical Thinker and Problem Solver Team Player High commitment levels and achievement oriented",,"['UI/UX', 'Develop', 'Develop', 'Translate', 'Front', 'OOJS', 'RESTFUL', 'SOAP', 'Problem', 'Problem Solver Team Player']"
211,Whatsapp Advisor,"What is expected out of Candidate?You will be the face of Ditto interacting with our users directly.You will understand their requirements and recommend policies or features that are best suited for them.You will be hand-holding our users in their insurance buying journey.The medium for interaction with customers will be via WhatsApp/Chat.Also, if you are not from an insurance background, we have a rigorous two-month training program to get you up to speed.Requirements:Excellent oral and written communication and interpersonal skills.Accuracy and attention to detailGood command of English.Basic computer knowledge and good typing skills are necessary.Ability to communicate, present and influence effectively.Comfortable working in shifts(10 am - 7 pm/ 12pm - 9pm/ 2 pm -11 pm) and working from the office.Perks:Opportunity to lead new sales initiativesComprehensive health insuranceCTC: 4-5LPA",,['WhatsApp/Chat']
212,Android Developer,"What you will doWork on Upswing's Consumer-facing Android SDK with high ownership in a small team of 1-3 engineers.Architect, build, and maintain high performance, modular and reliable code with industry best practices.Work with the Product Leads who are industry experts on the scope, requirements, & solutioning and further on theimplementation level details to bring the best consumer experience for the financial service products.Keep exploring & evaluating the new technologies to improve developer productivity and maintain state-of-the-art technology Skill set requirement & Qualification3+ years of in-depth understanding of the Android Operating System.Hands on experience on developing complex native apps, preferably in consumer tech domain.Working Knowledge of ReactNative in the Android ecosystem.Knows about the best practices in the Android ecosystem for data security, app architecture, network connectivity.",,"['Upswing', 'the Android Operating System', 'Working Knowledge of ReactNative']"
213,Growth Marketer,"Job Description Own growth strategy for our consumer product including P&L responsibility. Work at the intersection of product & marketing, to deliver strategies for unlocking growth potential.The role involves solutioning at scale wherein You need to enable repeatable, predictable, and sustainable growth machines by leveraging product led growth & experimentation.Craft strategies to solve for both short term and long term growth opportunitiesYou will be owning the entire user lifecycle and their journey on the app - which will mean end to end ownership of Activation, Retention as well as resurrection.You will be leading a team of high functioning and driven individuals and will be responsible for ensuring their growth and successLead the function end to end i.e. provide guidance on brand, hypothesis led experimentation, segmentation & building cross functional alignment.You will partner with a number of cross functional teams, both within the Growth function (like Analytics, Strategy and Research) and outside (Like Product, Marketing etc) to ensure the overall growth objectives get delivered and we are prepared for the future challengesRequirements3+ years of product marketing experience in a growing business3+ years of core growth marketing experience - experiment-driven growth process at a high-growth company with a proven track record of driving high retention of the existing usersExperience of managing diverse and high functioning teamsExperience of designing and implementing the overall growth strategy of at least 1 past organisationStrategic growth mindset, first principle thinking and analytical skillsAbility to succeed in a rapidly changing environment.",,"['P&L', 'Activation, Retention', 'Growth', 'Analytics, Strategy and Research']"
214,Frontend Developer (React),"Must-Haves :2-5 years of experience on a JS framework.1+ Years of react exp is mandatoryAt Least 1+ years of experience in ReactjQuery or AngularJs v1 experience will not be counted.Strong CSS3 fundamentals. Flexbox is a swiss knife. But a fort is not meant to be built only with swiss knives :)At least 1 year of hands-on experience on any of the preprocessors like Stylus/LESS/SCSS/SassYou have translated designs to pixel perfect frontend for a product at scaleMust understand REST APIs and know how to interface with themResponsibilities :Work on a category-creating, possibly disruptive fintech product in an early stageEnd-to-end feature development on the front end with complete ownershipCollaborate with back-end developers and designers to improve the usabilityOptimizations, maintenance, and enhancements.",,"['ReactjQuery', 'AngularJs', 'Flexbox']"
215,Senior Sales Manager/Sales Manager,Job Responsibilities: Own and meet a product revenue target Create and manage an effective pipeline of leads and prospects Identify methods to generate leads and inquiries CRM and sales funnel pipeline management and sales reporting Demonstrate/present products to the clients and aware them about the features provided. Negotiate the terms of enterprise/multi-user licensing agreements Revenue forecasting Manage the distribution/reseller relationship for software sales,,"['Create', 'Demonstrate']"
216,Full Stack Architect,"Responsibilities Collaborating with various stakeholders to determine software requirements. Use judgment to design, analyze, document, and develop technical architecture andsolutions for large enterprise level applications and systems. Implement solution architecture by building components and custom designsspecifications with attention to system integration and feasibility. Perform technical feasibility and impact analysis and make recommendations forsoftware architecture or software solution. Identify, analyze, recommend, implement improvements in system architectures. Define all aspects of development from appropriate technology and workflow to codingstandards. Provide the development team with architectural blueprints to follow and guiding andassisting them throughout the process. Oversee progress of development team to ensure consistency with initial design. Troubleshoot and resolve issues with coding or design. Also Perform design, code, andtest plan reviews. Ensure the product is completely functional and meets requirements.Skills and Qualifications Proven experience as an architect with excellent knowledge of software and applicationdesign and architecture. At least 8 years of work experience with extensive hands on coding. Understanding fundamental design principles behind a scalable application. Solid understanding of a variety of programming tools and development platforms. Highly analytical mindset, with an ability to see both the big picture and the details. Experience in software development and coding in various languages (C#, .NET, Java,Angular, JavaScript etc.). Understanding of software quality assurance principles. High quality organizational and leadership skills. Strong communication and presentation skills.Key WordsApplicationDesign, Coding, C#, .NET, Java,Angular, JavaScript",,"['Perform', 'Skills and Qualifications Proven', 'JavaScript', 'Coding', 'JavaScript']"
217,Techno-Commercial Lead,"Bachelors/Masters in Road/highway EnggExperience in road construction, pavement design, material testing, concrete engineering, asphalt technologies,QS and cost management related experience.3 to 8+ yrs. Bangalore Based.",,"['Bachelors/Masters', 'QS']"
218,Frontend Engineer Mobile,Who you are: An experienced front-end engineer who is familiar with all the modern frameworks Someone excited about building things from the ground up Someone who is experienced working with front-end infrastructure as well asimplementing new features An excellent communicatorWhat you will do: Make architecture decisions on the future of our front-end Implement front-end infrastructure and frameworks that power our products Lead front-end-related projects Mentor more junior front-end engineers to make our team more effective,,[]
219,Principal Engineer,"About the role- You are an exceptional engineer first, and have experience in mentoring the engineers in the team.- Build a strong engineering team & culture, hiring great engineers along our journey.- Engineer new products and features, improve existing products and features.- Working knowledge of Devops & Infra part of the setup.What are we looking for?- 5+ years experience across the engineering stack (both frontend & backend).- Bachelor/Masters of engineering.- You are proficient with multiple parts of our technology stack: React/Swift, TypeScript, Node.js, and Postgres.- We are location agnostic, but in the same time zone (India). We have a small garden office @ Jayanagar, Bangalore (home to some of the best dosas in India) to jam together on anything that requires space.- You are not fixated on any one programming language & can learn new tech as needed.- You are clear that problem-solving & shipping >> scaling in the 0 to 1 stage.Bonus- You have expertise in data engineering, video or audio engineering.- You contribute to open source projects.- You have an interest in education & kids.- You have interests outside of technology, such as in art, music or any performing art.",,"['Devops & Infra', 'React/Swift', 'TypeScript', 'Node.js', 'Jayanagar, Bangalore']"
220,Recruitment Sourcing Lead,"What is expected out of Candidate?You will be assisting with the end-to-end hiring process with the main focus being on sourcing relevant candidates from various platforms, screening profiles, and ensuring a strong candidate experience.You would need to understand the ongoing hiring needs of the business and establish the right sourcing mix to generate a strong pool of talent for various roles.You will be responsible for identifying and using various sourcing techniques to create a candidate pipeline with the relevant skill set required.You will also be responsible for managing day-to-day sourcing operations and coordination activities.You will be assisting with driving the HR practices of the company.Qualifications and Desired SkillsMinimum experience in pure sourcing: 2 - 4 yearsStrong knowledge of various sourcing tools and methodologiesExcellent communication and interpersonal skillsProficiency in recruitment & sourcing portalsGood planning and execution skillsGood coordination skills",,[]
221,Sales Manager,"WHAT YOU NEED TO BRING TO THE TABLE? 5-9 years of experience in a similar kind of role in luxury sales is preferred. Experience in a field role, and enthusiasm to learn. Having experience in luxury real estate industry is a plus, but not mandatory. Proficient in English and Hindi. Kannada is a good to have. Good communication skills, both verbal and written. Good organisational skills Ability to work at a quick pace Ability to coordinate well with multiple stakeholders A desire to maintain data in order at all times. Strong observation skills Positive target driven orientation Willing to travel within Bangalore on a regular basis",,['TABLE']
222,Sales and BD Associate,"Veera Health is hiring a Sales and Business Development Associate to join our talented team.As a Sales and BD Associate, you will be at the front line of our business and in constant touch with customers. You will understand their needs, pitch our product, answer questions and help them make a decision to invest in their own healthcare. You will brainstorm ideas for and lead partnerships with companies, influencers and other strategic partners. Being part of an early stage startup, you will also get to see every part of how a company runs.Responsibilities:Lead sales calls with potential customers and convert themMeasure lead quality and brainstorm ways to improve through lead generation activitiesCreate marketing and pitch materials where requiredBrainstorm and lead strategic collaborations with corporate and influencer partnersPotential to advance and lead the sales team to improve performance and start new initiativesPreferred qualificationsOnly female candidates need applyDegrees: BBA, BA, Bsc.0-2 years of experience in B2C online salesExcellent English speaking and writing skills. Articulate and persuasive communication skills.Ability to speak a second/regional language is a bonus.Strong bent towards using data and analytics to drive better customer servicePast experience in pharma selling, hospital, or healthcare management is a bonus.Knowledge of women's health conditions is a bonus.Proficient in Microsoft Word, Powerpoint, Excel and CRM tools like ZohoComfort with ambiguity and early-stage startup atmosphere, willing to be flexible and undertake different types of workSelf-driven and willing to take initiativesLocationOpen to remote working in India - headquartered in the USWhat we offerAt one of India's fastest growing healthtech companies, you will get:Competitive salary in a rapidly growing VC-funded startupAccelerate your career by working in a fast-paced environment with the freedom to take on a range of different responsibilities.Work closely with founders who have worked at some of the best healthcare and consumer organizations in the world. We are driven to succeed but also caring colleagues who value and care for each other.Opportunity to craft the early vision and growth of a first-of-its-kind, cutting-edge, consumer healthcare brand.Work towards a deeper mission of improving access and quality of healthcare for women, a massively underserved market.",,"['Veera Health', 'Sales and Business Development Associate', 'BBA', 'BA']"
223,Junior Performance Marketer,"ResponsibilitiesExecute integrated digital strategy for client projects.Complete day-to-day performance marketing tasks to maximize ROI.Manage digital marketing campaigns on several platforms (Facebook Ads, Google Ads, etc.).Track, report, and analyze website analytics and PPC initiatives and campaigns.Be in contact with your assigned clients and create weekly/monthly reports.Assist communication of the progress of all initiatives with clients key people periodically.Requirements:2-3 years of experience in managing digital advertising campaigns.Strong analytical skills.High level of initiative and work well in a team environment.Handle stressful situations and deadline pressures well.Mandatory ecommerce experience in running facebook ads specifically.",,"['ResponsibilitiesExecute', 'PPC']"
224,Junior Python Developer,"We are looking for a talented and enthusiastic Python Developer with a minimum of 1+ years of experience to join our team. You will be responsible for designing, developing, andmaintaining Python applications and solutions that meet our clients' needs.Responsibilities: Develop and maintain Python applications and solutions. Write clean, efficient, and reusable code. Collaborate with cross-functional teams, including product managers, designers, andother developers, to define and implement software requirements. Identify and resolve technical issues, bugs, and performance bottlenecks. Stay up-to-date with new technologies, frameworks, and best practices. Participate in code reviews and provide feedback to other developers. Contribute to the development of technical documentation.",Ability to work independently and in a team environment.|Ability to solve problems on the go|Impressive coding skills|Comfortable with startup environment,['Python Developer']
225,Delivery Lead,"Key Skills / Knowledge required:Exposure to Analytics delivery process, ability to troubleshoot using insights within the dataAbility to understand data and insights with respect to business requirements and contextBasic Database query skills, with knowledge of Web-crawling concepts is preferredRelevant experience of 3-5 yearsExcellent communication skillsTeam management and ability to deliver while working with cross functional teamsExposure to Agile Development (Scrum / Kanban) methodology is a plusPassion to understand data, and make big data useful for businessesGood to have machine learning knowledge/ certificationJob Description:Developing project scopes and objectives, involving all relevant stakeholders and ensuring technical feasibilityEnsure that all projects are delivered on-time, within scope and within budgetMap business requirements to right data science solutionsMeasure project performance using appropriate systems, tools and techniquesReport and escalate to management as neededEstablish and maintain relationships with Clients, internal stakeholders, third parties / vendorsCreate and maintain comprehensive project documentationEffectively monitor, control and support delivery, ensuring standard operating procedures and methodologies are followed",,"['Key Skills / Knowledge', 'Agile Development', 'budgetMap']"
226,Media Buyer - Google Ads,"An ideal candidate should have:2-4 years of experience in strategizing & executing performance marketing campaigns on Google advertising - search, display, youtube.Ability to understand the target audience, audience persona based on data provided.Ability to ideate & iterate product angles at break-neck speed in order to improve campaign conversion rates & ROI metricsUnderstanding of funnels and their associated metricsUnderstanding of conversion copywriting & pattern-interrupt adsAbility to scale campaigns in identified markets rapidly based on ROI benchmarkingStrong understanding of optimization tactics that impact ROI metricsAbility to operate in a hyper-paced startup & thrive under pressureExperience in Ed-tech, e-commerce, or digital agency would be an added advantage",,"['Google', 'Ed-tech']"
227,Founding Head of BizOps and Strategy,"Company Overview:We are building the AirBnB of long term home rentals in India. A 100% digital technology enabled brokerage focused just on home rentals. Nothing like this exists in India today and global comps are Quinto Andar (last valued at $5.5 bn) and Lianjia (IPO in NYSE at $87 bn).We are seeking someone who is not only passionate about startups, real estate, technology, but also thrives in a fast-paced startup environment and is excited to contribute to something truly groundbreaking and participate in the creation of something from zero to one. We seek to create a seamless and frictionless experience for renters and landlords alike and the crucial under pinner behind this kind of experience is a well-managed behind the scenes operational network.Responsibilities:Define, create and implement and completely own all SOPs relating to operations. tenant experience, vendor operations, trust&safety functions.Create from scratch and with complete autonomy an operations team to execute all business priorities.Define the strategic evolution of these functions to support rapid scaling while maintaining an extremely high bar for experience quality. You will make key decisions about resource allocation, expansion, and organizational and role changes.Partner closely with the product lead to support the evolution of Jugyahs internal tooling and identify opportunities for automation.Own customer success and experience functions in organization.Onboard and manage vendors on Ops / Quality / Processes related topics.Leading long-range planning and coordinating initiatives across the Department to break down silos and ensure all relevant program areas and stakeholders are engaged and timelines met; Managing day-to-day Department operations including reviewing all external communications,",Strategic thinker with at least 3+ years’ experience developing and growing operations functions across strategy consulting or early stage startups.|Have at least 3 years of experience leading medium to large sized teams (ideally across operations|trust & safety|or customer success).|strong at both strategy and execution.|Strong attention to detail and ability to multitask.,"['IPO', 'NYSE', 'trust&safety', 'Ops / Quality / Processes', 'Department']"
228,Head of Customer Success,"Must have5+ years of overall customer support experience in aB2C product company3+ years of experience heading or managing support teams of at least 10 people in a B2C product company3+ yrs experience with Freshdesk or similar ticket management solution, driving high NPS, process automation2+ years of hands-on experience in Voice/Chat/ Emails support as an individual contributorResponsibilitiesEnsure the customer is heard throughout the escalation processProvide customer insights and bug reports to tech and product teamsLook for ways to improve the product by listening to the usersBuild the team - hire and grow the customer support team Own the support function, set KRAs, KPIs for the team, and create support processesOversee, measure, and monitor the output of all support team membersEvaluate the tools available for the team and look for better solutionsHandle payments, reconciliations, and related operationsRequirementsProven experience in building and managing a customer support team with a high NPSHistory of driving successful change and improvement with impactful and measurable resultsHigh energy and bias for actionExcellent written communication skills in EnglishA keen willingness to learn new thingsPatience, maturity, and genuine customer empathyProactive attitude, initiative taker, finisher",,"['company3', 'company3', 'NPS', 'Voice/Chat/ Emails', 'KRAs', 'initiative taker']"
229,Fullstack Engineer,"Main Responsibilities of a Full stack engineerA full-stack engineers responsibility would be to build services based on the product roadmap. To be successful in this role, we would expect the engineer to have a balance between velocity and building stable software. Responsibilities include - Contribute to expanding our integrations portfolio. We have the ambition to build over 100+ integrations in the next 6 months. Scaling our integrations mechanism. We have figured out a way/design pattern to integrate and maintain our integrations at scale. Expanding our use case portfolio. We are building a lot of templates wherein users can get started on the platform quickly. For every component, we need corresponding services and UI components that go with it.Key Requirements You have a degree/diploma in CS, STEM or a related field You have 1 to 3 years of experience as a developer in SaaS oriented companies. Experience in startups would be preferred. You are proficient in golang esp. building microservices, highly available, reliable and scalable systems. Experience is rust is a plus Building distributed fault-tolerant systems Background or motivation Understanding DevOps, SRE, Day 2 operations is a plus. Interest in automation in general Collaborating effectively with the product, engineering, and management teams Identifying and automating the collection of customer feedback, usage metrics, and usability findings",,"['Main Responsibilities', 'UI', 'CS', 'golang esp', 'DevOps', 'SRE']"
230,Performance Marketing Head/Lead,"An ideal candidate should have:7+ years of experience in strategizing & executing performance marketing campaigns across social media, search engines, video & emails.Proven track record of driving and exceeding revenue/ business goals.Act as the chief architect of the delivery strategy, testing strategy, forecast, and plan for all the products.Team Management, Lead team to achieve targeted performance.Work on yearly, quarterly and monthly media plan.Partner closely with various lines of business to fully align on the overall customer acquisition strategy and prioritization in accordance with the evolving P&L priorities.Ability to ideate & iterate product angles at break-neck speed in order to improve campaign conversion rates & ROI metrics.Strong understanding of funnels and their associated metrics.Strong understanding of conversion copywriting & pattern-interrupt ads.Ability to scale campaigns in identified markets rapidly based on ROI benchmarking.Strong understanding of optimization tactics that impact ROI metrics.Solid expertise in setting up & managing Google Analytics, Google Tag Manager & Google Search Console.An entrepreneurial mindset and experience of setting up projects combined with a hands-on approach.Ability to identify new platforms based on consumer insights.Resilience to drive agenda in the face of a challenging environment.Ability to operate in a hyper-paced startup & thrive under pressure.Analytical ability to break a marketing problem down to solutions and impact measurement, ability to effectively manage time, build & manage a team of performance marketing professionals.Knowledge of media, online advertising, and agencies.Experience in Ed-tech, e-commerce, or digital agency would be an added advantage.",,"['Team Management', 'P&L', 'Google Analytics', 'Google Tag', 'Ed-tech']"
231,Brand Manager / Asst. Brand Manager,"What you will do: Take brand ownership and devise the brand strategy, including the setting of style guides, brand guidelines, brand vision and value proposition for short as well as the long term. Translate brand strategy into brand plan and go-to-market strategy. Plan and execute communications and media actions across offline, online and social media. Design degree brand & marketing campaigns for building brand awareness and brand love. Take end to end ownership of Henlos social media handle by curating the content strategy and managing the monthly social media calendar Own growth metrics of social media channels - engagement rate, follower growth etc. Use data, customer insights, feedback and customer-centric thinking to deeply understand the customer lifecycle and identify opportunities for growth and optimization at every stage. Ensure that marketing and communications efforts adhere to agreed timelines and manage the expectations with various stakeholders. Keeping up to date with market developments and analysing consumer insights as well as competitor strategies. Guide the Advertising & Promotion budgets. Work with different cross-functional teams as required, to effectively drive execution and performance.What were looking for: 2+years of work experience in Brand Marketing Ability to articulate ideas and key objectives Stakeholder and agency management is a must Experience presenting metrics and progress to goal with stakeholders MBA in Marketing/Brand Management preferredWhat we offer: Learning & Development: Work with veterinarians in a start-up environment with a steeplearning curve Ownership: Individually lead important charters with high impact potential Employee first culture: Putting employees above everything else. Be surrounded bypositivity and furry friends Perks & benefits: Salary matching market compensation.Interview Process:Connect with the Brand Marketing LeadAssignmentRound with the Category ManagerFinal round with the Co-founderOur preferred companies: Rage, Sleepy Owl, The Whole Truth, Mokobara, Spotify, Bumble, and Myntra.Working days: 6 days (Sunday holiday)",Candidates should be from a Consumer / D2C / Digital-tech brands|Should have completed an MBA in Brand Management or Marketing|Should be open to working for a startup,"['Brand Marketing Ability', 'Stakeholder', 'MBA', 'Marketing/Brand Management', 'Learning & Development', 'Perks &', 'the Brand Marketing']"
232,Senior Frontend Developer/Tech Lead (React),What are we looking for? 5-10 years of experience on a JS framework. 1+ Years of react experience is mandatory At Least 1+ years of experience in React jQuery or AngularJs v1 experience will not be counted. Strong CSS3 fundamentals. Flexbox is a swiss knife. But a fort is not meant to bebuilt only with swiss knives :) At least 2 years of hands-on experience on any of the preprocessors likeStylus/LESS/SCSS/Sass You have translated designs to pixel perfect frontend for a product at scale Must understand REST APIs and know how to interface with them,,"['JS', 'AngularJs', 'Flexbox']"
233,Salesforce Developer/ SFDC Specialist,"Responsibilities: Work with the Product and Design team to build, maintain and iterate on the SpotDraft application on the SpotDraft AppExchange Act as a leader for all SpotDraft integrations built across various app ecosystems Play an active role in positively influencing the design direction Check in and deploy code and configurations; participate in release management Participate in story planning, standups and retrospective Produce documentation and tutorials that enable other teamsRequirements: Minimum of 4+ years of Salesforce application development experience Experience working with Python & Django Expert in Lightning, Apex, VisualForce, SOQL/SOSL, and Javascript Experienced with Salesforce SOAP API, REST API, and BULK API Experienced with Web UI frameworks in Visualforce pages or Lightning components. Excellent verbal, written, communication, interpersonal and presentation skills Excellent cross-functional stakeholder management Passion for technology, industry research and enjoys solving business problemsWhy SpotDraft? When you join SpotDraft, you will be joining an ambitious team that is passionate about creating a globally recognized SaaS company & brand. We set each other up for success and encourage everyone in the team to play an active role in building the company. It is possibly the best time to join. The team is lean and still growing. There are endless opportunities to show immediate impact, build processes from scratch, and do things you have not done before. Building and selling to an international audience - which is always a great experience to have! Amazing teammates, great work culture & flat hierarchy.Our Core Values:1. Our business is to delight Customers2. Seize opportunities3. Details Matter4. Become 1% better every day5. Be transparent. Be candid.6. Play for each other.",,"['SpotDraft', 'SpotDraft', 'Python & Django Expert', 'VisualForce', 'SOQL/SOSL', 'BULK API Experienced', 'SpotDraft', 'SpotDraft', 'opportunities3']"
234,Senior Product Manager,"Primary Responsibilities: Develop and implement product strategies consistent with company vision Collect and analyze feedback from customers, stakeholders, and other teams to shaperequirements, features, and end products Work with senior management to create product plans and roadmaps Lead product managers and coordinate cross-functional teams Produce and review product requirements documents (PRD) Ensure products and releases are launched correctly and on schedule Make creative recommendations to expand product base and vision Suggest ways to track product use and impact on end-usersRequirement: Proven work experience in Product management Experience in product lifecycle management Solid technical background with understanding and/or hands-on experience in softwaredevelopment and web technologies Familiarity with Agile framework Organizational and leadership abilities Creative thinking skills and Problem-solving aptitude Proven ability to develop product and marketing strategies and effectively communicaterecommendations to executive management. Skilled at working effectively with cross-functional teams in a matrix organization",,"['Solid', 'Familiarity with Agile', 'Problem']"
235,Offline Channel Manager,"Candidate will be responsible for co-ordination with all our Distributor Partners, Area Sales Manager and Sales executives. Key responsibilities would involve: -Coordination with National Sales Head and Regional Sales Head for daily update-Smooth operation and dispatches of offline orders with internal teams-Overlooking Visibility, promotion and packaging materials for offline retail Stores-Monitoring sales executive team and their DSR-Market Visits to see placement and overall off takeHelping Area Sales Manager in creating Systems and Processes for Sales Team for better Product Placements.",Offline Retail Experience|Good People Skill|FMCG Experience|D2C experience,"['Distributor Partners', 'Overlooking Visibility', 'Systems']"
236,Front end Engineer,"As a front-end engineer, here are some of the things you might work on:Developing rich, dynamic and performant charts via extending visualization libraries like d3Developing a robust UI component library on top of ReactCreating narratives that combine visualizations, text, and videos with an eye toward performance and scalabilityBuilding an internal tool that makes creating rich stories easyCreating a system of interactive inline tools and widgetsProcessing tons of data points seamlesslyPairing closely with designers and back-end data infra engineers like pakodas and chaiYou will probably like working with us if.1) You like the ownership, camaraderie and chaos of a start-up environmentStart-ups are not right for everyone. Things move quickly and change frequently. Start ups have not ""made it"" yet. We have to convince customers we are valuable enough to them. We must be scrappy and flexible. Everyone will wear lots of hats.But: if you have future aspirations of being an entrepreneur or leader, you will find few better learning grounds. You will learn by doing. You will be given a ton of trust and responsibility. You will see very transparently how we operate and make decisions. Your work will absolutely matter to the success of our company.2) You value learning and have a growth mindsetSundial is founded on the idea that slope is far more important than intercept. We are a learning environment, and all of us have something to teach and learn from each other. We invest heavily in learning sessions, sharing insights, and reflecting on our growth. We are also very well connected within the open-source frontend developer community",,"['UI', 'ReactCreating']"
237,Android Developer,"What will you do? Translate designs and wireframes into high-quality code. Ensure the best possible performance, quality, and responsiveness of the application. Identify and correct bottlenecks and fix bugs. Help maintain code quality, organization and automation. Develop, release, maintain and optimize native Android Applications and oversee mobile application development efforts Work directly with developers and product managers to conceptualise, build, test and realise products Continuously discover, evaluate, and implement new technologies to maximise development efficiency Stay updated with the latest industry trends in mobile technologies Understand the market and participate in product roadmap discussionsWhat makes you a match for us?Technical Skills: Developing mobile apps using Android SDK with proficiency in Java / Kotlin Core Java with good knowledge of Kotlin with solid OOD principles and design patterns Jetpack components, RxJava and Dagger2 Storyboards, auto layout and size classes for UI designing Memory management, multithreaded programming and background processing Strong CS fundamentals (with competencies in algorithms and data structures) SaaS platforms for mobile development such as Analytics, Push Notifications, Cloud Storage, Ad Networks, etc Knowledge of Androids debugging, unit-testing, memory and performance optimization tools as well as experience of automated and manual testing platformsPersonality Traits: Excited to create something highly functional, useful, something that can set benchmarks Dealing well with ambiguity Prioritizing needs, and delivering results in a dynamic environment. Excellent verbal and written communication skills Problem-solving attitude. Highly accountable, takes ownership Capability to work independently in a fast-paced environment of a startup Ability to meet deadlines and work in a time bound environment Critical Thinker and Problem Solver High commitment levels and achievement oriented Team player",,"['Develop', 'Continuously', 'Android', 'UI', 'Strong CS', 'Analytics', 'Ad Networks', 'Problem', 'Problem Solver', 'Team']"
238,HR Manager - Talent Acquisition,"Job DescriptionOver the past year, we have gone from strength to strength and we are now looking for a self-motivated HR Manager to join our team and own our end-to-end recruitment process. Ultimately, you will help us build a strong employer brand and ensure we provide a positive candidate experience.ResponsibilitiesBe a part of manpower planningCoordinate with Department heads to forecast department goals and hiring needsOwn hiring goals with no supervision from senior managementWrite and post technical job descriptions in consultation with the stakeholdersSourcing for relevant profiles from Linkedin and other job portalsGetting profiles screened, setting up interviews, end to end candidate engagement through offer and post offer stagesCraft and send personalised recruiting emails with current job openings to passive candidatesInterview candidates combining various methods (e. g. structured interviews, technical assessments and behavioral questions)Candidate engagement preboarding through activities with multiple touch pointsManage a team of Talent Acquisition partnersRequirements7-8 years' prior proven track record in a talent acquisition role at a tech startupAbility to work well and thrive in a fast paced environment.Proven track record of having scaled up tech product organizations as a technical RecruiterHands-on experience with various interview formatsTechnical expertise with an ability to understand and explain job requirements for IT rolesFamiliarity with Applicant Tracking Systems and resume databasesSolid knowledge of sourcing techniques (e. g. social media recruiting etc)Excellent verbal and written communication skills",,"['Department', 'stagesCraft', 'questions)Candidate', 'Talent Acquisition', 'Applicant Tracking Systems']"
239,Head of Data Science,"What will you do? Lead and grow a team of Data Scientists and Machine Learning engineers Understand diverse datasets generated via Zenius apps, payments systems and other clickstream sources and generate insights Setup short term, mid term and long term roadmap to deliver superlative user experience Be a leading authority on choice of best in class ML models, stack, tools and processes Evangelize the need for data science across the organization and educate peers and other leaders in the company of the latest in data science and analytics Have a long term engineering bias and not a fan of short cuts to deliver quick winsJob Qualification Masters degree in Statistics, Mathematics or Computer science or Engineers from Tier 1 institutes 10+ years experience in Data Science and Analytics. Proficient in writing maintainable Python code and familiarity with its scientific stack such as numpy, pandas, scikit learn, matplotlib, pytorch, keras Demonstrated success in defining goals, formulating approach, building analytical models and continuous optimization. Strong communication, interpersonal skills Ability to collaborate effectively in a matrix environment located in multiple countries",,"['Data Scientists', 'ML', 'Qualification Masters', 'Statistics, Mathematics or Computer', 'Data Science and Analytics', 'pandas']"
240,Senior iOS Developer,"Requirements : Develop, release, maintain and optimize native iOS Applications and oversee mobile application development efforts Work directly with developers and product managers to conceptualise, build, test and realise products Have the ability to balance high response, stable and efficient code with attractive and functional aesthetics Hands-on experience in Multi-threaded programming, and good knowledge of networking concepts Continuously discover, evaluate, and implement new technologies to maximise development efficiency Stay updated with the latest industry trends in mobile technologies Understand the market and participate in product roadmap discussionsMinimum Qualifications : 3+ years of similar experience in iOS Developing mobile apps using iOS SDK with proficiency in Swift / Objective C Swift with solid OOD principles and modern design patterns like MVVM, VIPER, CLEAN Well versed with storyboards, auto layout, and size classes for UI designing Offline data management using CoreData / Realm / SQLite RxSwift / reactive paradigm. Strong CS fundamentals (with competencies in algorithms and data structures) Memory management and managing compute effectively SaaS platforms for mobile development - Analytics, Push Notifications, Cloud Storage, Ad Networks, etc iOS debugging, unit-testing, memory, and performance optimization tools Knowledge of automated and manual testing platforms",,"['Swift / Objective C Swift', 'VIPER', 'CLEAN', 'UI', 'CoreData / Realm / SQLite RxSwift', 'Ad Networks']"
241,Catalog Associate,"Duties and Responsibilities: Make consolidated spreadsheets to keep the specification, features, and compliance details of different brands in one place. Upload contents, images, and videos of all the brands on different portals as per the requirement. Audit the listings of different brands every week (after uploading) on all the portals to ensure that the data is reflecting on the front end. Verify the content on the images to check their relevance and ensure that the data is factually correct. Resolve the listing issues, as per the audit reports. Raise tickets on the platforms for the catalog/listing issue and get them resolved timely. Manage the calls with Agencies to get the catalogue images updated and up to the mark. Coordinate with the category managers to share the samples with the respective agencies for the photoshoot, video creation, and catalog images. Coordinate with agencies for the timely delivery of the mood boards and manage the timelines. Take the feedback from the internal team, share the same with the agencies, and coordinate until we get the final output.",,[]
242,Sales Manager (Tamil ),Responsibilities & Duties Training new hires. Create an inspiring team environment with an open communication culture Set clear team goals Delegate tasks and set deadlines Oversee day-to-day operation Monitor team performance and report on metrics Motivate team members Discover training needs and provide coaching Listen to team members feedback and resolve any issues or conflicts Recognize high performance and reward accomplishments Encourage creativity and risk-taking Suggest and organize team-building activities,,"['Responsibilities & Duties Training', 'Oversee', 'Listen', 'Recognize']"
243,DevOps Engineer,"Job Description: As a DevOps Engineer at Custiv, you will be at the forefront of optimising and managing our data infrastructure. You will play a pivotal role in ensuring data reliability, consistency, and availability while leveraging your expertise in databases, DevOps practices, cloud technologies, and CI/CD. You Will be working with a small engineering team that focuses on high impact and scalable solutions to work towards digitising the future of manufacturing",• Proficiency in DevOps practices|networking|tools|including Kubernetes|AWS|CI/CD pipelines and IaC technologies like P,"['Custiv', 'DevOps', 'CI']"
244,CSR Program Manager,"Able to Design and execute CSR projects.Understanding of Road Safety,Should have an understanding to do baseline survey,.Experience in setting up employees Volunteering initiatives,Project Management,CSR Event Management,Understanding of CSR compliance and reportingand related experiencemin 3 to 5+ yrs, Bangalore Based.",,"['CSR', 'Project Management', 'CSR Event Management', 'CSR']"
245,Product Analyst,"About the RoleAs we scale we are looking for a Product Analyst who will shape the direction of SpotDrafts products by using data-driven insights to identify opportunities and prioritize product and engineering initiatives. This is a pivotal role in the product team. The selected candidate will have complete ownership of driving and evangelizing product analytics in one of the fastest-growing SaaS companies in India.Responsibilities: Drive product impact by proposing and conducting quantitative research into key user behaviours - in partnership with product managers, engineers, designers and other team members Work with Product Managers to ensure the right instrumentation is set up for product features that are being launched Develop an In-depth understanding of user journeys on the SpotDraft platform and create funnels reports and dashboards. Measure, report and analyze metrics that indicate progress and gaps towards adoption and engagement goals.Requirements: 2+ years of experience in a similar role Passionate about solving problems possesses a relentless need for investigation and data exploration Strong foundation in data query/manipulation using SQL and data visualisation using tools like Metabase Experience in product analytics tools (Mixpanel, Amplitude, Heap, Google Analytics, Datadog etc) Experience using Python, R or other tools for statistical analysis is a strong plus. Should be able to engage with product managers and senior management. Growth Mindset",,"['SpotDrafts', 'Develop', 'SpotDraft', 'SQL', 'Metabase Experience', 'Google Analytics', 'Datadog']"
246,Human Resource Manager,"Human Resource Manager: Roles & Responsibilities- Own the recruiting cycle from end to end, spanning all areas and discipline- Design, plan and execute employer branding activities- Reviewing employment applications and background check reports- Partnering with external providers as required to ensure hiring needs are met.- Design performance review system- Determine HR and recruiting KPIs, and present the report to the leadership team.- Employee engagement and feedback- Payroll management and policies design & implementationKey skills: 1. 3 to 6 years of talent acquisition/HR experience. Working experience with any Edu-tech Company or a tier 1 Startup is a PLUS.2. Hands-on experience with posting jobs on social media and job boards3. Excellent communication, written, negotiation, and time management skills with attention to detail.4. Masters's Degree in Human Resources or related field.5. Proficiency with Microsoft Excel and familiarity with HR databases and Applicant Tracking Systems (ATS).6. Ability to work in a fast-paced environment. Being an enthusiastic team player with a solid drive to create a positive work environment.",,"['Degree in Human Resources', 'Microsoft Excel', 'Applicant Tracking Systems']"
247,Content Intern,"The resource will be responsible for a wide spectrum of projects including content creation across digital medium for one of the global tech brand which is transforming every category they enter with iconic inventions that work, perform and look very different.Understanding of content marketing ecosystem and the ability to think & develop original content that proves engagement for the brand would be important elements to this roleWill be responsible to understand brand briefs, suggest & evaluate most relevant platforms, drive innovations to create content campaigns.Responsibilities Of The Role:You will be responsible from bringing in platform neutral content-based ideas for the brand to formulating cross - platforms content strategy basis client briefs, Brainstorm with team-members to develop new ideas.Identify & pitch relevant opportunities in sync with brand objectives, topicals and trends.Liaison with internal & external stakeholders for brand campaigns.Tracking performance of the campaign and reporting.End to end project management from planning to executiony, Maintain client and partner relations.Managing finance, Negotiations and deal closures.Share and create Best Practices in content.Competencies & Skills:Radical thinking.Great Communication Skills.Smart professional who can think on his/her feet.Quick Decision-MakerSolution oriented.Some background in creating Content solutions.",,"['Brainstorm', 'Negotiations', 'Competencies & Skills:Radical', 'Great Communication Skills', 'Content']"
248,Copywriter,"We are looking for a copywriter who has proven experience and success in writing high-converting copies and building landing pages.What you will do:Manage and Organize the Content Calendar and complete multiple projects within given deadlines.Write conversion-friendly content in different formats like Emails, Website Copy, Landing Page Copy, Video Ad Scripts, Ad Copies, Press Releases.Communicate and Cooperate with the content team, mentors, and external parties involved and pick up new skills on the way.Monitoring and analyzing performance using a few performance indicators (KPIs) and offering suggestions for improvements.Come up with creative and inspiring ideas and content that get applause from the audience and get us conversions.Produce error-free content that adheres to the companys style guidelines.Perform various other tasks as per requirements.",,"['Emails', 'Communicate', 'Cooperate']"
249,Acquisition - Associate,"WHAT WILL YOU DO? Communicating with residents in houses Ivy Homes is evaluating, Channel Partners Ivy Homes team works with, Property Managers and Home Owners as necessary from time to time. Executing data gathering and logging data promptly on CRM. Generating dashboards and reports from CRM to share with stakeholders. Keeping up with product and service information and updates. Creating and maintaining a database of current and potential sellers. In-depth understanding of and coordination with the Operations team for Home Inspections Explaining and demonstrating features of products and services. Staying informed about competing products and services. Helping close acquisitions and achieving acquisition targets with the team.WHAT DO YOU NEED TO BRING TO THE TABLE? 0-6 years of experience in a similar role in the real estate industry is preferred but not mandatory. Experience in a field role and enthusiasm to learn record maintenance and reporting in a new CRM system Having experience in the real estate industry is a plus but not mandatory Proficient in English, Hindi and ideally some language(s) from the Southern part of India Good communication skills, both verbal and written. Good organisational skills Ability to work at a quick pace Ability to coordinate well with multiple stakeholders A desire to maintain data in order at all times. Strong observation skills Positive target driven mindset Willing to travel within Bangalore regularly - owning a bike is a big plus",,"['Channel Partners Ivy Homes', 'Property Managers and Home Owners', 'Operations', 'TABLE']"
250,Senior Python Developer,"Job Description: We are seeking a talented and experienced Senior Python Developer to join our team. The ideal candidate will have a minimum of 3+ years of experience in Python development, with strong skills in software design, architecture, and development.Responsibilities: Design, develop, and maintain Python applications and solutions. Write clean, efficient, and reusable code. Collaborate with cross-functional teams, including product managers, designers, and other developers, to define and implement software requirements. Identify and resolve technical issues, bugs, and performance bottlenecks. Stay up-to-date with new technologies, frameworks, and best practices. Mentor and guide junior developers.",Comfortable with startup environment|Impressive coding skills|Ability to solve problems on the go|Any day work week,[]
251,Performance Marketing Expert,"The role of a performance marketing specialist at Suraasa involves leading performance marketing for our global audiences from ideation, analytics, strategy to execution. Your own performance is measured on the basis of delta delivered in audience identification, revenue growth and brand amplification. Details of your responsibilities are mentioned below.Roles and Responsibilities :Work as a team member within our growth teamDevelop creatively data-informed ways of identifying audiences on several social media platformsOwn the planning of performance marketing and growth experiments to optimise for lead acquisition metrics across multiple channelsPlan Media Mix and media spend allocation and forecastingWork with external agencies to execute strategies on a day-to-day basis 6. Prepare analytics dashboards to track campaigns success, audiences response, lead generation flow (CRM), and media spendGather continuous feedback from internal stakeholders on campaign qualitySetup technical integrations and automation between CRMs, sales and marketing platforms to ensure a delightful customer experienceBe up-to-date on the hottest trends in performance marketing and identify suitability for our processesPerform weekly quality audits on all funnels, user journeys, & data capture processesKey Performance IndicatorsReturn on Advertising SpendQuantity and Cost of Qualified LeadsCommunity Size Growth & Engagement on Social MediaQualifications :Skill Fit -Work Experience of at least 1 year as a performance marketer (Preference will be given to people with prior experience in leading performance marketing agencies)Data-driven and advanced knowledge in Data Analytics and Visualisation (Excel, Alteryx, Tableau, Google Analytics)Strategic, objective-driven mindsetKnack for experimentation and testingBlood Group M+ (Marketing Positive)Cultural Fit-You love what you do: Everyone in the organisation is so passionate about what they do that the energy is contagiousYou respect everyone as good work relationships are built on mutual respectYou have a non-zero-sum mindset: You are not competing with anyone and believe in working together as a team towards a common goalYou are an open communicator: You believe in full transparency and open conflict resolutionYou are a hustler: You have a never-ending urge to move out of your comfort zone and learn as much as you canYour key values include integrity and kindness",,"['Suraasa', 'Data Analytics and Visualisation (Excel', 'Google Analytics)Strategic']"
252,Product Analyst,"Required Qualifications- Education: The Product Analyst must have a degree in Engineering or Business from a reputed college or university.- Experience: The work experience required for competency in this role is inclusive of: experience in Product Analytics.- Ms Office: The Product Analyst has to be extremely proficient in Microsoft Word, PowerPoint, and Excel.- Creativity and Vision: The Product Analyst must have great creative, and critical thinking skills. In addition to these, he must also possess excellent problem solving skills.- Organizational Skills: The Product Analyst has to have exceptional organizational skills, have great time management skills, be able to prioritize, be detail oriented, and be able to handle multiple tasks simultaneously.- People Skills: It is also extremely important for the Product Analyst to possess great people skills and be able to work independently as well as collaboratively with cross-functional teams.- Communication: Due to the roles demand for constant interaction with other people, whether during presentations to stakeholders and Product Managers, or during normal cross-functional collaborations; the Product Analyst must possess excellent skills in written and verbal communication.- Self-Motivated: The Product Analyst must be motivated and proactive, constantly taking initiative to learn emerging market research skills and tools that will increase his efficiency in the performance of his duties.",,"['Engineering or Business', 'Product Analytics.- Ms Office', 'Microsoft Word', 'PowerPoint', 'skills.- Organizational Skills', 'the Product Analyst']"
253,Data Engineer,"Responsibilities :- Designing, developing, constructing, installing, testing and maintaining the complete data management & processing systems.- Building a highly scalable, robust, fault-tolerant, & secure user data platform adhering to data protection laws.- Taking care of the complete ETL (Extract, Transform & Load) process.- Ensuring architecture is planned in such a way that it meets all the business requirements.- Exploring new ways of using existing data, to provide more insights out of it.- Proposing ways to improve data quality, reliability & efficiency of the whole system.- Creating data models to reduce system complexity and hence increase efficiency & reduce cost.- Introducing new data management tools & technologies into the existing system to make it more efficient.- Setting up monitoring and alarming on data pipeline jobs to detect failures and anomaliesWhat do we expect from you?- BS/MS in Computer Science or equivalent experience- 5 years of recent experience in Big Data Engineering.- Good experience in working with Hadoop and Big Data technologies like HDFS, Pig, Hive, Zookeeper, Storm, Spark, Airflow and NoSQL systems- Excellent programming and debugging skills in Java or Python.- Apache spark, python, hands on experience in deploying ML models- Has worked on streaming and realtime pipelines- Experience with Apache Kafka or has worked with any of Spark Streaming, Flume or Storm",,"['ETL (Extract, Transform & Load) process.- Ensuring', 'system.- Creating', 'BS/MS', 'Computer Science', 'Big Data', 'Big Data', 'Storm', 'ML']"
254,Junior content writer (Content and Blogs),"Key Responsibilities: Research industry-related topics (combining online sources, interviews and studies) Write clear marketing copy to promote our products/services on social media and other digital platforms Prepare well-structured drafts using Content Management Systems Proofread and edit blog posts before publication Prepare and manage content calendar Coordinate with marketing and design teams to illustrate articles and social media posts Conduct simple keyword research and use SEO guidelines to increase web traffic Work with social media team to create and promote content on social media Identify customers needs and gaps in our content and recommend new topics Ensure all-around consistency (style, fonts, images and tone) Update website and app content as needed",,"['Key Responsibilities: Research', 'Content Management Systems Proofread']"
255,Production Manager,"We are looking for a Production Manager with 2+ years of experience in content productionor similar experience.We produce video content at scale, for multiple product categories, including home, beauty,fashion, food, tech, etc.Some of the responsibilities of the role include, but are not limited to: Production planning and scheduling supervise day to day studio operations andshoots Ensure a high level of production quality is maintained Work closely with the pre-production and post production team to ensure theproduction flow runs smoothly and manage the production team Work closely with the project management team to create new video formatsIf you are looking for a challenging and exciting environment, and have a hands-onapproach, then this is the right place for you.The ideal candidate possesses a passion for content production, with an innate attention todetail and time management.Qualifications Bachelor's degree in Media Production, Communication, Marketing or relevant workexperience preferred, but not required Experience managing a team Intermediate proficiency of the Google Suite, specifically Google Sheets, or MicrosoftExcel Job is based in Bangalore",,"['Media Production', 'the Google Suite', 'Google Sheets']"
256,Product Designer,"ResponsibilitiesLeverage core experience design to weave iconography, typography, color, space and texture together online to create an unparalleled customer experienceParticipate in user research and discovery on complex problems; speak with customers, get to know the problem space through research and iteration.Apply graphic and user-centred design principles to produce high-quality visualsfrom concept to component-driven comps.Ability and willingness to communicate clearly with various stakeholdersContribute to the evolution of the company's Design System including recommending data-inspired improvements and codifying usage rules on an ongoing basis.Help build an exceptional product team by providing design support across product squads.Be a great team player, experienced in working with agile teams. Ability to collaborate closely with developers, copywriters and product managers.Create, improve and use wireframes, prototypes, style guides, user flows and effectively communicate your interaction ideas using any of these methods.Present and defend your design decisions. All your design decisions should be based on the overall design roadmap as well as your own design thinking and fundamental principles (i.e. color theory, visual weight, etc.)Continually keep yourself and your design team updated with the latest changes in your industrys standards.QualificationsShould be creative with problem solving mindset with a hunger for learning and a desire to solve complex human problems with technology.A desire to challenge yourself both personally and professionally; as well as staying current with technology and interaction design trends.Strong portfolio to be presented and defended during interview.Hands-on experience creating wireframes, prototypes, storyboards, user flows, etc.Experience using tools such as Photoshop, Sketch, Illustrator, InVision, UXPin or Adobe XD, etc.Be open to receiving objective criticism and improving upon it.Experience working in an agile/scrum development process will be a plus.Understanding of basic front-end languages: HTML5, CSS3 Javascript will be a plus.",,"['Design System', 'Photoshop', 'UXPin']"
257,Sr Backend Golang/NodeJs,"At Density, we are proud to be an Equal Opportunity Employer. We celebrate diversity, value our differences, and are committed to creating an inclusive environment for all employees. Other than that, we believe in horizontal structure, zero politics and we are offering -Create your own work schedule No decided work hoursNo question asked VacationsHorizontal structureHealth CoverESOPs for allSelf-development Academy Sessions from experts/code, quant campsFree Medical Treatment for you and your familySponsored Foreign tripsTech Gadgets to everyoneTeam outings, hobby clubs, celebrations, and parties",,"['VacationsHorizontal', 'Academy Sessions', 'Medical Treatment for you']"
258,Tech Lead,"Hands-on full-stack engineering manager 6-8 years of experience out of which at least 2 years should include hiringand managing an engineering team Javascript expertise with one or more of the following frameworks - React,Vue, Svelte, Angular Experience creating responsive UI and PWA (progressive web apps) Ability to set up REST API in Node js or Django with authentication andauthorization Ability to set up and use MySQL or PSQL and Mongo or Cassandra Plus if has familiarity with map based frameworks like Leaflet",,"['UI', 'PWA', 'REST API', 'Mongo', 'Leaflet']"
259,Digital Marketing Manager,"Key ResponsibilitiesPlan and execute all digital marketing, including SEO/SEM, marketing database, email, social media and display advertising campaignsDesign, build and maintain our social media presenceMeasure and report performance of all digital marketing campaigns, and assess against goals (ROI & KPIs)Identify trends and insights, and optimize spend and performance based on the insightsBrainstorm new and creative growth strategiesPlan, execute, and measure experiments and conversion testsCollaborate with internal teams to create landing pages and optimize user experienceUtilize strong analytical ability to evaluate end-to-end customer experience across multiple channels and customer touch pointsInstrument conversion points and optimize user funnelsCollaborate with agencies and other vendor partnersWho we are looking for3-4 years of experience in digital marketing preferably in D2C SaaS along with appetite to learnProven experience in identifying target audiences and in creatively devising and leading across channels marketing campaigns that engage, educate and motivateSolid knowledge of website analytics tools (e.g., Google Analytics, NetInsight, Omniture, WebTrends) Demonstrable experience leading and managing SEO/SEM, marketing database, email, social media and/or display advertising campaignsExperience in setting up and optimizing Google Adwords campaignsMBA/Masters in the field of Marketing from a top tier collegeComfortable working with numbers, making sense of metrics and processing figures with spreadsheetsA sense of aesthetics and a love for great copy and witty communicationUp-to-date with the latest trends and best practices in online marketing and measurementExcellent communication, presentation, networking and negotiation skillsAble to thrive in a fast-paced dynamic startup environment; Conscientious, hard-working and driven to improve sales and activity performance beyond targets",,"['ROI & KPIs)Identify', 'Google Analytics', 'NetInsight', 'Omniture', 'Google Adwords campaignsMBA/Masters']"
260,Associate Channel Sales,"CHANNEL SALES - ROLE SUMMARYChannel Sales team is responsible for working with Channel partner to source leads for both Property Acquisition and Sales. As a Channel Sales Associate, you are the First Point of Contact and the face for Ivy Homes with respect to Channel Partners. You Will work closely with Channel Manager to give on ground insights and help the sourcing scale. You Will be directly responsible for Sourcing for one or more micro-markets in the city of Bangalore.WHAT YOU WILL DO?Communicating with Channel partners, making outbound calls to fix meetings on daily basisUpdating Channel Partners on a regular basis with regards to Ivy Homes inventory and offersBuilding rapport with existing channel partners and highlighting the Ivy Homes advantageCreating and maintaining a database of current and new Channel Partners onboardedWorking with Channel Partners to source leads for both Property Acquisition and SalesCoordinating with internal teams to ensure quick closures on Channel Partner leadsCoordinating with Finance to ensure timely payment to registered Channel PartnersLast but not the least, achieving monthly targets consistently!WHAT YOU NEED TO BRING TO THE TABLE?2 years of experience in a similar kind of role in the Real Estate/ Hospitality/ InsuranceEnthusiasm to work in a target Oriented EnvironmentGood presentation skills and exceptional customer service skillExcellent communication skills - verbal (English). Any other language is an added advantageAn understanding of timelinesA go-getter attitude, with the will to do what it takes and be flexible with a pure outcome focusGood organizational skills and the ability to multitaskWilling to travel all across Bangalore",,"['Channel', 'Property Acquisition', 'Channel Partners', 'Channel Manager', 'Channel Partners', 'Channel Partners', 'Channel Partners', 'Property Acquisition', 'Channel Partner', 'Channel PartnersLast', 'consistently!WHAT']"
261,Product Manager / Associate PM,"Must Haves:2+ years relevant experience as a product manager in a B2C product/ startup that scaled2+ years of experience in project management, release planning, and delivering projects in a timeline through sprints, scrums, agile methodologies, etc.2+ years of working with Mobile app teams as a product managerPrior experience in Trading domain is a plus, although not a must-haveResponsibilities:Design and own Product Roadmap. Ensure constant execution of the product life-cycle and on-time feature delivery.Write detailed spec documents consisting of user flow, logic, and corner cases.Feature prioritization, task breakdown, sprint planning, and estimating timelinesWorking closely with developers, designers, and testers to ensure that timely deliveryWork with QA team for comprehensive testing and ensuring high-quality during release cyclesPerform user tests regularly for existing as well as new features and improve the UX constantlyManage various stakeholders including Tech, Design, QA, Support, Marketing, Partner brokers, etc.Conduct A/B and Multi-variate tests to constantly validate hypothesis and use data to make better decisionsAttention to detail is a must. The platform is numbers heavy and accuracy for the smallest of numbers is critical. You should be able to think through the smallest of cases to make sure nothing is missed.",,"['etc.2', 'QA', 'Tech', 'Support, Marketing']"
262,PPC Specialist (Coimbatore),"Roles & Responsibilities Creating and planning a variety of PPC campaigns across a range of digital marketing channels. Analyzing trends and making data-driven decisions Writing engaging copy for adverts Proof-reading Relationship building and business development Presenting data and reports to a range of audiences. Campaign Scaling, Optimization and Monitoring. Social Media marketing: online campaign set-up and management. SEM planning, execution and optimization Keep up to date with the latest industry trendsSkills Required Good written & oral communication skills in English & any one regional language. Min 2 years experience in PPC. Ability to work in a fast-paced environment. Organization skills Analytical skills with strong attention to detail",,"['Roles & Responsibilities Creating', 'PPC', 'Campaign Scaling, Optimization and Monitoring', 'SEM', 'Required Good', 'PPC']"
263,Social Media Strategist,"JOB DESCRIPTION:1. Manage, create & publish high-quality content especially for YouTubeand Instagram.2. Coordinate with writers, designers, and the media team to ensure thatcontent is appropriate and appealing.3. Conduct interviews with Industry leaders and influencers.4. Stay updated on the latest technologies and social media trends.Location - Kochi, Language preferred - Malayalam",,"['DESCRIPTION:1', 'YouTubeand']"
264,DevOps Lead,"Must have skills:10+ years of total experienceProduct company experience and team leading experience5+ years of experience on AWS cloud platformsStrong Experience in AWS Networking - EKS & KubernetesExperience with high traffic B2C applicationsAWS CertificationGood to haves:Strong Experience with infrastructure as code using Terraform.Strong understanding of Unix/Linux environments and basic system administration.Basic Scripting experience (PowerShell, Python, SQL, BASH).Experience in setup CI/CD pipeline with the following stacks: Java, Android, IOS, UI/API/Unit test automation tools, SonarQube, and JMeterPeople from fintech companiesKey ResponsibilitiesYou will lead the team, and own and drive the entire solutions and architecture to be highly secure, performant, reliable and automated.You will design and implement the DevOps architecture and automation solutions, including but not limited to infrastructure security, automated provisioning, CI/CD pipeline.You will optimise Coinome infrastructure, platforms and solutions by developing and adopting new DevOps tools and different innovation techniques.You will forecast, budget and optimise software licence & cloud infrastructure costs.You will manage multiple interfaces (internal and external), relationships, and communication to ensure systems are running.Expected Experience & Skills10+ years of DevOps & site reliability experience (preferably in product start-ups) in managing large scale distributed internet systems and products in multi-cloud infrastructure.Strong hands-on experience and skills on Docker, Kubernetes, infrastructure design (networking, load balancing, CDN, middleware including but not limited to message queue - Kafka, RabbitMQ, etc.), automation (Ansible, Terraform, CloudFormation, etc.) and CI/CD Pipeline (Jenkins).Comfortable working closely with stakeholders across teams/ BU (Product/ Dev/ QA/ Infosec) and has a strong sense of ownership.Extensive experience in AWS public cloud and well-versed with best practices in Networking, Security, Capacity Planning, and Cost optimization techniques.Should be hands-on currently and can provide guidance to the team on DevOps tooling independently.Experience in Fargate, Dynamo, Cognito, and RDS.Working knowledge and experience with Ansible, Puppet, or Chef for configuration and orchestration.Working knowledge in setup of Cassandra, Kafka, and Kubernetes.Knowledge of security and compliance standards & requirements.A good understanding of Crypto, Web3, and Blockchain.Prior experience in managing and tuning databases.",,"['Terraform', 'Unix/Linux', 'PowerShell', 'CI', 'IOS', 'UI/API/Unit', 'SonarQube', 'DevOps', 'CI', 'DevOps', 'licence & cloud', 'DevOps & site reliability', 'CDN', 'Terraform', 'CloudFormation', 'CI', 'Networking, Security, Capacity Planning', 'DevOps', 'Puppet', 'Kubernetes']"
265,Social Media Marketing Manager,"Ideal Profile :Social Media Marketing Manager RoleSkills:- Canva -Proficient- Inshot- Proficient- Reels- Proficient- Excel - Intermediate- Videography - IntermediateRole:- Ideating Social Media Calendar across- Instagram, YouTube and LinkedIn- Marketing operations- getting high quality error free content created- Handling Instagram Account- Uploading content+ Responding to social interactions (Not sales related)- Content creation- written content to creative communicationQualities:- Disciplined- Self-driven, with little need to manage- Empathetic",,"['Ideal Profile', 'YouTube', 'Empathetic']"
266,Senior App Support Engineer,SKILLS REQUIRED5+ years of relevant work experience.Ensuring effective front-end and back-end functionality of applications,,[]
267,Frontend Engineer,"ResponsibilitiesWrite, test, instrument, document, and maintain quality software.Review code and provide thoughtful, constructive feedback for your team.Collaborate closely with Product, Design, and other developers to build new features.Analyze how your features are performing in production to learn and make the product betterSupport a highly available service.Requirements3+ yrs of Frontend engineering experience.Have deep expertise in ReactJS & its internals.Have experience in profiling, Monitoring, and improving front-end performance.Have high empathy in everything you do.Have built web experiences and systems at scale.Enjoy and thrive in a remote-first, distributed work culture.Are highly self-directed and take initiative to go above and beyond expectations.Value clear written and verbal communication.Able to pick up new concepts quickly and put them into practice.Use data to validate your hypotheses and inform your decision-making.You enjoy automating and scaling.You believe in simplicity over complexity.You value agility and the ability to shift focus quickly.You value products over projectsYou're more focused on outcomes than output.",,"['ResponsibilitiesWrite', 'Product, Design', 'Monitoring']"
268,Graphic Designer,"What you will do at workWe create a ton of marketing and communication material like ads, landing pages, emails, social media posts, etc. Most of of the time, you will be working on these briefsKeep up, develop, and experiment with various visual styles we use for different programsDevelop illustrations, logos for sister/sub-brandsUphold the quality of visual & communication design at GrowthSchoolMake friends and do crazy good work with a passionate team working to change the face of educationYoure a good fit for the role if youreProficient with modern design tooling software like Figma, Illustrator, Photoshop, Canva, etc.High quality (Well thought out and executed) sense of visual aesthetics and design as demonstrated by past work/portfolioExcellent communication skills: you will be working with 3 teamsGreat at building relationships with people around youGood to have (Brownie Points)2-3 years of experience in Graphic designingYou have experience in working with a startup (brownie points if it was Ed-Tech)You have experience in designing Graphics specifically for Social Media Ads (if yes, then feel free to share the link of the same)",,"['Figma', 'Illustrator', 'Photoshop', 'Canva', 'Brownie', 'Graphic designingYou', 'Ed', 'Social Media Ads']"
269,Software Development Engineer -  2,"Key Responsibilities Technical Design You can be a generalist or a specialist in technology areas, but capable of creating complete designs to solve a specific problem that accomplishes a definitive product feature or enables a technical advancement. You should drive design reviews, suggest abstractions and patterns, review reusability suggestions made by other developers in your team. Your design reviews should scrutinize security, performance, scalability and other relevant non functional requirements of features being developed. Process Definition/Adherence You should drive estimations, review test scenarios/cases created by QAs in your team, facilitate sprint grooming and planning meetings. You must learn, practice and evangelize standard techniques for grooming, defining complexity of stories and estimation. Code Quality At Carestack we believe that your code reflects your character. Code for scale, produce maintainable reusable code. You must evangelize clean coding, continuous refactoring to ensure a high level of code quality. Continuously learn, practice and evangelize coding patterns/best practices within and outside your team. You should ensure testability of team functional areas, facilitate integration testing, resolve deep rooted technical issues and proactively help team members in solving complex problems. You www.carestack.com/careers 3 should ensure effective review of MRs ensuring code quality and adherence to agreed design. Team Player You should proactively communicate to resolve dependencies within and outside the team. You should build the ability to preempt conflicts within the team, and resolve them if required. As a knowledge giver, you should foster a culture of learning and sharing knowledge within and across squads. You should engage in conversations that are objective and data driven. Strive and push your team in this direction.Understand organizations culture code and streamline conversations and activities that will further instil this code. Mentor and coach new additions to your team. Value/Mission Alignment Be a champion for CareStack within the product team. Help drive workplace and cultural norms within your business unit that align with CareStack company values.This role may be for you if you if you Have an insatiable itch to join and the courage to scale an early-stage technology company. Have 4 -9 years of experience in designing and building modern day web platforms, using Microsoft technologies on the backend and Angular on the front end. Can be a generalist or specialist with deep understanding of building software components that meet defined requirements, with good understanding of .NET Core/ASP.NET or Angular 2+ Are proficient in data structures and algorithms, and object oriented analysis and design of software systems. Are a backend specialist with good understanding of event driven programming, distributed systems, caching/in-memory computing systems, data modelling for transactional systems. Are a frontend specialist, with deep understanding of browser and javascript fundamentals, designing, building, packaging and deploying applications using Angular 2+ framework.Key WordsAngular, Data Structure, Algorithms, .NET Core/ ASP.NET / Angular 2+",,"['Key Responsibilities Technical Design You', 'Value/Mission Alignment Be', 'CareStack', 'Microsoft', 'Data Structure']"
270,Customer Success Associate,"Role & Responsibilities Gain an in-depth understanding of the Product - its various features and the rationale behind how things are built out. Leverage your deep product expertise and understanding of our customers business goals to lead adoption and enablement activities. Lead workshops and complex deployment projects involving multiple senior stakeholders. Conduct Business Reviews with economic sponsors, program managers and business stakeholders for the purpose of reviewing results, sharing partnership feedback, and aligning on go-forward strategies. Build and manage relationships across your portfolio to solidify our partnership and commitment to the customers business goals Proactively monitor and analyze customer health indicators, business goals and renewal dates, and develop strategies for joint success.Qualifications & Skills: Excellent presentation, organizational, and communication skills (both written and verbal) Ideally 1+ years of experience in a customer-facing role at a fast-growing company; proven experience with SaaS enterprise-level customers preferred. At least some kind of internship experience is required. Team-first mentality & growth mindset are a must.",,"['Role & Responsibilities Gain', 'Qualifications & Skills']"
271,Staff SDE II,"Role OverviewCareStack seeks to hire Staff Software Development Engineers to build its next generation healthcare platform. You will be reporting to an engineering manager in your business unit, to develop and release services and solutions for our platform, aligning with your business units goals and objectives.Key Responsibilities Technical DesignCreate technical designs that solve problems within your functional area, and align them to multiple platform releases. You should drive design reviews within your engineering team, drawing inspiration from a large base of design patterns while considering product economics on the cloud. Process Definition/AdherenceReview and drive incremental improvement in process definitions to ensure high code quality, zero defect releases and effective collaboration with DevOps/Technical Governance and Regression team. Validate overall estimations for user stories including design, development and quality assurance activities. As a scrum master, define sprint goals, measure and retrospect defect leakage and defect density, use scrum metrics like velocity/burndown to drive effective retrospectives and capacity planning. Team PlayerPromote a positive team environment by facilitating honest, open discussions and feedback. Set the right expectations for your team members based on their roles and associated responsibilities.Mentor software development engineers to become techno-functional champions in the squad. Value/Mission AlignmentBe a champion for CareStack within the product team. Help drive workplace and cultural norms within your business unit that align with CareStack company values.",,"['Key Responsibilities Technical DesignCreate', 'Definition/AdherenceReview', 'DevOps/Technical Governance and Regression', 'Value/Mission AlignmentBe', 'CareStack']"
272,Junior Product Engineer,"Responsibilities:INFINX Healthcare is a SaaS healthcare platform supporting revenue cycle management for providers and hospital systems. In this position you will actively contribute to the development of INFINX Healthcares SaaS based products and platform.The ideal candidate has a passion for technology and problem solving. As part of the development team, you will write code for the back-end, RESTFul Java based APIs, UIs and everything in between. As an intentionally full-stack oriented team, You Will also need to wear a lot of hats as we regularly take on new roles and responsibilities as needed to help the INFINX engineering team.",,['INFINX']
273,Growth Manager,"Job DescriptionResponsibilities :Use data to understand various components and drivers of business growth, both organic and inorganic, and identify growth opportunities.Analyze user journeys to provide actionable insights and recommendations followed by quick experimentation via A|B testing on funnel enhancements to drive impact.Establish key marketing partnerships to reach new customer segments at scale.Work with Product and Tech teams to develop and launch innovative marketing ideas in short TAT.Partner with design, product, tech & ops to optimize our conversion funnels.Suggest and develop new campaigns across multiple channels.Own and develop marketing growth channels, user referral program, promocodes, user rewards, etc.Requirements :2-5+ years of experience in growth or performance marketing roles, ideally at a fast-growing organization.Interest in experimenting and growing new channels.Structured thinking and analytical capability to build the case and evaluate their ideas backed by data.Excellent communication(Verbal and written), Teamwork and interpersonal skills.Highly innovative, out of the box thinking.Having experience of working in a financial services company/client is a plus.",,"['communication(Verbal', 'Teamwork']"
274,Tech Lead (Data pod),"Mandatory Skills -Exceptional architecture and design skills using Object Oriented Programming concepts and Design patternsStrong problem solving and analytical skillsHands-on Java Engineer, with experience building consumer facing or enterprise applications using Java stack.Good Exposure to Sql & NoSql databases.Do You Know? (Skills good to have) :Exposure to building service oriented distributed systemsIn building systems that process big data in a distributed environment, either in real time streaming or offline batching.In messaging systems like Kafka, RabbitMQ, kinesis, etc.In real time computation tools like Storm / Spark or Hadoop based tools.In Data warehousing technologies like Redshift, BigQuery, Athena, Snowflake etc",,"['Object Oriented Programming', 'Sql & NoSql', 'Storm / Spark', 'Data', 'Redshift', 'BigQuery']"
275,Logistics Manager,"Responsibilities :Strategically plan and manage logistics, warehouse, transportation and customer servicesDirect, optimize and coordinate full order cycleLiaise and negotiate with suppliers, manufacturers, retailers and consumersKeep track of quality, quantity, stock levels, delivery times, transport costs and efficiencyArrange warehouse, catalog goods, plan routes and process shipmentsResolve any arising problems or complaintsSupervise, coach and train warehouse workforceMeet cost, productivity, accuracy and timeliness targetsMaintain metrics and analyze data to assess performance and implement improvementsQualifications:Bachelor's/Masters degree with 5+ years of experience in logistics preferably from ecommerce/d2c industryAttention to details & hands on approach to solving problemsStrong analytical and interpersonal skillsSelf motivated, with a strong bias for executionAbility to work and effectively communicate across functionsExcellent business judgment, analytical, and decision-making skills",,[]
276,Backend Engineer,"JOB DESCRIPTION Managing backend design, documentation, and deployment processes. Dedication to keeping the highest quality, maintainability, and flexibility in code by strictly adhering to bestpractices and guidelines Architect, build and maintain APIs, services Ensure the best possible performance, scalability, and availability of the application Work with other teams to help solve technical problems Work with the founders, user research, and product design to understand users and address their needs. Collaborate with other developers to set best practices, and standards for development across the organization and help shape a culture of technology-first product building",,[]
277,Presales,Roles and ResponsibilitiesReaching out to prospective students of Able and converting them to enrollmentsQualifying and pitching to the leads given by the marketing teamTake a consultative approach towards understanding student problems and helping them with the best career optionsScheduling sessions with Senior counselors so that they can help with enrollmentsBuilding and maintaining a database and ensuring admissions to potential customersYou should also haveExcellent communication and organizational skills to get things doneGoal driven and hardworking,,[]
278,Performance Marketer,"Performance MarketerAbout the roleAs the senior most member of the Marketing and Growth team, you will be expected to setup repeatable processes and helping us scale the function as we growDrive paid marketing efforts across a variety of channels and monitor their performanceFanatical about performance & drive experiments to optimise LTV/CAC on a continual basisIdentify key audience segments and growth opportunities and transform these through effective campaignsUse customer research, hard data and metrics to assess efficacy of marketing campaignsPartner with product & growth team to enable ground level learnings and contribute to product-led growthProblem solve some of the best consumer marketing problems on a global scaleWhat are we looking for?5+ years working in the marketing or growth function, preferably in a startup.Hands on experience in Google Adwords and Facebook/Instagram ads is a must. Expertise in one of them is a pre-requisite.Experience in subscription businesses is a bonus (Free to Paid, Recurring constructs)Experience in content led marketing (using social or otherwise) is valuableYou are a self-starter and can make decisions on your feet with minimal supervision, end-to-end ownership to drive outcomes.You possess deep customer empathy and love getting your hands dirty with dataWe are location agnostic, but in the same time zone (India). We have a small garden office @ Jayanagar, Bangalore (home to some of the best dosas in India) to jam together on anything that requires space.You are somebody who shares the sameethos.",,"['the Marketing and Growth', 'LTV', 'Google Adwords', 'Facebook/Instagram', 'Jayanagar, Bangalore']"
279,Academic Counsellor,"We are looking for result-oriented and motivated Inside Sales Specialists / Counsellors who can develop strong technical knowledge about our educational products, industry and customer base to support the customers purchase decisions. Additionally, the candidates will be required to effectively prospect, qualify and generate new sales to meet or exceed revenue goals.This role provides fast growth opportunities to leadership positions as long as top performance is delivered, exemplary teamwork and leadership potential are demonstrated.Responsibilities :Build a thorough technical understanding of Suraasa products and help potential customers in understanding what we have to offer through effective articulationEngage with potential customers, identify their key pain points and create personalized growth journeys for every customer to help them purchase products to meet their career objectivesCounsel leads on their personal growth prospects in the education industry Maintain excellent and supportive rapport with all leadsFollow up after the sale to ensure customer satisfaction and gain referralsStay on top of market trends and participate in brainstorming sessions with the sales team to come up with new growth strategiesUse CRM to track leads and manage pipelines dailyAchieve monthly targets, and unlock fast growth opportunities within the department, eventually managing own sales team(s) and beyondQualification Criteria :2+ years of experience working in Sales or Marketing in EdTech space (preferable but not required) or 1-2 years of experience in Academic counselling/school counselling/clinical counsellingExcellent verbal communication skills, strong conversationalist, and well-versed in EnglishStrong negotiation and objection handling skills with the ability to work within deadlinesAbility to work independently and as a part of a team while always maintaining a professional, client-oriented attitudeUnderstand the landscape of the Education Industry and the current needs of teachers and school leadersProficient with Microsoft Office / Google Documents and CRM systems",,"['Inside Sales Specialists / Counsellors', 'Suraasa', 'Sales or Marketing', 'EdTech', 'Academic', 'EnglishStrong', 'the Education Industry', 'Microsoft Office / Google Documents']"
280,Senior Project Manager,"Job Description:We are looking for a Senior Project Manager to help our existing junior project managers managespecific aspects of influencer management, content/script writing, video production, and maintaininggood client relationships. Responsibilities will include managing a small team, preparing and planningnew initiatives, creating reports, and most importantly coordinating with the internal teams andexternal stakeholders for timely delivery of projects within defined timelines. Completing a projectfrom start to finish is of utmost importance.Skills/Proficiency in Tools or Software Required: Communication: Excellent written and verbal skills in English Data Reporting: Excellent knowledge of Excel and the G-Suite Core Knowledge: Project management and team management Misc.: Time management, attention to detailRole:Communication: Clear, consistent, and transparent communication with the internal team and all stakeholders Ability to handle challenging internal team and client requests while being able to resolveescalation if and when neededDeliverables and Reporting: Excellent time management skills and the ability to handle multiple projects simultaneously Strict adherence to project deliverables and deadlines across various projects Report the monthly and quarterly performance/progress reports with internal and externalstakeholders Track key project metrics, execute projects, and improve resultsTeamwork: Understand brand guidelines and objectives and effectively communicate with internalteams, external agencies, and the brand(s) as well Balance the projects timelines and communicate assertively if and when required Ability to work well with cross-functional team for various projects",,"['Skills/Proficiency', 'English Data Reporting', 'Time']"
281,Frontend Technical Lead,"As our Frontend Technical Lead for Contract Creation, you will be leading the design and implementation efforts. SpotDraft solves a number of key customer pain points in the creation process including custom and dynamic templating, and multi-party approvals while giving flexibility for enterprise use cases. As a technical leader of our core development crew, you will be interfacing with various engineering, product, sales, QA, and customer success teams to ensure that we are able to deliver the most customer-friendly experience in the minimal time possible. You will spend a lot of time understanding business problems reviewing design docs, conducting code reviews, and writing the most performant and cleanest code ever.What you will do: Provide technical leadership in the form of best practices and processes Identify bottlenecks in process and software architecture to allow the team to move faster Develop new user-facing features and ensure timely delivery from the team Build reusable code and libraries for future use Ensure the technical feasibility of UI/UX designs Optimize application for maximum speed and scalability Perform code reviews and design reviews What you will need: Proficiency in web markup, including HTML and CSS3 and preprocessors like SASS and webpack Experience leading a team, at least in a technical capacity Expertise using at least one JavaScript framework such as Angular8+, ReactJS, etc in a production environment Deep understanding of asynchronous JavaScript concepts like promises and how they apply to request handling & data flow in complex applications Experience with Redux or similar Client-side State Management toolsThe Ideal Candidate will: Have Angular + Redux experience Have a strong portfolio of side-projects Have prior experience building large-scale web applications Have experience leading a team",,"['SpotDraft', 'Develop', 'Ensure', 'UI', 'HTML', 'JavaScript', 'JavaScript', 'State Management toolsThe Ideal Candidate']"
282,Validator,"Job BriefSuraasa is searching a Validator to validate educational content created for teachers. In this position, you will work with other content creatours to develop new and innovative ideas, producing pieces for all of our educational content. You must have an eye for detail, immaculate writing and proofreading skills, and also have experience in the industry and feel comfortable performing background research on relevant industry trends and changes related to education. In case you noticed errors (without this prompt, of course!) in what you have read so far, you would love to work with us!Roles and ResponsibilitiesManage the quality of content (video and text) based on core pedagogySuggest ideas for improvement in content quality and structuresProofread the content properly to ensure:proper grammar and logical flowuniformity and consistencyparallel structuresrelevance and comprehensibilityUpdate pedagogy frameworks and guidelinesQualificationsBachelors of Education (B. Ed.) degreeA minimum of five years of experience in teaching or relevant experience in the field of pedagogyExcellent command of the English languageExcellent written and verbal communication skills",,['BriefSuraasa']
283,Sales Manager,"GridMats- Civil/Construction/RE/Roads/Infra & related sales. CRM, End-To-End Sales management experience. 3 to 5+ yrs. in related industries. Bangalore based.For Sales the must haves are :Dealing with large companies and understanding the end-to-end sales, procurement, BOQ, and SCM flow - specific to the road and construction industryAbility to negotiate for large value conversions.Understanding of compliance, technical parameters-( cement/asphalt- roads and surfaces related), IRC standards, govt. regulations and requirements.Experience in repeat customer management and cross-sellingGreat team playerFormal education related to marketing and sales is desirable.",,"['Civil/Construction/RE/Roads/Infra &', 'BOQ', 'IRC']"
284,VP - Marketing,"About the RoleThe role will require a passion for technology, data analytics in addition to marketing prowess. You will have responsibility for:The development of the long-term company marketing strategy, with an emphasis on achieving B2B sales growth, market penetration and cost-effective customer acquisitionThe development and implementation of a winning Lead Generation strategyTake ownership of the business reputation and recognition; including brand, PR and communicationsWorking closely with the Sales Team; enabling them to meet their objectivesWorking closely with Product Team; to define marketing strategies for new and existing productsContinual market reviews, consumer trends and the activities of competitorsWorking with the existing Marketing team and building other functions of Marketing such as content, Digital marketing, copywriting, PR, Growth hacking etc.",,"['RoleThe', 'Product Team', 'Digital']"
285,SDE III (Backend),"What do we expect from you? BS/MS in Computer Science or equivalent from a premier institute 5+ years of strong product development experience in building a massively large scale distributed internet systems and products.Proficient in HLD & LLD Excellent Java programming skills and expertise in multi-threading and performance-oriented programming. Strong computer fundamentals and problem-solving skills Superior organization, communication, interpersonal and leadership skills Experience and knowledge of open-source software, frameworks and broader cutting edge technologies around server-side development in Java and Big Data Good organization, communication, and interpersonal skills Must be a proven performer and team player that enjoy challenging assignments in a high-energy, fast-growing and start-up workplace Must be a self-starter who can work well with minimal guidance and in a fluid environment Provide good attention to details Must be excited by challenges surrounding the development of highly scalable & distributed system for building audience targeting capabilities Agility and ability to adapt.",,"['BS/MS', 'Computer Science', 'HLD & LLD', 'Agility']"
286,Operations Head,"Responsibilities: Ensure smooth launch of new projects within budget. Manage a team of Regional Operations Managers, Operations Executives and blue-collar staff (direct and outsourced) involved in on-ground installation and maintenance. Coordinate with hardware and software teams within Clairco for smooth Operations. Ensure that all Standard Operating Procedures are followed and create new processes as per requirement. Ensure good professional relationships with clients and develop Claircos business within the client portfolio. Vendor management and Assisting the central team with local vendor network development network for filters, IoT products and UVGI systems.- Managing IoT components vendors- Managing filter vendors- Managing pathogen solution vendors Maintaining Database of vendors, IoT products, Filters, maintenance/replacements, pathogen products Ensuring execution of tech/data science projects Liasioning with Accounts team for collections, maintaining invoice tracker Coordination and collating weekly updates from regional teams Measuring KRA of each member and reviewing performance Planning and Executing new projects---Creating estimates for new projects/launches---Ensuring launch within budget--- Managing daily operations Preparing and sharing monthly reports Measuring client feedback and getting new leads from existing customers with the help of the sales teamSkills required: Knowledge of Indoor Air Quality/HVAC/CRE/ Facilities management. Smart, Resourceful, energetic and high ownership taking abilities Ability to manage a team of blue-collar/gray collar employees Ability to troubleshoot issues, identify root causes for recurring issues and solving them Ability to create standard processes & checklists which can be followed at scale Intermediate level knowledge of using Google Suite & MS Excel Good verbal and written communication",,"['Regional Operations Managers', 'Clairco', 'Operations', 'IoT', 'UVGI', 'IoT', 'IoT', 'Filters', 'Smart', 'Google Suite & MS']"
287,PR Manager,"A PR Manager is responsible for promoting Clootrack to our target audiences. An influencer of public opinion, you grow brands and help drive sales through a range of PR tools such as news items, press releases, and case studies. You will be the key to shaping Clootracks reputation and profile and will manage our press coverage.Key job responsibilities:Develop and execute effective communications strategies for Clootrack through a sustained, strategic, program that supports global business objectivesFoster strong relationships with business stakeholders, customers, key journalists, and influencers.Write and edit media alerts, pitches, PR plans, blogs, bylined articles, and related materialsAmplify marketing events and initiatives with media relations programs including news announcements, educational media briefing content, and one-on-one engagements with customersBasic Qualifications:Minimum of six years public relations experienceFluent written and verbal EnglishExperience working directly with technology businesses or market research firms and developing their storiesAble to work cross-functionally within a matrixed international team",,[]
288,Data Engineer,"Required Skill Sets:Strong Python Programming Capability3+ years of experience in web-scraping/data-extraction through - Selenium/Scrapy or other frameworks and related libraries like Beautiful SoupKnowledge of advanced scraping techniques like overcoming captcha, proxy, browser fingerprinting, bot detection bypassing, etcWorking knowledge in Regex, various DBs (Postgre, Redis, MongoDB), message queues & Web RestFul APIs",,"['etcWorking', 'Postgre', 'Redis']"
289,Video creator / photographer,Job Description/Roles & responsibilities of the Job Position* Creating scratchto end videos for facebook/google ads* Social media image/video,,[]
290,Client Relationship Manager,"Job Responsibilities: Client Relationship managing daily deliverables, monitor progress and meet deadlines In-depth understanding of Digital and Social Media Platforms Well versed with the processes involved in digital marketing, social media management Consistent follow-through and resourcefulness, in order to achieve organizational goals and objectives You will develop and brainstorm on growth experiment strategies/tactics. You will analyze clients' audience, competitors, market and trends to definegrowth digital strategies. Clearly communicate the progress of initiatives to internal and externalstakeholdersRequirements: Keeping abreast with new and upcoming social media updates, trends and campaigns Proficiency in Microsoft Excel The ability to work efficiently under pressure Excellent organizational and time management skills Strong analytical and problem-solving skills",,"['Digital', 'Microsoft Excel']"
291,Relationship Manager,ResponsibilitiesPrimary responsibility is growing lender relationships.Manage existing lending partnerships for Moneyview and act as the single point of contact for the partners.Support acquiring of new lender partnerships for MoneyviewCoordinate closely with internal stakeholders to ensure smooth day to day operating relationships for the partners.Responsible for ensuring stability and growth of partnerships by identifying incremental opportunities in line with the capital requirements and new initiatives at Moneyview.Manage weekly/monthly governance with the partners and any other regulatory or business reporting.Coordinate any technology enhancement projects with the partners and internal stakeholders from time to time.Should be able to effortlessly associate closely even at senior levels in the partner organizations in order to get an early insight into any upcoming opportunities.Network with various departments of the lender relationship and be the one window channel for Moneyview.,,['MoneyviewCoordinate']
292,SDE 2 - Backend,"ResponsibilitiesWork closely with engineering and product managers to detail the engineering scope.Work with Engineering and DevOps functions to ensure system reliability, availability and scalabilityContinuously champion high-quality software engineering practices - from planning, implementation, test automation, documentation, code reviews, scaling, performance, metrics, logging, and monitoring - essentially the entire software development lifecycleEnsure the code developed is fully functional and bug-freeEvaluate existing and future cloud-based services to increase the efficiency of our team and/or business.RequirementsExperience required: 2 - 5 YearsMinimum 2 years of experience as a software developerProficient in any of the major programming or scripting languages (Java, Python, JavaScript, Golang, Ruby on Rails, etc.). Python is preferred but not mandatory.Proficient understanding and hands-on experience on Data structures and algorithmsGood at problem-solving skillsProficient understanding and hands-on experience on Object-Oriented Programming and Design patternsProficient understanding and hands-on experience on Django/Flask is preferred but not mandatory.Proficient PostgreSQL or similar relational databases (non-relational databases a plus)Experience in test-driven development is a plus.Self-driven to tackle challenges head-on and achieve goalsExcel in troubleshoot complex systems problems, debug, and find root causesExcel at working in small, dynamic, and fast-paced groupsMotivated to not just make things work, but make things work at scale.Curiosity and capacity to learn.Ability to communicate in written and spoken EnglishGood team player with a drive to achieve more",,"['DevOps', 'JavaScript', 'Golang', 'Data', 'Object-Oriented Programming and Design', 'Django/Flask']"
293,Head of Digital Marketing,"What will you do here?Paid digital/performance marketing campaigns with the objective of activation, engagement, and retentionCampaign management - emails, marketing automation such drip campaigns, push notifications, social media, real estate inside apps of partners such as brokersWork on the messaging on all consumer-facing touchpoints in-app and off-app - emails, Push Notifications, partner websites, social, etcBuild a culture of experimentation and iteration to understand what messaging works for our consumersMust Have :At least 3 years of experience in Digital Marketing with revenue responsibilities in a B2C product company that scaled.Must have hands-on experience running and managing Paid Digital/Performance Marketing CampaignsIn channels such as Google, Twitter, FB, etcHaving managed at least 2 Cr annual budgetFirst-hand experience in large scale Marketing Automation campaigns:Including but not limited to emails and push notificationsAt a scale of at least 1 million usersExtremely well versed in a marketing tool such as ClevertapGood to have :Ability to do data analytics to measure campaign effectiveness and suchExperience in conducting AB tests and similar analytical methods to iterate product messagingCuriosity, eagerness to learn, and predisposition to thinkExcellent written and verbal communication skills.If you can write short marketing content, it is a bonusAn active interest in the stock markets is a huge plus",,"['Push Notifications', 'etcBuild', 'Digital Marketing', 'Digital', 'Google', 'Marketing Automation', 'ClevertapGood']"
294,SDE - ll,"Collaborate with the team to ensure consistency of designs to represent the companys creative process and the final output should successfully represent the companys creative position and point of view in our industry.This role may be for you if you Have an insatiable itch to join and the courage to scale an early-stage technologycompany. Have 4- 8 years of experience in designing and building modern day web platforms, usingMicrosoft technologies on the backend and Angular on the front end. Can be a generalist or specialist with deep understanding of building softwarecomponents that meet defined requirements, with good understanding of .NETCore/ASP.NET or Angular 2+ Are proficient in data structures and algorithms, and object oriented analysis and designof software systems. Are a backend specialist with good understanding of event driven programming,distributed systems, caching/in-memory computing systems, data modelling fortransactional systems. Are a frontend specialist, with deep understanding of browser and javascriptfundamentals, designing, building, packaging and deploying applications using Angular2+ framework.This role may not be for you if you Do Not have the itch to design solutions and write code and you do not grab every otheropportunity to review and write code. Do Not have the fire in you to fight for your design suggestions and debate with logicaldata points Do Not have the trait to be transactional in code reviews/design discussions, accept yourmistakes and appreciate better ideas from your peers or reportees. Have Not developed the habit of doing objective conversations that are data driven.",,[]
295,SDE IV (Backend),"Requirements :BS/MS in Computer Science or equivalent from a premier institute8-12 years of strong design/development experience in building massively large scale distributed internet systems and productsExtensive experience in developing and maintaining large scale systems on Cloud - Amazon AWS or Microsoft Azure.Excellent Java programming skills and expertise in multi-threading and performance-oriented programming.Excellent computer fundamentals and problem-solving skillsExcellent data structures & algorithms skillsExperience and knowledge of open source software, frameworks and broader cutting edge technologies around server-side development in Java and Big DataSuperior organization, communication, interpersonal and leadership skillsMust be a proven performer and team player who enjoys challenging assignments in a high-energy, fast-growing and start-up workplaceMust be a self-starter who can work well with minimal guidance and in a fluid environmentProvide good attention to detailsMust be excited by challenges surrounding the development of massively scalable & distributed systemAgility and ability to adapt quickly to changing requirements and scope and prioritiesNice to have skills Experience in building products that are powered by data & insights Experience in data sciences & machine learning Experience in working on massively large scale data",,"['BS/MS', 'Computer Science', 'institute8-12 years', 'Microsoft Azure', 'data & insights Experience', 'data sciences &']"
296,HR executive,"Key responsibilities:Source candidates through online channels (e.g. Cutshort, LinkedIn, etc. and portfolio sites).Screen CVs and applications and update candidates on hiring processes.Interview candidates during various hiring stages, including phone and first-round stages.Collaborate with hiring managers to write job ads for current openings.Advertise job openings on careers pages, job boards and social networks (e.g. LinkedIn).Coordinate with hiring managers on the status of open positions.Answer candidates' queries regarding the application process.Provide interview feedback.Help new hires onboard & few admin activities.Ad-hoc HR duties.About you:2-3 years experience.Excellent verbal and written communication skills.Work experience as an Internal Recruiter or similar role.Experience of full-cycle recruiting end to end.Ability to work in a fast-paced organisation.Experience of using Excel and MS word essential.",,[]
297,Cloud Engineer,"Responsibilities: Setting up Configuration Management Environment. Implementing, deploying, and maintaining high availability systems, with features such as auto scaling,load balancing,data backup and restoration,etc by installation of alert and monitoring to services and infrastructure for data and system integrity, health and security. Troubleshoot problems, involving the appropriate resources and driving resolution of issues with focus on minimizing impact on running applications. Oversight of all server environments, from dev through production. Setup monitoring tools to find problems and resolve and/or escalate to development. Setting up core infrastructure components as new requirements come in Work closely with developers to drive live title release and best deployment practices. Automate the provisioning of environments using tools like Ansible or containers like Docker using Hybrid infrastructure.Skills: Minimum of 2+ years of production environment engineering, configuration management, release engineering. Hands-on experiences with Google Cloud Platform Strong experience with Git, GoCD, Jenkins, Kubernetes, Docker, Terraform, Ansible and Nginx. Hands on experience in Prometheus technology. Experience working in a Start-up is a plus. Kubernetes Certified (CKA/CKD). GCP Certified.",,"['Work', 'Google', 'Platform Strong', 'Terraform', 'Nginx', 'Kubernetes Certified', 'CKA/CKD', 'GCP Certified']"
298,Business Development Manager,"What you will doCall potential members and actively get involved in selling and converting users.Regular follow-ups with members in the sales pipeline.Understanding customers' needs and identifying sales opportunities.Help improve users knowledge about Even and its offerings.Be the first line of defense, identify bugs and escalate to the concerned team.Consolidate user queries and educate product teams about what users want. Be the voice of the user!Develop and implement processes by yourself. We are a startup. We want people who are able to create processes, not just follow.Achieving the targets in a high performance driven competitive environment.Well versed in objection handling and managing different situations during the call.Closing sales and achieving sales targets.Monitoring self-performance at all times while also contributing to the team performance, keeping track of factors like conversion rate, average revenue generated per lead, etc.What are we looking for1 to 5 years of work experience in Sales or Business Development where you were actively involved in lead conversion and revenue generation.Strong English communication skills in both written and verbal. Candidates who also speak in Kannada and/or Hindi will be preferred.Dynamic, quick thinking, and problem-solving. Ability to grasp new concepts very quickly. Even is not like anything else in the market. You need to understand exactly how we work and why.Willing to work 6 days a week. Weekly off will be on a weekday.Startup or Entrepreneurial DNA - You love seeing the value you create in a company and are excited to join a fast-growing startup.Candidates must be located in Bangalore. We are an office first company with the opportunity for remote work periodically.Nice to havesExposure to tools like CRM, Desk, Google Suite, Slack, and Notion is a plus.Basic understanding of health insurance.You have worked at a VC-backed startup before, and seen hyper-growth in action & enjoy fast-paced and dynamic work environments.",,"['Sales or Business Development', 'Desk']"
299,C++ Application Developer,"Tango Eye is looking for a C++ developer responsible for building applications that may range from desktop applications to native mobile applications and embedded systems. Your primary responsibility will be to design and develop these applications, and to coordinate with the rest of the team working on different layers of the infrastructure.Job ResponsibilitiesDesign, build, and maintain efficient, reusable, and reliable C++ codeImplement performance and quality modulesIdentify bottlenecks and bugs, and devise solutions to these problemsHelp maintain code quality, organization, and automatizationSkillsStrong proficiency in C++, with fair knowledge of the language specificationThorough knowledge of the standard library, STL containers, and algorithmsGood understanding of memory management in non-garbage collected environmentsUnderstanding of dynamic polymorphism and C++ specific notions, such as friend classesFamiliarity with templating in C++Knowledge of the latest C++11 standard is appreciatedFamiliarity with embedded systems design, low-level hardware interactionsKnowledge of low-level threading primitives and real-time environmentsFamiliarity with system call wrapper library functionsKnowledge of writing native modules for high-level languages such as Node.js, Python, Go, etc.( optional )Familiarity with language tools, such as Valgrind( optional )Knowledge of component data sheets and specificationsImplementation of automated testing platforms and unit testsProficient understanding of code versioning toolslike git / bitbucketFamiliarity with continuous integrationKey WordsC++, Git/ Bitbucket, Edge Application/ Edge Computing",,"['Tango Eye', 'STL', 'Node.js']"
300,Senior Backend Engineer,What you will do:Design and develop APIs based on user requirementsAbstract complexity into libraries that allow them to be reusedIdentify and fix issues in your modules and librariesOptimize application for maximum speed and scalabilityOwn modules or services in SpotDraft stack and see them from development to deployment to post-release maintenanceWork closely with tech leads and the CTO for timely delivery of product features and engineering tasksParticipate actively in design discussions and defining the long-term architecture of the systemIdeal Candidate:3+ years of industry experienceAt least one year of experience working at a startupExpertise in building web-applications in Python frameworks (Django/ Flask would be a plus)Experience building RESTful APIsProficiency in CS concepts such as Data Structures and AlgorithmsExperience working on a Linux system,,"['SpotDraft', 'CTO', 'Django/ Flask', 'Data Structures', 'AlgorithmsExperience']"
301,Performance Marketing Associate,"About Us:Supertails.com is a very new platform solving a very old challenge: making woofs, meows, chirps, and everything in between louder, healthier, and braver. We are building, overnight, a platform that solves the many unique needs of the pet-parent community in a one-stop universe for everything pet and essential veterinary care.What you will do:Support the team in managing campaigns across Google and FacebookLearn fundamentals of generating revenue via performance marketing initiativesMonitor campaigns, flag concerns, and identify opportunities for growthKeyword and trend research in paid search paid social, and other biddable platformsAudience and Strategy building on Meta AdsBuilding reports and presentations to be shared with stakeholdersSEO/SEM Research and copywriting for GoogleSkills were looking for:Ability to analyze data and be a creative problem solverAbility to work and adapt in a fast-paced, innovative, deadline-driven environmentKnowledge of MS Excel and copywriting skills2-3 years of experience in digital marketing Excellent communication skills Location: Bangalore(6 days in-office)Media links:https://yourstory.com///ex-licious-digital-pet-care-supertails-saama-deepika-padukon e/amphttps://economictimes.indiatimes.com/magazines/panache/deepika-padukone-invests---m n-in-pet-care-platform-supertails/articleshow/.cmshttps://www.livemint.com/news/india/deepika-padukone-others-invest---mn-in-pet-care-platform-supertails-.html",Google Analytics|Ms-Excel|Digital Marketing|Facebook and Instagram Advertisement Marketing|Research Skills,"['Supertails.com', 'Google', 'FacebookLearn', 'GoogleSkills', 'MS Excel']"
302,Lead Technical Support,"Key responsibilitiesOwn the day-day technical support operationsRun the day-day technical support operations like triaging of tickets, measuring the adherence to the SLAs, handling escalations, and helping the team to prioritize the tickets. Keeping the team manager and other department stakeholders informed about issues/incidents/escalations and their action items. Gather & analyze metrics to assist in fault finding and getting it resolved. Provide primary operational support and engineering for the Product.Technical guidance to the teamProvide the right level of technical guidance & mentoring to the technical support engineers to assist in solving the issues more quickly. Bring in technical improvements to increase the teams efficiency & turnarounds. Bring in tools to ensure integrity & quality of the level of technical support tasks being done on a day-day basis. Develop a strategy for measuring, monitoring & reporting the site reliability, and availability of various product modules.Process OptimizationImplementation of strategies to increase the system reliability and performance through on-call rotation and process optimization. Bring-in process measures for improved collaborative response in real-time. Guide the team in updating documentation, and adapting automation strategies like tools, and runbooks to ready the team for incident management. Consistently manage & monitor the teams efficiency in adhering to SLAs, response to alerts & performance in monitoring & troubleshooting the issues/incidents.Documenting KnowledgeDevelop the culture within the team by documenting the system & process knowledge, as the technical support engineers take part in on-call duties, and technical production support they gain sustainable historical knowledge, and to ensure seamless flow of information between teams, you will have to document the knowledge gained.Team PlayerYou should proactively communicate to resolve dependencies within and outside the team. You should build the ability to preempt conflicts within the team and resolve them if required. As a knowledge giver, you should foster a culture of learning and sharing knowledge within and across squads. You should engage in conversations that are objective and data-driven. Strive and push your team in this direction. Understand the organizations culture code and streamline conversations and activities that will further instill this code. Mentor and coach new additions to your team.Value/Mission AlignmentBe a champion for CareStack within the product team. Help drive workplace and cultural norms within your business unit that align with CareStack company values.As a Lead - Technical Support, you will be,Providing technical guidance & mentorship to a team of technical support engineers.Fostering an environment for the engineers on your team to maintain good ticket performance and satisfaction.Handling escalated issues from customers.The point of contact when it comes to technical escalations.Recording & tracking team SLAs & workflows.Helping support engineers develop and nurture their skills and experience.Implementing any necessary preventive measures to reduce customer faults and issues.Engaging with various internal stakeholders to triage their issues via tickets.Improving the customer experience, site reliability & availability in measurable and repeatable ways.Participating in managing & monitoring 24/7 pagerduty rotation shifts.Establishing, recommending, and implementing policies & procedures to ensure quality, timely & efficient design of customer-oriented services.Helping the support engineers to develop metrics, monitoring, and alerting to observe the health of the production system.",,"['Key responsibilitiesOwn', 'Gather & analyze metrics', 'KnowledgeDevelop', 'Value/Mission AlignmentBe', 'CareStack', 'Lead - Technical Support', 'Recording &']"
303,Market Research Analyst,"Responsibilities: Monitoring and forecasting marketing and sales trends. Assisting in the development of marketing plans. Conducting quantitative and qualitative research on specific market conditions. Analysing consumer preferences to determine the potential sales of a product or service. Analysing prices, methods of marketing, and distribution. Measuring the effectiveness of marketing programs and strategies. Devising and evaluating methods for data collection. Gathering data on consumers, competitors, and market conditions. Using statistical software to analyze and interpret data. Maintaining strict confidentiality of sensitive information. Simplifying complex data into a user-friendly format, such as graphs, charts, and other visual aids. Preparing and presenting reports to internal customers and management.",,[]
304,Senior PPC Lead,"Duties & Responsibilities : Responsible for creating marketing strategies & Implementing the same on OnlineAd platforms Collaborating with new Ad platforms & Launch campaigns on those new platforms Responsible for Monitoring Entire campaigns & Maintaining the cost per result ofeach campaign Responsible for Maintaining the Overall spend vs revenue Ratio of the Company Responsible for Providing Training to the team members & Conducting experimentalcampaigns Collaborating with Marketing, Design & Copywriters for planning and executing newcampaigns with a Variety of Creatives and videos Responsible for creating and maintaining Daily, Weekly Monthly reports Responsible for improving leads quality by collecting feedback from the sales teamon a daily basis Conducting training to the new joiners",,"['Duties & Responsibilities : Responsible', 'OnlineAd', 'the Company Responsible for Providing Training', 'a Variety of Creatives', 'Weekly Monthly']"
305,Talent Acquisition Associate,"ResponsibilitiesWe are hiring a Talent Acquisition Executive who will be working to help companies find the best talent from the Able Jobs talent pool. Your day-to-day job responsibilities will be as follows:Identifying candidates for our customer companies through calls, emails, app notificationsEvaluating candidate fitment for the role on various parametersExplore talent networks such as college hiring and other new sourcing strategiesShare the relevant profile with the team and help them in the shortlisting processCreate daily plans, manage bandwidth and ensure that we achieve the desired resultsCollaborate with a cross-functional team in Sales, Operations & Marketing to close positions faster",,"['Sales, Operations & Marketing']"
306,Golang Developer,"What do we expect from you? 4+ years of experience as a backend developer, with at least 2+ years of experience working with GO language. Strong knowledge of working with Go paradigms and best practices Good knowledge of concurrency in Go - goroutines, channel patterns, Go ecosystem, and tools available Worked on or have an understanding of various frameworks in Go Ability to dissect and recommend best tools for the job Worked with microservices architecture and patterns, DevOps, and continuous delivery. Experience building APIs with gRPC or REST Some experience with deployment processes including knowledge of Kubernetes and Docker.What will you work on Build a scalable and reliable system, while facing quickly growing global traffic. Developing high-volume, low-latency applications for large systems and coping with the challenges of working in a distributed and highly concurrent environment. You will also be coding new features and have an active role in the definition of the backend architecture; which includes designing microservices and researching new alternatives and technologies.It would be great if you also have Experience in non-relational databases - Cassandra or ScyllaDB is a plus Any prior experience on Scala is a bonus.",,"['DevOps', 'Kubernetes and Docker', 'Scala']"
307,Senior Product Designer,"Responsibilities-Lead design for our web application (video editing interface) for the desktopConduct UX Research in sprints to understand our usersCreate scalable design systemsRegularly coordinate with tech and product to roll out state-of-the-art featuresDefine how product design works in a product-driven tech companyLead the team as and when we hire new team membersThe Ideal Candidate-Has at least 2 years of experience in UI design for SaaS/web applicationsHas done some UX research on the job and is keen to understand & explore moreExpert working proficiency in FigmaHigh ownership of work & deadlines - this is your life's best workCollaborative - you only grow when others around you growGrowth mindset - you do not just design but take a keen interest in other aspects of the businessPrevious experience with startups earns brownie pointsOkay, with ambiguity - you can take decisions yourself with sound frameworksIndependent - there will be nobody micromanaging your work. You are responsible for your outputHigh entropy environment - things change fast at a startup, and you can adapt quicklyAbility to lead - we are building our core team, so you are in a spot to be a leader for the team and set the rulesIf this sounds like you, drop us an email at kushagra@vidyo.ai to accelerate the process.If our relationship works out well, we are open to offering equity options 3 months into the job.Perks-Flexible working hoursZero hierarchyA shiny new Macbook Pro for workMental & physical fitness allowanceDesk setup allowanceGrowth centric culture",,"['UX Research', 'UI', 'FigmaHigh', 'Macbook Pro for workMental & physical']"
308,Manual QA,"Job DescriptionCompleted specialized education, including a bachelor's degree in information technologies or a similar fieldMore than 2 years of experience in the fieldComprehensive knowledge of testing toolsBasic knowledge of programming languagesTeamwork skillsMastery of QA methodologiesKnowledge of Agile frameworksExcellent communication skillsUnderstanding of regression testingAbility to think critically and analyticallyAbility to quickly and efficiently solve problemsHelping with bug detection and fixing",,"['DescriptionCompleted', 'QA methodologiesKnowledge of Agile']"
309,Mentor - Full Stack Developer,Job description:Own the learning outcome of students. Make sure that students are attending and learning.Building and improving the curriculum which will result in enhanced learning outcome and experienceCoordinate with the Engineering team to build and improvise the post training evaluation of the students.Deliver content and sessions in an interactive way and with real world projectsHandle live sessions and doubt resolution,,[]
310,Project Manager,"Daily and Monthly ResponsibilitiesEstablish and maintain processes to manage scope over the project lifecycle, setting project quality and performance standards, and assessing and managing risk within project.Monitor and assign resources appropriately to streamline project efficiency and maximize deliverable outputs.Report project outcomes and/or risks to the appropriate management channels as neededescalating issues as and when necessary.Skills and Qualifications3+ years project management experience in software developmentHands-on experience with developing software productsKnowledge about payment systemsDegree in engineeringSoftware skills :Mean stack experience like Node JS, anagular ,Mongo DB etc.",,[]
311,SDE - IV,"Required skills/experienceParticipate in the requirements analysis, design, development and testing of applications.Scale distributed applications, make architectural tradeoffs in applying synchronous and asynchronous design patterns, write code and deliver with agility and quality.Optimize APIs for better performance; ease of use and maintenance.Maintain good code coverage for both existing and new products/projects.Exposure to backend, web layer and middleware/streaming/messing platforms.Participate in the continuous integration of automated builds and deployments, ensuring that deliverables meet functional and non-functional requirements and specifications of the site/software.Participate & inculcate culture of code review, writing design documents, and collaborating closely with other people.Work with engineering leadership in solving and architecting solutions for challenging or complex site/software development issues.Take initiatives in developing and maintaining integrations of best practices within the backend department.Who you areBachelor's degree in Computer Science (or a related discipline) as well as work experience of 8+ years.Strong computer science fundamentals in algorithms, data structures, storage technologies, distributed computing, operating systems, etc.Experience in designing and implementing scalable solutions in a large-scale distributed environment.Robust and defensive coding skills using Java. Strong knowledge of RDBMS and any other NoSQL database technologies (Cassandra, HBase, MongoDB, Dynamo, Elasticsearch etc. )Your OpportunityOpportunity to work with a young, dynamic and highly energetic team in scaling our payment systems to handle USD 40B+ yearly.Ability to support tens of millions of requests on a daily basis.Expand our merchant base from the current 100k to a million in the next one yearDrive the technology and engineering best practices on different fronts like quality, performance, design, operations at organizational levelDrive technology innovations & remaining ahead of the curve.",Java|Springboot,"['Participate & inculcate', 'Computer Science', 'NoSQL', 'HBase', 'Dynamo', 'Elasticsearch', 'USD', '100k']"
312,Senior Frontend Engineer,"What an ideal candidate looks like4+ Yrs of experience working with ReactJS, NextJS, FabricJS, & similar online canvas editing frameworksKindly do not apply if you do not have a minimum of 3 years work experienceWorking knowledge of ReactJS & FirebaseHigh ownership of work & deadlines - this is your lifes best workCollaborative - you only grow when others around you growGrowth mindset - you do not just code but take keen interest in other aspects of the businessPrevious experience with startups earns brownie pointsOkay with ambiguity - you can take decisions yourself with sound logicIndependent - there will be nobody micromanaging your work, you are responsible for your outputHigh entropy environment - things change fast at a startup, and you are able to adapt quicklyAbility to lead - we are building our core team, so you are in spot to be a leader for the team and set the rules",,[]
313,Design Lead/Product Design Lead,"Responsibilities: Work closely with your team of other designers in defining, designing, and iterating on product features Invest in design standards, documentation, and processes alongside your team members to further our design practice. Shape product strategy and vision together with the Product team. Drive and support cross-team initiatives that make the Design practice better at SpotDraft such as improving our hiring processes, expanding our community presence, interviewing potential new team members. Work in the way that works for you and what you are designing, whether that is spending time sketching or jumping straight into pixels. Work with other members of the Design team to help them deliver great work and develop their own skills. This could be as a mentor, a coach, or a collaborator. Managing and evolving existing design systems.Requirements: At least 5 years of Product Design experience. Proven history of partnering with engineering in a continuous delivery environment. Prior experience working on Enterprise SaaS solutions is a huge plus. Ability to understand complex feature sets and their dependencies while being able todeliver a design strategy that accounts for capabilities and limitations of the product. Consistent track record of leading highly collaborative cross-functional teams through ambiguity and delivering the best products possible to our customers. Prior experience managing and scaling Design Systems. Experienced recruiting, hiring, and retaining multi-disciplinary design teams. Methodology rich, including standard approaches for design deliverables including user journeys, research plans, mocks, prototypes, documentation, and quality checks. Ability to communicate research findings and design decisions openly and confidently, regardless of the audience. Have partnered with research teams or led research experiments to validate and inform product thinking.Why SpotDraft? When you join SpotDraft, you will be joining an ambitious team that is passionate about creating a globally recognized SaaS company & brand. We set each other up for success and encourage everyone in the team to play an active role in building the company. It is possibly the best time to join. The team is lean and still growing. There are endless opportunities to show immediate impact, build processes from scratch, and do things you have not done before. Building and selling to an international audience - which is always a great experience to have! Amazing teammates, great work culture & flat hierarchy.",,"['SpotDraft', 'Design Systems', 'SpotDraft', 'SpotDraft']"
314,Marketing Associate,"Company Overview:Jugyah is a startup that is revolutionising the real estate market in India. Our end-to-end digital process eliminates security deposits and brokerage fees, making renting and leasing more accessible to everyone. We are building the AirBnB of long term home rentals in India. A 100% digital technology enabled brokerage focused just on home rentals. Nothing like this exists in India today and global comps are Quinto Andar (last valued at $5.5 bn) and Lianjia (IPO in NYSE at $87 bn).Jugyah is backed by some of the top investors in the ecosystem such as Harsh Jain (Founder of Dream11) and Kunal Shah (Founder of CRED and Freecharge) and some of the largest developers in the country such as Prestige, Lodha, and Godrej. Founding team is composed of Ex-Harvard/ Cambridge/ Columbia and BITS Pilani graduates and folks who have worked at Nutanix, Nestaway and some of the largest real estate firms globally.ResponsibilitiesDevelop and execute growth marketing strategies: Identify growth opportunities, conduct market research, and develop data-driven marketing strategies to drive customer acquisition and revenue growth.Customer acquisition and retention: Implement and manage various marketing channels such as social media, content marketing, email marketing, search engine optimization (SEO), paid advertising, and referral programs to acquire and retain customers.Analytics and reporting: Monitor, analyze, and optimize key performance indicators (KPIs) and metrics to measure the effectiveness of marketing campaigns. Generate reports and provide insights to drive data-informed decision-making.Conversion rate optimization (CRO): Conduct A/B testing, optimize landing pages, and improve user experience to increase conversion rates across various marketing channels.Content creation and management: Collaborate with the content team to develop engaging and relevant marketing content, including blog posts, social media content, email campaigns, and website copy.Collaborate with cross-functional teams: Work closely with product, design, and engineering teams to align marketing initiatives with product development, provide user feedback, and ensure consistent branding.",Bachelor's degree in Marketing|Business|or a related field|2+ years of experience in digital marketing|with a focus on SEO|Google Ads|Facebook Ads|and social media marketing|Knowledge of web analytics tools (e.g.|Google Analytics),"['IPO', 'NYSE', 'Kunal Shah (Founder of CRED', 'Freecharge', 'Prestige', 'Lodha', 'Ex-Harvard/ Cambridge/ Columbia', 'Nutanix', 'ResponsibilitiesDevelop', 'CRO']"
315,Content and Community Manager,"At Manzuri, we love telling stories. Stories people actually want to read, watch, and listen to.Are you that person who is always correcting other peoples grammar?Are you someone who thrives in a creative environment, at a dynamic yet small company?Are some of your closest friends fictional?If so, were looking for you.We, Manzuri, a female-founded sexual wellness brand, are looking for a (Content Manager/ Marketing Associate). You will work hand-in-hand with our content and growth teams, as well as agency partners to deliver best content across paid, owned, shared, and earned channels. At Manzuri we put the customer and the audience at the center of everything we do to develop a community of sex- positive members.What you will do at ManzuriManage and execute digital content strategies across all online platforms. Own end-to-end processes of the projects.Create, refine, and implement all systems and processes for team projects. Own end-to-end projects through clear cross-functional communication and diligent management of timeline and budget.Provide editorial, creative and technical support to team members.Implementing SEO best practices.Manage the content team of writers, illustrators, videographers and interns.Build and maintain a content library.",,"['company?Are', 'ManzuriManage']"
316,Data - SDE (Backend),"Required/ Mandatory Skills : Hands on Java Engineers, with experience building consumer facing or enterprise applications using Java stack Spring, Hibernate, MySQL Strong problem solving and analytical skills Strong understanding of Object-Oriented Programming concepts and Design patterns.",,['Object-Oriented Programming']
317,Channel Sales Manager,"The Channel Sales team is responsible for working with Channel Partners/Brokers to source leads for both Property Acquisition and Sales. It is one of the most crucial verticals in defining the companys growth. As a Channel Sales Manager, you will be responsible for building the channel partner (CP) vertical for Ivy homes. You will be primarily involved in signing up new CP accounts and expanding relationships with existing partners. You Will work closely with the Sales and the Business Developmentteam to give on-ground insights and help the sourcing scale. You Will be directly responsible for Sourcing for one or more micro-markets in the city of Bangalore and crucial to the expansion of the company to new markets.WHAT YOU WILL DO? Building rapport with existing channel partners and highlighting the Ivy Homes advantage Signing up new CP accounts for the company Framing Channel Partner vertical policies and expansion strategy Updating Channel Partners on a regular basis with regard to Ivy Homes inventory and offers Creating and maintaining a database of current and new Channel Partners onboarded Plan regular Channel Partner events and engagement activities Working with the Tech team to build new products for our Channel Partners Working with Channel Partners to source leads for both Property Acquisition and Sales Coordinating with internal teams to ensure quick closures on Channel Partner leads Coordinating with Finance to ensure timely payment to registered Channel Partners Coordinating with internal teams to plan marketing activities for Channel Partners Last but not least, achieving monthly targets consistently!",,"['Channel Partners/Brokers', 'Property Acquisition', 'the Business Developmentteam', 'Channel Partner', 'Updating Channel Partners', 'Channel Partners', 'Channel Partner', 'Tech', 'Channel Partners', 'Property Acquisition', 'Sales Coordinating', 'Channel Partner', 'Coordinating with Finance', 'Channel Partners Coordinating', 'Channel Partners']"
318,Fullstack Developer,"Job DescriptionImplement responsive web design principles to ensure that our company website renders well across multiple devicesDesign a framework for creating user apps that grows with the needs of the companyMonitor website performance, watch for traffic drops related to site usability problems and rectify the issuesReview app and feature coding and plan future website upgrades with the development teamAssist in the development of applications and features that will be put on the website and in internal functions as wellQualificationsBachelors Degree in Computer Science or related field3+ years of web development experience required. Development experience for Mobile screens would be a plus.Strong knowledge of Javascript. Proficiency in Typescript & React Js would be a plus.Strong knowledge of web development tools and programming languagesMinimum of 2 years Ex",,"['Mobile', 'Typescript & React Js']"
319,Junior Finance Associate,"Duties and Responsibilities: Keeping track of all payments and expenditures, keeping the books up to date Reconciling processed work by verifying entries and comparing system reports to balances Maintaining historical records Paying employees by verifying expense reports on the basis of existing policies Paying vendors by scheduling pay checks and ensuring payment is received for outstanding credit; generally responding to all vendor enquiries regarding finance Preparing analyses of accounts and producing monthly reports Continuing to improve the payment processRequirements:1. Bachelor's in commerce (with basic tech knowledge) or any relevant background 2. Strong Excel Skills3. Good logical reasoning and skill to make actionable insights out of data4. Ability to build hypotheses and solve problems.",,['Bachelor']
320,Operations Associate,Responsibilities :Offer Creation optimisation and check on go live of productsCheck of active & inactive listing of productsUpdate ongoing hygiene like pictures updates on platformsRaising cases with marketplaces on issues & disputesImplanting questions on ASINsRaise tickets in case there is anything inactive go live on FSNCreate FBA pickup requestsPull out data from Saas platforms for weekly/monthly dashboardsCollection of all invoices on monthly basis for recordsChecking reviews reaching out to website customers for reviewsRequirements:Bachelors in Business Studies/Business Administration/Management1 to 2 years of experience in operationsPreferably from Internet/Ecommerce background,,"['FSNCreate', 'Saas', 'Business Studies/Business Administration']"
321,Sales Associate,"WHAT WILL YOU DO? Communicating with customers, making outbound calls to potential customers, and following up on leads. Understanding customers needs and identifying sales opportunities. Answering potential customers' questions and sending additional information per email. Keeping up with product and service information and updates. Creating and maintaining a database of current and potential customers. Explaining and demonstrating features of products and services. Staying informed about competing products and services. Upselling products and services. Researching and qualifying new leads. Closing sales and achieving sales targetsWHAT DO YOU NEED TO BRING TO THE TABLE? 1-5 years of experience in a similar role in the Real Estate/ Hospitality/ Insurance. Enthusiasm to work in a target Oriented Environment Good Negotiation Skills. Exceptional customer service skills. Excellent communication skills - verbal (English). Any other language is an added advantage. An understanding of timelines. A go-getter attitude, with the will to do what it takes and be flexible with a pure outcome focus. Good organizational skills and the ability to multitask. Good memory - at any given point, there will be a bunch of conversations you are driving, and context is a king or queen! Willing to travel within East Bangalore.",,['TABLE']
322,Head of Engineering,"What You Will Do Mentor and coach a team of 3-5; engineers, data scientists and analysts. The role will also require you to pitch in with about 40% of individual contribution. Drive the priority charter for the team, be responsible for quality and timeliness of delivery. Understand business concerns and formulate them as technical problems that can be solved using data and math/stats/ML. Work with product managers, and business users to build, deploy, and scale data science solutions on property documentation available in public domain and from customers. Analyse large volume data and generate insights that will be actionable and helps business/product to take key decisions. Ensure quality of the data marts, dashboards and analysis of your team.What You Will Need Bachelor's/Masters Degree/PhD in Computer Science, Statistics, Operation research or other quantitative fields, with at least 6-8 years of relevant experience At least 2 years experience of managing a team. Solid knowledge and hand-on experience of data science and machine learning fundamentals, with proven experience to formulate data science solutions for business problems. Practical experience in SQL and building visualisations. Understanding of front-end (React Js). Strong ability to identify problem areas and convert ambiguous statements into actionable initiatives. Ability to write clear and concise technical documentation. Experience in taking data science models to production and their maintenance. Expertise to conduct analysis independently for a business problem through data manipulation, formulation of hypotheses, design and statistical analysis of experiments to test them.",,['Statistics']
323,Embedded software engineer,"Responsibilities Hardware/PCB design for various micro controller and microprocessor-based systems Embedded firmware design mainly with communication protocols like UART, SPI, I2C andwith rs232, rs485 Modbus protocols Designing of firmware to communicate with different servers and cloud platforms to enableIoT. Testing of both hardware and firmware using firmware debugging tools and hardwaredebugging tools like CRO, signal generator, multi meter etc. Provide support to clients and assistance in the support of systems at other locations.Qualification & Experience B. Tech, MS or equivalent) in ECE, Electrical or Mechanical, computer science with 2-5 yearsof work experience in the Embedded IoT field. Experience of HW designing rules, PCB Layout in Cadsoft Eagle / KIKAD (KiCad) /AltiumDesigner (/ OrCad-Allegro) etc. Hands-on experience on Oscilloscopes, Logic Analyzer, Function/Signal generator, SolderStation (SMD/DIP). Experience in C, C++ (Cross compilers) and python based embedded firmware development,debugging and testing. Protocols: - Ethernet, Wi-Fi, USB, Serial interfaces (UART, SPI, I2C, RS485, RS422,RS232), Modbus, HTTP, MQTT, (Bluetooth 5) Hardware/PCB design with 2 or higher layer boards (preference: eagle, (KiCad), OrCad Allegro or Altium). Embedded firmware development, need to be strong c, basic knowledge of C++ and Python. Ability to work with various microcontrollers (preference: ARM Cortex M4 or higher). Hands-on experience in any Cross compilers like Keil / IAR / Atmel Studio / CCS) Ability to work with various microprocessors (preference: ARM Cortex A7 or higher). Ability to implement WIFI, Ethernet, (Bluetooth) and GSM based IOT systems. Basic knowledge of electronic circuits and power section design. Develop test frameworks and operational tools for testing Troubleshoot and support forsoftware deployed. Documentation and communicate plans and updates (EMI / EMC compatible design or testexperience will be an advantage.)",,"['PCB', 'UART', 'SPI', 'I2C', 'rs232', 'rs485 Modbus', 'CRO', 'Qualification & Experience B. Tech', 'ECE', 'Embedded IoT', 'PCB', 'Cadsoft Eagle / KIKAD', 'OrCad-Allegro', 'Function/Signal', 'SolderStation', 'SMD/DIP', 'C, C++', 'USB', 'Serial', 'UART', 'SPI', 'RS485', 'RS422,RS232', 'Modbus', 'HTTP', 'MQTT', 'PCB', 'Altium', 'Cross', 'Keil / IAR / Atmel Studio', 'GSM', 'IOT', 'Develop', 'EMI', 'EMC']"
324,UI/UX Developer,"JD UI/UX Developer- Part time/Free lancerUX Designer responsibilities and dutiesDevelop mockups for our development and design teamCoordinate with UI design team on issues like navigation, page routing, product page design and moreConduct competitive analyses of other websites & apps that operate in the same spaceConduct usability tests on each independent type of page on the website and create a report showcasing your findingsPrepare customer analyses based on our target demographic and initial transactionsParticipate in creating a content development strategyUX Designer qualifications and skillsBachelors Degree in Computer Design, Development or Engineering requiredSuperior knowledge of products like InDesign, Illustrator and Figma.Understanding of the B2B2Cmarketplace and the functions of Fintech marketExperience preparing detailed competitive and consumer analysesYears of experience 2-4Years",,"['UI', 'Development or Engineering', 'Illustrator', 'Figma']"
325,Python Mentor,"For the Python programming mentors, we are looking for individuals who are experts in:PythonDjangoPostgresRabbitMQRestAPIIt would also be beneficial if the candidates have a basic understanding of:HTML5CSS3JavaScriptGitHubStrong teaching experience is required.",,[]
326,Talent Acquisition Executive,"ResponsibilitiesCoordinate with HR Team to identify staffing needsDetermine selection criteriaSource potential candidates through online channels (e.g. social platforms and professional networks)Plan and Execute interview and selection procedures, including screening calls, assessments and online-interviewsAssess candidate information, including resumes and contact details, using our Applicant Tracking SystemDesign job descriptions and interview questions that reflect each positions requirementsSupport in employer branding initiativesCoordinate and attend job fairs and recruitment eventsPlan and coordinate campus recruitment eventsForecast quarterly and annual hiring needs by departmentFoster long-term relationships with past applicants and potential candidatesConduct new hire reference checks, issue offer and appointment letters and also assist in the complete onboarding process",,"['Execute', 'Applicant Tracking SystemDesign']"
327,Frontend Engineer Web,"Who you are:An experienced front-end engineer who is familiar with all the modern frameworksSomeone who is excited about building things from the ground upSomeone who is experienced working with front-end infrastructure as well as implementing new featuresAn excellent communicatorNice to haves:4.5+ years of front-end experienceExperience with modern front-end frameworks - React Native, React JS, Redux, Javascript, libraries, components and frameworks.Experience in Android / iOS Native development is a plus.Experience with other development frameworks (Ionic, Angular, Vue, Native Android, Native iOS) would be a plus.Interest in the crypto/ blockchain space. Prior knowledge not required",React|Redux|Javascript,['Ionic']
328,Graphic Designer,"JOB DESCRIPTIONSOCIAL MEDIA Designing, creating, and executing quality social media content includingads, reels, and postsGenerating high-quality video content for social media through rawmaterial, live interactions, ongoing programsWork with copywriters and creative director to produce the final designDESIGN & BRANDING EXECUTIONDesign various marketing materials like brochures, PPTs, banners, flyers,standee, e-books, WhatsApp marketing collateral etcContinuing to use design and collateral as a tool to build BRG's brandAssisting and coordinating on website pages and other digital marketinginitiatives",,"['WhatsApp', 'BRG']"
329,Python Developer,"Responsibilities: Contribute to new and on-going projects based on web services and mobile apps byimplementing best practices with minimal technical debt. Support the project management team with analysis and estimation. Work closely on projects with a major impact across various client and in-houseprojects. Perform hands-on coding along with the team members. Work in a highly experienced team that favours hands-on over indirect action. Dive into difficult problems and successfully deliver results on schedule.Qualifications:Must Have At least 3 years of experience building, scaling and maintaining production systemswritten in Python, Django or related frameworks. Deep understanding of the full software and product development lifecycle, from UXand design through to deployment into production and phase-out. Professional experience working with multiple programming languages. Experience with a range of typical backend systems such as all kinds of data-stores,queues etc. Experience building and managing web services and APIs for mobile apps. A healthy aversion to deploying on Fridays or after 16:00.Must Have If you have experience with Ruby or Go If you have worked with IoT technologies Familiar with Docker, containerisation If you love Linux and have Devops skills If you own a blog or domain name",,"['UXand', 'IoT']"
330,Content Writer,"Job Responsibilities: Collaborate with the Marketing, Product & UX teams to identify, plan, and create usercommunication lifecycles Regularly produce various content types, including emails, sms, push notifications & other modesof user communication & setup using internal tools Actively manage and analyze content marketing metrics like open rate, click rate and makechanges as needed Collaborate with other departments to create innovative content ideas & conduct onlineexperiments (A/B testing) Translate customer insights into actionable recommendations",,[]
331,Recruiter & HR,"About the role- Identify qualified Tech & Non-tech candidate profiles using various sourcing techniques- Proactively interact with potential candidates through various job portals, social media, and professional networks (e.g. LinkedIn, Indeed, Angle list)- Work directly with the founders and develop talent pipelines for future hiring needs and strategic roles- Ensuring a good candidate experience during the recruitment process- As our first HR hire, be responsible for some of the other early-stage HR functions (Onboarding & Policies)What are we looking for?- 3-5+ years working in the early stage startups or similar organisations- You are a self-starter and can make decisions on your feet with minimal supervision, end-to-end ownership to drive outcomes.- You possess deep employee empathy- We are location agnostic, but in the same time zone (India). We have a small garden office @ Jayanagar, Bangalore (home to some of the best dosas in India) to jam together on anything that requires space.- You are somebody who shares the same.",,"['Tech & Non-tech', 'Angle list)- Work', 'Onboarding & Policies)What', 'Jayanagar, Bangalore']"
332,Senior A.I. Engineer,"Technical Knowledge-2+ years of experience building SotA machine learning modelsA knack for keeping up with publications & papers in the domainHighly proficient in PythonWorking knowledge of deep learning frameworks like PyTorch, Tensorflow, etc.Previous experience with startups earns brownie points.Technical Responsibilities-Understand the business problem and define the A.I. problem - How to automatically summarise videos that perform well on social media?Work closely with co-founders to gain customer insights. - Understand how content creators think when performing a task manuallyDevelop state-of-the-art algorithms for the product. - Perform literature surveys, make and break stuff! Then, once you find a promising approach, dive deep and nail the final algorithm.Own the entire process of developing an A.I. model, from literature survey to deployment.Interpersonal Qualities-Ability to lead - This role let us you lead the team in the next 3-6 monthsHigh ownership of work & deadlines - this is your life's best workCollaborative - you only grow when others around you growGrowth mindset - you do not want to just code but take a keen interest in other aspects of the businessOkay, with ambiguity - you can take decisions yourself with sound logicIndependent - there will be nobody micromanaging your work. You are responsible for your outputHigh entropy environment - things change fast at a startup, and you can adapt quickly",,"['PythonWorking', 'PyTorch, Tensorflow', 'brownie points', 'Technical Responsibilities-Understand', 'A.I.', 'social media?Work', 'A.I.']"
333,Lead QA Engineer,"RequirementsTesting is your passion and are good at building automated systems for same2+ years of experience in software test automation frameworksHave relevant experience with automating web based apps using Selenium/Watir/Webdriver.io, automating REST based applications and using testing tools & processes.Have experience with designing test suites/plans, dependency matrixAbility to work independently and scale automation framework and be able to mentor other QA members in the team technicallyShould have the knack to identify problems that are deep below the surfaceWell versed with Lean methodologies, TDD and Test Engineering and AutomationGood to haveUnderstanding of interactive application development paradigm, memory management, performance/resource optimisations, database interactions, network programming, concurrency and multithreading, fault tolerance, monitoring, security and operability of systemsHave experience in at least one programming language such as: PHP/Java/Python/Ruby/Go/JavaScriptKnowledge of Linux as a production environment",,"['RequirementsTesting', 'Selenium/Watir/Webdriver.io', 'REST', 'QA', 'TDD', 'Test Engineering', 'AutomationGood', 'PHP/Java/Python/Ruby/Go']"
334,Data Analyst Intern,"ResponsibilitiesConfigure and run our proprietary AI & Deep Learning platformsUnderstand business requirements and map to deliverablesCollaborate with core engineering team and business teamsData preparationData labellingInsight extraction & benchmarkingHandle client communication to evaluate requirements, plan and act as client touch point for projectsSkills And QualificationsYrs of experience: 0+ yrsVery good problem solving capabilities and aptitudeVery good team player, with drive to work with complete ownershipFire to drive resultsPassion to understand data and derive insightsVery good communication and presentation skillsGood to have: Knowledge on SQL, Google Data Prep, Python Scripting",,"['ResponsibilitiesConfigure', 'AI & Deep Learning', 'extraction & benchmarkingHandle', 'QualificationsYrs', 'Google Data Prep']"
335,Lead Trainer,"Key Skills: Passion for the organisation and respect for individual. Maturity to understand and deliver in a dynamic developing environment. Very good understanding in his/her process. Good written and verbal communication skills. Exceptional people and team skills. Competence to lead by example. Acceptance towards feedback and organization changes. Ability to understand and interpret data. Basic understanding of Excel, PowerPoint, Word. Prior Fintech Experience",,['PowerPoint']
336,Senior Content and Copywriter,"Key Responsibilities: Research industry-related topics (combining online sources, interviews andstudies) Write clear marketing copy to promote our products/services on socialmedia and other digital platforms Prepare well-structured drafts using Content Management Systems Proofread and edit blog posts before publication Prepare and manage content calendar Coordinate with marketing and design teams to illustrate articles and socialmedia posts Conduct simple keyword research and use SEO guidelines to increase webtraffic Work with social media team to create and promote content on social media Identify customers needs and gaps in our content and recommend newtopics Ensure all-around consistency (style, fonts, images and tone) Update website and app content as neededKey Skills: Proven work experience of 2-3 years as a Content Writer, Copywriter orsimilar role Portfolio of published articles Experience doing research using multiple sources Familiarity with web publications Excellent writing and editing skills in English Hands-on experience with Content Management Systems (e.g. WordPress/Hubspot) Ability to meet deadlines BSc in English, Journalism or related field",,"['Key Responsibilities: Research', 'Content Management Systems Proofread', 'Content Writer', 'Familiarity', 'Content Management Systems', 'WordPress/Hubspot) Ability']"
337,Backend Developer,"We design our front end to be 100% localized, as lightweight as possible, and able to run dozens of different experiments simultaneously - by holding the complexities in the backend.Your primary focus will be the development of all server-side logic, ensuring high performance and responsiveness to requests from the front-end. You will also be responsible for integrating the front-end elements built by your co-workers into the application; therefore, a basic understanding of front-end technologies is necessary as well.Responsibilities Writing reusable, testable, and efficient code Develop maintain and version APIs for the front-end to interact with the system Integration of user-facing elements developed by front-end developers with server side logic Optimization of the application for maximum speed and scalability Implementation of security and data protectionSkills And Qualifications Good knowledge in Python, with knowledge of at least one Python web framework (Preferably Django) Familiarity with some ORM (Object Relational Mapper) libraries (Especially Django ORM) Good understanding of server-side templating languages such as Django templates or Jinja 2 Basic understanding of front-end technologies, such as JavaScript, HTML5, and CSS3 Knowledge of user authentication and authorization between multiple systems,servers, and environments Understanding of fundamental design principles behind a scalable application Able to create database schemas that represent and support business processes Strong debugging skills Proficient understanding of Git Basic understanding and experience in Devops (CI/CD, AWS Services etc.)The above list is for a very basic understanding of what we do as backend engineers. But at the end of the day, we need to go to any extent to make sure our users love the things we build for them. It is completely fine if you do not know how something is done; all we care is that you have the right attitude to roll up your sleeves, get your hands dirty, experiment, and then figure it out yourself.",,"['Develop', 'Optimization of the application', 'Object Relational Mapper', 'JavaScript', 'Git Basic', 'CI', 'AWS Services']"
338,Mentor - Stock market,"Responsibilities & Requirements:> Have a strong subject knowledge in the Indian Stock Market> Mentor students and take live sessions.> Good presentation and camera facing skill> Ability to present themself in stock market educational content in social media and ads> Have impeccable communication skills> Be able to map theoretical knowledge to practical applications> Be a self-driven quick learner and show adaptability to new concepts and tools> Be able to make learning easy for students from different backgrounds and of different cognitive abilities> Conducting online audio/video classes, clarifying doubts",,['Responsibilities & Requirements']
339,Frontend Engineer Mobile,Who you are: An experienced front-end engineer who is familiar with all the modern frameworks Someone excited about building things from the ground up Someone who is experienced working with front-end infrastructure as well asimplementing new features An excellent communicatorWhat you will do: Make architecture decisions on the future of our front-end Implement front-end infrastructure and frameworks that power our products Lead front-end-related projects Mentor more junior front-end engineers to make our team more effective,,[]
340,QA Engineer,"Must Have :Very good understanding of SDLC and STLC.Hands-on experience in understanding various requirements and creating documentation for it.Hands-on experience in multiple types of testing and techniques: Functional testing, Regression testing, Smoke testing, Exploratory testing.Hands-on experience in writing Test Cases and Test data creation.Hands-on experience in Test Case Execution and Test Reports preparation.Hands-on experience in any of the Defect tracking tools and logging Defects.Ability to work in a fast-paced, startup environment.Be able to independently research issues using existing documentation (specifications and user manual).Proven interpersonal, analytical, attention to detail/strategy and creative problem-solving skills.Good written and oral communication skills.Experience working in a team-oriented, collaborative environment.",,['Test Cases and Test']
341,Frontend Engineer,Who you are:An experienced front-end engineer who is familiar with all the modern frameworksSomeone who is excited about building things from the ground upSomeone who is experienced working with front-end infrastructure as well as implementing new featuresAn excellent communicator,,[]
342,C++ Qt Developer,"Skills Required: Hands on experience in Windows Desktop Application DevelopmentRoles and Responsibilities: Design enhancements, updates, and programming changes for portions and subsystems ofsystems software, including operating systems, compliers, networking. Should Analyzes design and determines coding, programming, and integration activitiesrequired based on general objectives Writes and executes code, protocols, and documentation for assigned portion of application Represents the software systems engineering team for all phases of larger and more-complex development projects.Key Words:C++, QT, Edge Computing/Edge Application",,"['Skills Required: Hands', 'Windows Desktop Application', 'Represents', 'Key Words', 'Edge Computing/Edge Application']"
343,Customer Support Executive,Experience level : 0-1 yearsof experience will also workGood communicationskillsVery good English grammarPatientHard workingOpen to join and grow with a startupLooking for someone who can handle Voice support for the company,,[]
344,Content Creator,"Responsibilities:Creating well-researched, engaging, and easy-to-grasp contentBrainstorm with the relevant teams in order to create the best and most effective content and strategies for the intended audiencesWorking on content strategy, content editing, calendar, and frequencyWorking exclusively with a selected few Density users to bring to light successful case studiesAssisting community manager in framing engaging responses on social media handlesIdeating and spearheading content around organic posts as well as SEO-enhancing strategic postsWork with the product and developer team to ensure uniformity of voice across the productWork with the branding team to define brand tone and voice along with a guidebook for the rest of the stakeholdersRequirements:At least 2+ years experience in content writingGreat written and spoken English skills, impeccable grammarStrong narrative skillsCuriosity and Perseverance amidst ambiguity. Sometimes our topics will force you to go down a rabbit hole.An embracing attitude towards the same is a huge plus.An eye for good visuals and a prior experience in social media are good to haveStrong interpersonal skill is a good plus",,"['Density', 'Perseverance']"
345,Senior Devops Engineer,"Key responsibilitiesOwn the release cadenceRun the day-day build, and deployment activities as per the defined sprint & release cadence. As a DevOps release engineer, you will be responsible to be aware of the release cadences of various products and plan your sprint activities accordingly. You will have to efficiently plan & design your sprint tasks to ensure that you work in tandem with the development & quality assurance team members. You will have to efficiently plan, communicate & deliver the release to various kits as per the release cadence. Clear proactive communications should be made before release roll-out. Release sign-off must be got before the planned release dates.Automate the release processYou will have to constantly look out to bring in improvements in the release process. The CI/CD, tools, and artifacts that we use for release activities. You will have to bring in measures to reduce the manual activities/steps carried out during release and come up with alternatives and solutions for the same. You should also have an urge to roll out the solutions.Process AdherenceYou must strictly adhere to the release process, and cadence & effectively communicate the same. You must ensure that all the internal stakeholders are informed before rolling out a release in a particular kit. You must ensure the release is passed through the defined engineering gates & is signed off before the release is rolled out. You should constantly contribute to process improvements by suggesting better ideas for efficient release management.Team PlayerYou should proactively communicate to resolve dependencies within and outside the team. You should build the ability to preempt conflicts within the team and resolve them if required. As a knowledge giver, you should foster a culture of learning and sharing knowledge within and across squads. You should engage in conversations that are objective and data-driven. Strive and push your team in this direction. Understand the organizations culture code and streamline conversations and activities that will further instill this code. Mentor and coach new additions to your team.Value/Mission AlignmentBe a champion for CareStack within the product team. Help drive workplace and cultural norms within your business unit that align with CareStack company values.As a DevOps Engineer, you will be,Providing daily, hands-on assistance to maintain and advance the build process to ensure reliability and optimum integration with CI/CD and Release Management.Working with the development, deployment, and automation teams on the CI/CD process and specifically on building processes and tools for Docker/Kubernetes/App Service deployments.Providing architecture and design recommendations on continuous integration and continuous delivery/deployment capabilities.Developing & maintaining automated deployment systems.Recommending process improvements to ensure system scalability & reliability.Developing & implementing the deployment plan as per the release cadence.Analyzing & troubleshooting deployment issues promptly.Assisting in establishing best practices to support cloud deployment using containerization, continuous integration & continuous delivery.Managing the source code control system.Communicating the release-related activities to all the relevant stakeholders & take their feedback to improve the process.",,"['sprint & release', 'DevOps', 'communicate & deliver', 'CI', 'cadence & effectively', 'Value/Mission AlignmentBe', 'CareStack', 'DevOps Engineer', 'CI', 'Release Management', 'CI', 'Docker/Kubernetes/App Service', 'Analyzing &']"
346,Lead Computer Vision Engineer,"Skills Required:Worked on OpenCV implementation, data pre-processing, computer vision models, Python, Tensorflow, Keras and PytorchExperience in investigating, prototyping, and productizing computer vision system solutions.Experience working with deep learning frameworks like TensorFlow, PyTorch, Keras.Working on face recognition or Human detection will be an added advantageRoles and Responsibilities:Train machine learning and deep learning models on a computing CPU/GPU cluster to perform visual recognition tasks, such as segmentation and detectionDevelop state-of-the-art algorithms in one or all the following areas: deep learning (Face recognition/Human Detection /classification, tracking,Ability to debug complex applications Follow agile processesDeliver products with high complexity and surface areaOwnership of features and components from concept, design, development, deployment and finally deprecationKey WordsPython, Tensorflow, Keras, Pytorch",,"['Skills Required:Worked', 'PytorchExperience', 'TensorFlow', 'PyTorch', 'CPU', 'GPU', 'WordsPython', 'Pytorch']"
347,Growth Marketing Associate,"Responsibilities:Develop and execute growth marketing strategies: Identify growth opportunities, conduct market research, and develop data-driven marketing strategies to drive customer acquisition and revenue growth.Customer acquisition and retention: Implement and manage various marketing channels such as social media, content marketing, email marketing, search engine optimization (SEO), paid advertising, and referral programs to acquire and retain customers.Analytics and reporting: Monitor, analyze, and optimize key performance indicators (KPIs) and metrics to measure the effectiveness of marketing campaigns. Generate reports and provide insights to drive data-informed decision-making.Conversion rate optimization (CRO): Conduct A/B testing, optimize landing pages, and improve user experience to increase conversion rates across various marketing channels.Content creation and management: Collaborate with the content team to develop engaging and relevant marketing content, including blog posts, social media content, email campaigns, and website copy.Collaborate with cross-functional teams: Work closely with product, design, and engineering teams to align marketing initiatives with product development, provide user feedback, and ensure consistent branding.Stay updated with industry trends: Keep abreast of the latest trends, tools, and best practices in growth marketing and incorporate them into the marketing strategy to drive continuous improvement.",SEO/SEM|Figma|Startup experience,['CRO']
348,Product Manager,"Who are we looking for?We are looking for a technical product manager who can get to the heart of a problem quickly and solve for it. If you love to work in a start-up like and high performance environment, drive great things and be great in the process; if you love the amalgamation of Analytics, Machine Learning and Technology to build world-class software products and solutions; Infinx is the place for you.As an integral member of the Product team at Infinx, you will be bestowed with theresponsibility to ensure product line success. In this role, you will work with the Product Team to shape the direction of Infinxs Revenue Cycle and Patient Access products that establishes us as a SaaS leader in a highly competitive and rapidly changing healthcare market. Apply your expertise to build products for healthcare providers so that they focus more time doing what they do best: provide patient care.How will you lead? Liaise with the Product Leadership to prioritize initiatives for scrum teams; defineoutcome for sprints and releases Work closely with the product engineering team to drive product requirements andensure timely release of products and solutions, managing the complete life cycle ofproducts/modules you are responsible for Build, groom and prioritize the backlog based on KPI/data driven decision making; value data over opinions Drive product releases against committed features and functionalities through feature prioritization and trade-off decision making with product engineering Act like an owner for the success of your product and ensure that product decisions are based on strong logical rigour and in-depth analysis Monitor industry trends and evangelize new offering and solutions with the leadership team; combine tactical roadmaps and requirements with strategic goals Collaborate cross-functionally with developers, account leads, operations and customer success to coordinate releases and deliver high market-acceptance products.",,"['Analytics, Machine Learning and Technology', 'Infinx', 'the Product Team', 'Infinxs Revenue Cycle and Patient Access', 'KPI']"
349,Staff SDE (Squad Lead),"Key ResponsibilitiesTechnical DesignCreate technical designs that solve problems within your functional area, and align them to multiple platform releases. You should drive design reviews within your engineering team, drawing inspiration from a large base of design patterns while considering product economics on the cloud.Process Definition/AdherenceReview and drive incremental improvement in process definitions to ensure high codequality, zero defect releases and effective collaboration with DevOps/Technical Governance and Regression team. Validate overall estimations for user stories including design, development and quality assurance activities. As a scrum master, define sprint goals, measure and retrospect defect leakage and defect density, use scrum metrics like velocity/burndown to drive effective retrospectives and capacity planning.Team PlayerPromote a positive team environment by facilitating honest, open discussions and feedback. Set the right expectations for your team members based on their roles and associated responsibilities. Mentor software development engineers to become techno-functional champions in the squad.Value/Mission AlignmentBe a champion for CareStack within the product team. Help drive workplace and cultural norms within your business unit that align with CareStack company values.Key Words Angular, NET Core/ASP.NET / Angular 2+, Cloud Architecture, Api, Design.Dot.net framework",,"['Definition/AdherenceReview', 'DevOps/Technical Governance and Regression', 'Value/Mission AlignmentBe', 'CareStack', 'Key Words Angular', 'NET Core', 'Api']"
350,Assistant Manager Sales,We are looking for someone who will be: Continually meeting or exceeding sales quotas. Supervising and guiding the sales team as well as providing incentives to motivate staff to achieve sales targets. Monitoring the performance of the sales team. Building and maintaining good working relationships with customers. Identifying opportunities and strategies to increase sales. Regularly attending sales meetings and training sessions. Performing all duties of the Sales Manager in cases of absence or emergency.,,[]
351,Senior Backend Developer,"If you like:Writing clear, readable codeThinking about system architectureShipping featuresInvestigating and fixing performance bottlenecksOptimizing resource usage (DB, CPU)Working independently and autonomouslyMoving fast, while also thinking carefully about a system that will have billions of dollars flowing through it this role may be a good fit for you.Some technologies that you are likely to work with if you join us:Golang, C++, C#SQL/PostgresGoogle CI/CD / App EngineYour choice -- help us set the technical direction as we scale both our team and the product! Is there a tool or technology that we should be using that were not using yet? Well think carefully about adding new pieces to the tech stack (no change just for changes sake), but we remain continually open to new ideas.Requirements:4+ years of software engineering experienceStrong analytical and quantitative skillsClear thinking and communicationAs an early employee at Density, you will be a critical part of our core team and have a huge influence over the direction of the company. We will compensate you well, invest deeply in your development, and do everything we can to make sure this is the single best work experience of your life.",,['Golang']
352,Business Development Manager,"ResponsibilitiesIdentify business promotion and affiliate marketing/branding opportunities.Arrange meetings/visits for collaborations with affiliates/luxury brands/ high end event management companies.Arrange innovative events and promotional activities for the company though variousBTL channels as well as with complementary brands.Branding and partnership tie-ups with restaurants, cafs, art galleries, architects, home dcor showrooms, other luxury brands etcIdentify, meet and promote through channel partners in the luxury sales segment on a regular basis.Maintain healthy relations with all business partners.Release new and relevant communication to all partners about the projects and company from time to time.Assist with project collaterals/broker onboarding/client registrations/event set-ups/invitations to HNIs.Drive sales through various other business sources by regular follow ups and encourage them to sell ReWild.RequirementsBachelors degree is required.Min. 2 years of experience in a similar field or sales. Preferably luxury sales.A strong network with channel partners is a good to have, not mandatory.Enthusiasm to learn, meet new people and establish relations.Innovative ideas and seamless execution of promotions.Strong negotiation skills.Willing to travel regularly within Bangalore.Well dressed and well spoken.Good communication skills verbal and written.",,['ResponsibilitiesIdentify']
353,Insight specialist,"KEY RESPONSIBILITIESAnalyze data from multiple sources to find trends, patterns and actionable insights.Write clear narrative around current customer, employee or market perceptions, with succinct recommendations for clients to take action against.Clearly communicate the key takeaways and methodologies to various client and internal stakeholders.Manage and coordinate multiple client projects for yourself and other team members.Manage the workloads and quick turnaround times in a fast paced environment.Work with various teams from insights to customer success managers and technical success managers.DESIRED EXPERIENCE2-4 years of experience in related fields, preferably in the customer experience or market research industry.Client facing experience.Excellent written and verbal communication and presentation skills.Ability to prepare analyses, data plans and overall reports in MS PowerPoint.Ability to effectively communicate results of data analysis into an integrated story to an audience.Minimum bachelors degree is required. Degree in statistics, mathematics and/or market research is preferred.",,"['KEY RESPONSIBILITIESAnalyze', 'EXPERIENCE2-4 years', 'MS PowerPoint', 'mathematics and/or market']"
354,Account Manager,"Roles & Responsibilities :Gain an in-depth understanding of the Product - its various features and the rationale behind how things are built out.Meet and exceed all quarterly and annual sales quotasEffectively prospect, qualify, develop, and close upsell & cross-sell opportunities to grow SpotDrafts share of wallet in a set of strategic accountsDevelop shared vision for strategic partnerships with client leadership, and build robust account plans to effectively execute against respective account strategies.Navigate large organizations to identify/ surface critical business and talent challenges/ opportunities and demonstrate solution-fit through consultative sales approachWork closely with cross functional teams viz. Customer Success, Legal Tech, Product Management to ensure seamless customer experienceBe the voice of SpotDrafts strategic customers, sharing customer-driven insights across SpotDraft, including product, engineering, business development, and legalBuild and manage relationships across your portfolio to solidify our partnership and commitment to the customers business goals.Qualifications & Skills:4+ years of enterprise sales experience at a SaaS companyExperience of consistently exceeding quota of $200,000 and more, with proven success in accurately forecasting targets, and achieving sales commitsExperience of managing large accounts in Asia and the US and relationships with C-suite representatives and key decision makersExcellent presentation, organizational, and communication skills (both written and verbal)Team-first mentality & growth mindset are a must.Why SpotDraft?When you join SpotDraft, you will be joining an ambitious team that is passionate about creating a globally recognized SaaS company & brand.We set each other up for success and encourage everyone in the team to play an active role in building the company.It is possibly the best time to join. The team is lean and still growing. There are endless opportunities to show immediate impact, build processes from scratch, and do things you have not done before.Building and selling to an international audience - which is always a great experience to have!Amazing teammates, great work culture & flat hierarchy.",,"['Roles & Responsibilities', 'upsell & cross-', 'SpotDrafts', 'Customer Success', 'Legal Tech', 'Product Management', 'SpotDrafts', 'SpotDraft', 'Qualifications & Skills:4+ years', 'SpotDraft']"
355,Executive Assistant,"Objectives of this Role: With a primary responsibility of supporting the Senior Management, provide support to the executive team as directed to ensure that company goals and objectives are accomplished, and operations run efficiently Maintain and refine internal processes that support the highest-ranking executivescompany-wide, coordinating internal and external resources to expedite workflow Manage communication between upper management and employees, liaising with internal and external executives on various projects and tasks Plan and orchestrate work to ensure the senior executives priorities are met, organizational goals are achieved, and best practices are upheld.Responsibilities: Manage professional and personal scheduling for Senior Management, including agendas, mail, email, calls, travel arrangements, client management, and other company logistics Coordinate complex scheduling and extensive calendar management, as well asmanagement of content and flow of information to senior executives Manage, coordinate, and arrange senior executives travel and travel-related activities, including hotel booking, transportation, and meal coordination Perform administrative and office support, such as typing, dictation, spreadsheet creation, faxing, and maintenance of filing system and contact database Maintain professionalism and strict confidentiality with all materials, and exercisediscretion when interfacing with the business Organize team communications and plan events, both internally and offsite Looking after the Administration support and HR activities (recruitment and onboarding of new employees)",,"['the Senior Management', 'Senior Management', 'Manage', 'Administration']"
356,Founders Office - HR Strategic Partner,Qualifications and Desired Skills Minimum experience in a strategic Human Resources role : 5 - 10 years Prior experience in working with Startups and building the HR team from scratch will be an added advantage. Prior experience in scaling up teams and developing HR related strategies is a must. Excellent communication skills. Collabirative skills and ability to work with multiple stakeholders Good planning and execution skills,,['Human Resources']
357,Senior UI Developer,- Execute greenfield designs and implementations.- Own or review component-level designs- Collaborate with software architect on system-level architecture- Collaborate with the program management on product features and requirements- UI Design using HTML and CSS- Incorporating responsiveness in the design using various JavaScript frameworks- Developing reusable UI Widgets/Controls,,"['UI Design', 'HTML']"
358,Customer Success Associate,"Roles & Responsibilities:Help employees and employers use their health insurance and health benefits in the most seamless way possibleDevelop a deep level of understanding and knowledge of the entire product, systems and processesAddress queries regarding the product and service in a timely and accurate way via phone, email or chatDevelop and implement processes on supportMeet response time for queries in supportCoordinate with insurance partners for resolution/clarifications if neededInteract with internal and external teams to ensure quick resolution of customer issuesDrive 100% customer retention by delivering extraordinary experience",,['Roles & Responsibilities']
359,Customer Success Associate,"Who we are looking for Bachelor's degree and 3+ years of experience in a customer-facing role, such as Customer Success , Customer Support or Sales , Global experience a plus Possess strong phone, written and verbal communication skills (English). Confident, high energy, self-motivated and a team player Experience working with executive level customer contacts Ability to conduct customer-focused channel partner QBRs (Quarterly Business Reviews), measuring partner performance against pre-established business metrics.Key Responsibilities: Develop and manage client portfolio. Cultivate relationships with the existing clients and upsell Toch.ai products. Analyze customer data to improve customer experience. Mediate between clients and the organization. Own the on-boarding process and conduct training for customers. Be a customer advocate while capturing customer feedback and reporting requests to Product Management and Development. Identify and forecast expansion opportunities and partner with sales to successfully close upsell opportunities. Work closely with Sales, Support, Billing, and other internal stakeholders to ensure an exceptional customer experience and take care of any customer issues. Handle and resolve customer requests and complaints. Minimize customer churn.",,"['Bachelor', 'Customer Support', 'Ability', 'Quarterly Business Reviews', 'Key Responsibilities: Develop', 'Toch.ai', 'Product Management and Development']"
360,Sales and Marketing Intern,We are looking for someone who will be:o Planning and overseeing new business development initiatives;o Researching organizations and individuals to find new partnership opportunities;o Conducting research to identify new markets and customer needs;o Maintaining an expert level of understanding of the platform and products so as to provide knowledgeable support to top; clients and potential partners both externally and internally;o Exploring different businesses through research and reach out to them.o Open to explore different tasks in business growth and executing them,,[]
361,Junior Associate Operations,Duties and Responsibilities: Receive products from vendor deliveries and unload trucks at the warehouse Compare packing lists to company purchase orders and ensure that the products in each deliverymatch thepacking list Update the product inventory as products are received and added to our inventory Package products for return to vendors and fill out any paperwork necessary prior to the shipmentbeing pickedup Processing purchase orders fulfillment and dispatching Conduct quality checks and ensure all items meet the quality criteria.Requirements:1. Diploma required2. 2+ years warehouse experience3. Good computer skills4. Preferably from E Commerce background,,"['Package', 'Diploma', 'Commerce']"
362,Video and Social Media Content Creator,"Day-to-day responsibilities will includeWriting, reviewing, editing, and updating content across all social channels.Mastering the ability to turn any branded content into a volume of social gold (clips, gifs, graphics, photos, stories, copy, etc.) Drive the creation of a portfolio of videos, images and meme content for our industryTaking a campaign from ideation to completion, including preparation of files for presentation and posting.Working in partnership with others to create on-brand product and marketing video content",,[]
363,Storyteller,"Job Responsibilities: Identifying Trends and Subcultures: Were obsessive about enablingpositive change for our customers. Change being the keyword. This means youneed to be on the top of topics, issues, videos, music, podcasts, memes thatmake our customers tick. You have to be able live, breathe, think and emotelike our audience so they can relate to you. Editorial Strategy: We love stories, and well narrated stories can shapecivilisations. That Is how powerful a good story can be. Above all, you have tobe passionate about telling stories, in formats and genres our audience love, bein long form, short form, audio, video or memes. You would be creating oureditorial strategy, and own our blog, youtube, and podcast channels. Youshould know what works where, and the most effective way to use eachchannel for promoting our brand and products. Content Production: You Are not just the writer, but also the director and theproducer. We take pride in being cost efficient, and take every opportunity topromote financial prudence. That means we do not compromise ROI, and youshould champion that for our content initiatives. SEO and Youtube Optimisation: What we say is just as important as wherewe say it. You should be up to date with Googles latest search and youtubealgorithms, ensuring our content is not just the most useful, but also the mostaccessible answer to their questions. Partnerships and Collaborations: We do not always have to be the hero of ourown stories. We need a tribe to to create impact. You should be resourceful,creative, and imaginative to find places where our stories can add value tosomeone elses story, and vice versa. Analytics: A very wise person once said, In god we trust, for everything else,bring data. Were using tech to solve the problems of today and tomorrow.That needs us to make decisions driven by data, which you would provide. Knowinghow to gather meaningful data, and weave a story with it for the team would beyour biggest contribution.Your work will be challenging and as ever changing as the Internet itself. You mustplan, execute, analyse, and readjust to optimise the fickle mediums that fall within ouronline presence with softer skill that give you the ability to be Analytical, Pursuasive,Creative, Empathic, Organised, Strategic, and Lead by example.Requirements: You should know how to squeeze the worth out of every penny, and shouldhave a demonstrated ability to create cost efficient, viral content. You should be able to relate to our mission and be able to tell us why? We loveour tribe, and would take a bullet for each and every member of it, come and bea part of it.",,"['Knowinghow', 'Analytical']"
364,Logistics & Customer success manager,"Job DescriptionYou will be responsible for the retention of existing customers.Anything & everything related to quality as far as Manzuri goes, will be overseen by you.Ensuring the satisfaction of all existing customers by leading the customer service tem.Ensure that the packaging and branding of the company is on point.Taking charge of the monthly newsletter to maintain steady engagemen.Growing our facebook group and ensuring that the group provides genuine value to customers.Why this is a good move for your careerRetention is #1 metric alongside revenue, that contributes to the companys growth. You will own this, and the skills you develop here can be used in any industry.It is a challenging role, which if you crack, your value will be weighed in gold in the coming few years.The secondary role is community management, which is also a highly in demand skill to have.",,[]
365,Copywriter,"JOB DESCRIPTION:Manage the content calendar and complete multiple projects within given deadlines.Own the overall content requirements across all programs and teams.Write conversion-friendly content in different formats like emails, website copy, landing page copy, video ad scripts, ad copies.Communicate and co-operate with the content team, mentors, and external parties involved and pick up new skills on the way.Monitoring and analyzing performance using a few performance indicators (KPIs) and offering suggestions for improvements.Come up with creative and inspiring ideas and content that get applause from the audience and get us conversions.",,[]
366,SDE 2 - Fullstack,"ResponsibilitiesWork closely with engineering and product managers to detail the engineering scope.Continuously champion high-quality software engineering practices - from planning, implementation, test automation, documentation, code reviews, scaling, performance, metrics, logging and monitoring - essentially the entire software development lifecycleArchitecting and building frontend features in React.jsEnsuring a highly performant and responsive UIEnsure the code developed is fully functional and bug-freeRequirements2+ years of engineering experience, ideally building products from ideation to launch with a strong engineering teamMotivated to not just make things work, but make things work at scale.Strong programming skills in Python, Javascript.Working knowledge of Django and React.jsProficient understanding and hands-on experience on Data structures and algorithmsGood at problem-solving skillsProficient understanding and hands-on experience on Object-Oriented Programming and Design patternsProficient PostgreSQL or similar relational databases (non-relational databases a plus)Understanding of basic cloud computing concepts and experience in using any of the major cloud service providersExperience in test-driven development is a plus.Proficient with agile software development processes for building distributed systemsSelf-driven to tackle challenges head-on and achieve goalsExcel in troubleshoot complex systems problems, debug, and find root causesAbility to communicate in written and spoken English",,"['UIEnsure', 'Javascript', 'Data', 'Object-Oriented Programming and Design patternsProficient PostgreSQL']"
367,Program Manager,"Roles & ResponsibilitiesDesign and manage the lifecycle of GrowthSchool programs, ensuring timely launches and a great student experience.Maintaining cross-functional relationships and coordinating with operations, mentor supply, content, marketing teams ensuring program efficiency.Own an end-to-end program process and solve for the gaps in the system.Manage reporting and tracking of metrics. Provide transparency and communication to key business & product stakeholders around program status, risks, and change management.Your typical day at GrowthSchoolYou will talk to extremely smart mentors and work with them to design the content and curriculum to build programs for aspiring learners.You will help the mentors in recording content and designing the delivery to ensure a great learning experience.You will talk to performance marketing and give inputs to identify the target persona of the program, design team to give basic inputs on landing pages and provide the content team with the basic content that 1000s of daily visitors see.You will work with the operations and community team to understand learner feedback and make changes to the curriculum in an agile manner.You will work with a highly energetic team and chill with us occasionally over a game of pool.",,"['Roles & ResponsibilitiesDesign', 'GrowthSchool']"
368,Mid Senior Android Engineer,"What you will do Dedication to keeping the highest quality, maintainability, and flexibility in code by strictly adhering to best practices and guidelines Architect and build projects using Kotlin for Android Take all Android technical decisions on high level and low level design Ensure the best possible performance, quality, and responsiveness of the application Work with other teams to solve technical problems Work with the founders, user research, and product design to understand users and address theirneeds. Collaborate with other developers to set best practices, and standards for development across the organization and help shape a culture of technology-first product building.",,['Kotlin']
369,Solidity Developer,"Job DescriptionCreate secure and efficient smart contracts in Solidity. Create high-quality smart contracts using best practices and standards.Create test cases for smart contracts.Create web APIs for blockchain interaction in the NodeJs platform.Document the technical and functional aspects of the smart contracts.Create functions to update the off-chain DB based on blockchain transactions and/or events.What you will bring :Strong proficiency in Web3 and truffle tooling or any other testing tool. Strong proficiency with JavaScript, Typescript and HTTP. Should be able to write smart contracts in Solidity.Hands-on experience on an Solidity.Should be able to handle blocks, transactions and events from Ethereum.Should be able to work on NodeJS v10 and above.Should have a proficient understanding of code versioning tools, such as Git.Should be able to work on Linux environment.Should be able to work with Docker or other container technology.Should be proficient in any one traditional database technology like MySQL, Mongo, etc.Should have worked on a task management tool, like Jira.",,"['NodeJs', 'JavaScript', 'Ethereum', 'MySQL, Mongo']"
370,Head of People (HR Associate),"Company Overview:Jugyah is a startup that is revolutionising the real estate market in India. Our end-to-end digital process eliminates security deposits and brokerage fees, making renting and leasing more accessible to everyone. We are building the AirBnB of long term home rentals in India. A 100% digital technology enabled brokerage focused just on home rentals. Nothing like this exists in India today and global comps are Quinto Andar (last valued at $5.5 bn) and Lianjia (IPO in NYSE at $87 bn).Jugyah is backed by some of the top investors in the ecosystem such as Harsh Jain (Founder of Dream11) and Kunal Shah (Founder of CRED and Freecharge) and some of the largest developers in the country such as Prestige, Lodha, and Godrej. Founding team is comprised of Ex-Harvard/ Cambridge/ Columbia and BITS Pilani graduates and folks who have worked at Nutanix, Nestaway and some of the largest real estate firms globally.Responsibilities:Manage the entire HR system, including employee lifecycle management, compliance, and employee relationsDevelop and implement HR policies and procedures to ensure compliance with all relevant laws and regulationsCreate and maintain job descriptions, job postings, and recruitment strategies to attract and retain top talentCoordinate and conduct new employee orientations, ensuring that all new hires have a smooth onboarding experienceHandle employee requests and grievances, and provide guidance and support to employees on HR-related issuesManage employee engagement and retention programs to foster a positive work environment and cultureManage performance evaluations, feedback, and improvement plansEnsure compliance with all HR-related laws and regulations, including wage and hour laws, EEO laws, and employment and labour lawsProvide regular reports on HR metrics, such as turnover rates, recruitment metrics, and employee satisfaction",Bachelor's degree in Human Resources|Business Administration|or related field|3+ years of relevant experience in a startup or real estate environment|Trustworthy and able to handle confidential information with discretion|Proven track record in recruitment|employee engagement|and retention|Empathy|leadership qualities and ability to motivate and train troops,"['IPO', 'NYSE', 'Kunal Shah (Founder of CRED', 'Freecharge', 'Prestige', 'Lodha', 'Ex-Harvard/ Cambridge/ Columbia', 'Nutanix']"
371,Senior Engineering Manager,"BS/MS in Computer Science or equivalent from a premier institute10+ years of strong design/development experience in building massively large scale distributed internet systems and products6+ years experience leading engineering teams (including a combination of experience hiring, mentoring, managing performance, and providing technical leadership and design guidance)Good experience in working with Hadoop and Big Data technologies like HDFS, Pig, Hive, Storm, HBase, Scribe, Zookeeper and NoSQL systems etcExcellent Java programming skills and expertise in multi-threading and performance oriented programming.Excellent computer fundamentals and problem solving skillsExcellent data structures & algorithms skillsExperience and knowledge of open source software, frameworks and broader cutting edge technologies around server side development in Java and Big DataSuperior organization, communication, interpersonal and leadership skillsMust be a proven performer and team player that enjoy challenging assignments in a high-energy, fast growing and start-up workplaceMust be a self-starter who can work well with minimalguidance and in fluid environmentProvide good attention to detailsMust be excited by challenges surrounding the development of massively scalable & distributed systemAgility and ability to adapt quickly to changing requirements and scope and priorities",,"['BS/MS', 'Computer Science', 'Big Data', 'Storm', 'HBase', 'NoSQL']"
372,Senior Ionic Developer,"Design and build Hybrid applications using Ionic FrameworkCollaborate with cross-functional teams to define, design, and build new features.Work with outside data sources and APIsWorking closely with the UX designers to build the interface with focus on usability features.Work on bug fixing and improving application performance.Continuously discover, evaluate, and implement new technologies to maximize development efficiency.Good hands-on exposure on Ionic Framework and development to create appsSolid knowledge of mobile app development practices, along with mobile testing tools and techniquesUnderstanding of responsive design principlesAbility to design and conceptualize architecture",,"['Ionic FrameworkCollaborate', 'Ionic Framework']"
373,Senior Customer Success Manager,"Role & Responsibilities Leverage your deep product expertise and understanding of our customers business goals to lead adoption and enablement activities. Develop a program plan with measurable goals, a clear governance structure, and agreed-upon metrics of success. Lead workshops and complex deployment projects involving multiple senior stakeholders. Conduct Business Reviews with economic sponsors, program managers & business stakeholders for the purpose of reviewing results, sharing partnership feedback, and aligning on go-forward strategies. Build and manage relationships across your portfolio to solidify our partnership and commitment to the customers business goals. Proactively monitor and analyze customer health indicators, business goals & renewal dates, and develop strategies for joint success. Train and mentor other members of the customer success team.Qualifications & Skills: Excellent presentation, organizational, and communication skills (both written and verbal) 4+ years of experience in a customer-facing role at a fast-growing company; proven experience with SaaS enterprise-level customers preferred Prior experience as a customer success manager Ability to facilitate workshops with c-level executives and senior stakeholders on governance and operating models, business adoption techniques, the product vision & roadmap Team-first mentality & growth mindset are a must.",,"['Role & Responsibilities Leverage', 'Qualifications & Skills']"
374,UI/UX Designer,Job Description*Responsible for creating landing pages and other ui elements.* Graphic design,,[]
375,Team Leader Collection,"Experience Range:1 - 2 yearsEducational Qualifications:Any graduation,Job Responsibilities:Having Experience in Collection Process of 1 to 2 years.Needs to Manage the assigned Collection Agency.Ensuring assigned target are achievedInteract with High Risk customers and get the account resolvedNeeds to Co ordinated with Collection Manager or Bucket Manager and make sure the required process is followed or implemented.Needs to follow up on the Dialer Calls on requirementEnsure the entire portfolio is attempted.Making sure the agency is giving required intensity and follow up.Ensuring NIL Customer complaints and adhering to compliance by each member.Skills Required:CollectionsCandidate Attributes:Having Experience in Collection Process of 1 to 2 years.Needs to Manage the assigned Collection Agency.Ensuring assigned target are achievedInteract with High Risk customers and get the account resolvedNeeds to Co ordinated with Collection Manager or Bucket Manager and make sure the required process is followed or implemented.Needs to follow up on the Dialer Calls on requirementEnsure the entire portfolio is attempted. Making sure the agency is giving required intensity and follow up.Ensuring NIL Customer complaints and adhering to compliance by each member.",,"['Job Responsibilities:Having Experience in Collection Process', 'Collection Agency', 'the Dialer Calls', 'Skills Required:CollectionsCandidate', 'Collection Agency', 'the Dialer Calls']"
376,Senior SDET,"What will you do:The ideal candidate will have hands-on technical experience in developing Test frameworks, Test tools, Test Strategy, Test Plans, Test Cases and Automate using Java/ any Scripting languagesContribute in all phases of the development lifecycle by performing automated and manual testingHands on experience with writing, updating and maintaining automation scripts. Participate in all Agile/Scrum ceremonies, including discussing and writing stories and tests to prepare for upcoming sprints, be flexible.Support continuous improvement by investigating alternatives and technologies within the test area.Able to understand highly scalable, distributed applications, products, and services. Be flexible and accountable with work and able to handle multiple tasks, also should be able to think critically and meticulous attention to detail.Minimum Qualifications:Fluency in one or more of these- Java, Selenium, Appium, RestAssured.Strong knowledge of software QA methodologies, tools and processes.Experience in writing clear, concise and comprehensive test plans and test cases Experience working in an Agile/Scrum development process3+ years of hands-on software testing and quality assurance activitiesHands-on experience with writing framework for frontend and backend technology. MongoDb or other No-SQL data storageExcellent Debugging skills, hands-on with linux systems to be able to trace backend issues Highly accountable, takes ownershipCapability to work independently in a fast-paced environment of a startup Ability to meet deadlines and work in a time-bound environmentCritical thinker and problem solver",,"['Test Strategy', 'Test Plans', 'Test Cases', 'Selenium', 'RestAssured', 'QA']"
377,Senior Backend Engineer,"Job Description:We are looking for Senior Backend Engineer, to join our team and contribute to the evolving Assembly product offering. This person will report directly to our Head of Engineering. This is an exciting opportunity for anyone interested in shaping the direction and trajectory of a new product.Responsibilities:Guide and lead Architecture decisions. Drive changes to scale Assemblys Infrastructure 10x and beyond.Participate in the entire application lifecycle, focusing on coding and debugging.Write clean reusable code to develop functional web applications.Perform Unit & Integration tests to optimize performance with javascript test frameworks.Collaborate with Front-end developers to integrate user-facing elements with server-side logic.Design, build and operate Assemblys APIs with a focus on performance and reliability.Qualifications:Proven work experience as a Back-end developerIn-depth understanding of the entire web development process (design, development, and deployment).Minimum 5+ years of experience with Back-end languages ( JavaScript libraries like Node.js or similar )",,"['Senior Backend Engineer', 'Assembly', 'Perform Unit & Integration', 'Front-end', 'JavaScript', 'Node.js']"
378,Backend Developer,"Must Haves :2-5 Years of total software development experience2+ years working in Golang / Rust / Python / Node.js on a product at scaleHas played a key role in scaling of the productExperience in writing and scaling WebSocket servers is a plusAt least 1+ years of relevant experience with an SQL database for a product at scaleFamiliarity with any of the cloud platforms - preferably AWSAdded advantage if you have familiarity with a JS framework - preferably React.js, Angular 2+, or Vue.js.Responsibilities :Work on a category-creating, possibly disruptive fintech product in an early stageDesign and develop highly scalable and reliable systems end-to-endArchitecting the backend and infrastructure for scaleDeploying and managing production servers and services in AWS.",,"['Golang / Rust / Python / Node.js', 'WebSocket', 'SQL', 'JS', 'AWS']"
379,Social Media Manager,"Key Responsibilities: Perform research on current benchmark trends and audience preferences Design and implement social media strategy to align with business goals Set specific objectives and report on ROI Generate, edit, publish and share engaging content daily (e.g. original text,photos, videos and news) Monitor web traffic metrics Collaborate with other teams, like marketing, sales and customer service toensure brand consistency Communicate with followers, respond to queries in a timely manner andmonitor customer reviews Oversee social media accounts design (e.g. Facebook timeline cover,profile pictures, reels, stories, etc.) Suggest and implement new features to develop brand awareness, likepromotions and competitions Stay up-to-date with current technologies and trends in social media, designtools and applicationsKey Skills: Proven work experience of 2-3 years as a Social media manager for a D2CBrand Ability to manage creative teams of designers, content writers, andmarketers Hands on experience in content management Excellent communication and copywriting skills Ability to deliver creative content (text, image and video) Solid knowledge of SEO, keyword research and Google Analytics Knowledge of different social channels and their USP for brandcommunication Analytical and multitasking skills",,"['ROI Generate', 'Communicate', 'Oversee', 'Social', 'SEO', 'Google Analytics Knowledge', 'USP']"
380,Junior Brand manager/ Brand marketing associate,"Job description:The role involves managing and growing multiple brands under Evenflow:Brand ownership: Act as the brain behind all things entailing brand marketing. Create and endorse brand guidelines across multiple channels including e-Commerce platforms, advertising, product representations, packaging design, social media, etc.Brand Communication & advertising: Implementing consumer understanding to plan effective communication and creative strategies for the brands. Strategise, create and execute an integrated digital marketing planCreative copywriting: Building engaging content for brands across multiple platforms including writing creative content, social media copies, scripts, etc.Program Management: Manage brand programs - getting multi-functional brand initiatives rolled out in tandem with multiple internal teams and external stakeholders including influencers and agencies.New product support:Be an active part and propellent in launching new products under varied brands. Create marketing plans for the launch of new products, ranges and brands.Innovation: Implement clutter-breaking programs and initiatives that have a transforming impact on the consumers and the categories.",,"['Brand Communication &', 'Program Management']"
381,Research & Content - Intern,"Job BriefSuraasa is searching a Intern to create educational content for teachers. In this position, you will work with other content creatours to develop new and innovative ideas, producing pieces for all of our educational content. You must have an eye for detail, immaculate writing and proofreading skills, and also have experience in the industry and feel comfortable performing background research on relevant industry trends and changes related to education. In case you noticed errors (without this prompt, of course!) in what you have read so far, you would love to work with us!Roles and ResponsibilitiesCreate content based on guidelines associated to core pedagogyDeliver assigned tasks within assigned guidelinesProofread text to check for relevance and comprehensionResearch for relevant case studies, authentic content on assigned topicsQualificationsPursuing a bachelors degree in the field of language, psychology or educationExperience in teaching (formal/informal) or understanding of pedagogyExcellent command of the English languageExcellent written and verbal communication skills and research skills",,"['BriefSuraasa', 'ResponsibilitiesCreate']"
382,QA - Automation Tester,Responsibilities :Own the design and execution of end to end test processesBuild and run manual test casesAnalyze complex problems arising due to test failures and bottlenecks. Work with developers in resolving the issues.Requirements :2+ years of experience in Functional testingStrong analytical skillsStrong understanding of various testing techniquesShould be able to drive and manage all the QA processes individuallyProven ability to bring complex test plans to effective and timely completionKnowledge of SQL and DB is an added advantage.,,['SQL']
383,Graphic Designer,"Requirements Proficiency in Adobe Photoshop, Adobe Illustrator, Figma, Adobe After Effects Strong portfolio of illustrating complex ideas in easy to understand visual concepts Strong portfolio of digitally-focused marketing and/or advertising campaigns A keen eye for aesthetics and details in typography, layout, colour, and brand systems Fluency in current graphic design practices and using web production & motion design software Strong verbal and written communication skills Degree in Design, Fine Arts or related field is a plus",,"['Adobe Photoshop', 'Adobe Illustrator', 'Figma', 'Effects Strong', 'Fine Arts']"
384,Software Development Engineer 2,"Job DescriptionPropose solutions to solve complex system architecture challenges and actively lead the end-to-end development of the system.Create robust, flexible, consistent, and easy-to-use APIsContinuously strive for performance improvements, code reusability, and readabilityUnderstand the product in detail and predict potential issues in feature development.Mentor and lead junior members of the teamYou should have:Ability to think of out of the boxB.Tech or a higher degree in computer science or a related field.3+ years of experience working on the back-end development for complex distributed systems who is willing to adopt any Programming language as per the requirement.Familiarity with any of the following - Java, C++, Scala, Kotlin and frameworks like Spring, Play, Hibernate, Django etc.Good understanding of Algorithms, Data Structure, OOP, Design patterns, Parallel programming, Multithreading concepts & Event Driven Systems.Understanding of micro-services architecture and best practices.Experience with Relational databases such as MySQL, PostgreSQL, Oracle, or any NoSQL database.It is a plus if you have:Familiarity with Cloud platforms like AWS (Amazon Web Services), Azure or Google Cloud",,"['Scala', 'Kotlin', 'Algorithms, Data Structure', 'Multithreading concepts & Event Driven Systems', 'Oracle', 'NoSQL', 'Amazon Web Services']"
385,Senior Data and Analytics Engineer,"MAJOR RESPONSIBILITIES: Responsible for analyzing and understanding data sources, participating inrequirement gathering, and providing insights and guidance on datatechnology and data modeling best practices. Analyze ideas and business and functional requirements to formulate adesign strategy. Act as a tenant to draw out a workable application design and codingparameters with essential functionalities. Work in collaboration with the team members to identify and address theissues by implementing a viable technical solution that is time and cost-effective and ensuring that it does not affect performance quality. Develop code following the industry&#39;s best practices and adhere to theorganizational development rules and standards. Involved in the evaluation of proposed system acquisitions or solutionsdevelopment and provides input to the decision-making process relative tocompatibility, cost, resource requirements, operations, and maintenance Integrates software components, subsystems, facilities, and services into theexisting technical systems environment; assesses the impact on othersystems, and works with cross-functional teams within information Services toensure positive project impact. Installs configure and verify the operation ofsoftware componentsJob Description Participates in the development of standards, design, and implementation ofproactive processes to collect and report data and statistics on assignedsystems Participates in the research, design, development, and implementation ofapplication, database, and interface using technologies platforms provided. Researching, designing, implementing, and managing programs Fix problems arising across the test cycles and continuously improve thequality of deliverables. Reference and document each phase of development for further referenceand maintenance operation.",,['MAJOR']
386,Assistant Academic Counsellor,"We are looking for result-oriented and motivated Junior Inside Sales Specialists / Assistant Counsellors who can develop strong technical knowledge about our educational products, industry and customer base to support the customers purchase decisions.Additionally, the candidates will be required to effectively prospect, pre-qualify leads, counsel select customer groups, and prepare qualified leads for Counsellors, while developing the skills to move up on the counselling career track.This role provides fast growth opportunities as long as top performance is delivered, exemplary teamwork and leadership potential are demonstrated.Responsibilities:Build a thorough technical understanding of our products and help potential customers in understanding what we have to offer through effective articulationEngage with potential customers, identify key pain points, provide counselling to certain segments, and refer qualified leads to appropriate senior counsellorsMaintain excellent and supportive rapport with all leads, improve show-up rates in the counselling sessionsFollow up post-sale to collect feedback, ensure customer satisfaction and gain referralsStay on top of market trends and participate in brainstorming sessions with the sales team to come up with new growth strategiesUse CRM to track leads daily and manage pipelineAchieve monthly targets, and unlock fast growth opportunitiesQualification Criteria:Excellent verbal communication skills, strong conversationalist, and well-versed in EnglishStrong negotiation and objection handling skills with the ability to work within deadlinesAbility to work independently and as a part of a team while always maintaining a professional, client-oriented attitudeProficient with Microsoft Office / Google Documents and CRM systems",,"['Counsellors', 'Counsellors', 'EnglishStrong', 'Microsoft Office / Google Documents']"
387,Senior SDE - Frontend,"What you will doDesign and build beautiful UI using the ReactJS/Angular frameworkWork closely with the UX and design team to build a highly engaging UI that predicts and exceeds user expectationsWork closely with the product management team to understand user needs; participate in process definition and technology selection to ensure appropriate testing of UIsBuild single-page web applications; develop HTML/CSS user interfaces; integrate frontend componentsDevelop the UI using HTML5, CSS, and JavaScript to create great product experiencesIntegrate RESTful backend APIsWhat you will needMin 4+ years of relevant front-end development experience.Proficiency in JavaScript, Angular(10+) or ReactJSExperience developing single-page HTML5 applications using client-side frameworks like ReactJS/Angular(10+)Good knowledge of UI patterns and techniques to solve common UI problemsUnderstanding of RESTful API design, and developing web applications that use RESTful APIsExperience working with designers and ability to convert mockups into working client-side code using HTML5 / CSS3Familiarity with TDD and concepts like mocking and stubbing for unit/integration testsFamiliarity with building dashboards, using graphing libraries",,"['UI', 'UI', 'HTML/CSS', 'UI', 'CSS', 'JavaScript', 'JavaScript', 'UI', 'UI', 'API', 'TDD']"
388,Social Media Manager,"Job DescriptionWriting and planning the content and execution for Manzuris social media channels.Planning social media campaigns to increase engagement and target new audiences.Responding to customer feedback and maintaining communications online.Carrying out research for team projects.Other miscellaneous social media tasks.Managing InternsSalary: Commensurate to industry standards and mutual agreement.About usWere a sex education startup that propagates inclusive, pleasure-positive sex education through content, courses, workshops, and more.Manzuri is derived from a Japanese word that translates to female masturbation. Literally it translates to ten thousand rubs.The word also roughly translates to consent in Hindi.Because we thoroughly believe that consent and pleasure belong together!Why is this a good move for your career?When someone offers you a ride on a rocketship, you do not ask questions you get in.While working as a social media manager at Manzuri, you will grow a social media handle from a few thousand users, to hundreds of thousands.This role will also allow you to understand the psychology behind consumer behavior in one of the hottest growing industry in the country.",,[]
389,Inside Sales Executive,"Responsibilities & Duties-Sourcing new sales opportunities through lead follow up.-Understanding customer needs and requirement.-Learn sales related features and advantages of entire products and services.-Ensure to maintain a professional attitude to deal with prospects and customers.-Explain clearly and precisely, features and advantages to the customers in non-technicalterms.-Diligent follow up",,['Responsibilities & Duties-Sourcing']
390,Graphic Designer,"If your answer is yes, then we are looking for you. Were looking for someone with a good eye for design, strong creative chops and ability to understand our brand essence. Our visual identity is an extension of our mission-bringing the subject of female sexual wellness out int he open. Wed love someone who is willing to not only do the tasks we ask, but can make recommendations based on their expertise i.e. if you think the layout of the website could be improved, make suggestions on how we can do that.-Design graphic content, illustrations, and infographics for all our channels and distribution.-Manage graphic designs from conception to delivery.-Ensure brand consistency throughout various marketing projects.-Liaise between the marketing and design teams to ensure deadlines are met.",,[]
391,Enteprise Architect,"SKILLS REQUIRED:1. Hands-on experience including solution architecture, design of enterprise applications on the Java, J2EE platform.2. Ability to review and analyse the data infrastructure of an organization, plan future databases, datwarehouses, Datsatreamsand implement solutions to store and manage data for organizations and their users3. Creating procedures to ensure data accuracy and accessibility4. Analyzing, planning, and defining data architecture framework, including security, reference data, metadata, and master data5. Creating and implementing data management processes and procedures6. Collaborating with other teams within the organization to devise and implement data strategies, build models, and assess shareholder needs and goals7. Sound Knowledge of Cloud Computing Platforms preferably AWS and worked on Cloud Applications, migration to cloud, Cloud Platform modernization and consulting8. Sound knowledge on REST /SOAP web service, integration, vulnerabilities, web service security mechanisms.9. Must have good design experience using 12 factor app principles, SOLID principles and application frameworks such as spring, hibernate, CXF, Rule Engine, workflow BPM and other open source frameworks10. Strong knowledge of design and architectural patterns & principles.11. Strong knowledge of DevOps, CI/CD, Docker etcOverall Skills1. Full life cycle experience, responsible for the development of a complete set of architectural views2. Experience of at least one of the commonly-used methods, notations and tools (E.g. Rational Suite, Artisan, System Architect, UML, RUP, others)3. Experience of Agile software development methodologies and structured approaches to system development4. Translate complex functional and technical requirements into detailed design.5. Systems thinking - the ability to see how parts interact with the whole (big picture thinking)6. Knowledge of the business for which the enterprise architecture is being developed7. Interpersonal and leadership skills - Communication(written/spoken), collaboration, facilitation, and negotiation skills8. Strong business analysis skills and experience, including functional decomposition, requirements capture, process modelling.9. Must be able to communicate effectively with 3 primary stakeholder viz: engineers, product owners and Devops / Cloudops team.10. Must understand entire life cycle of data processing and data flow design.",,"['SKILLS REQUIRED:1', 'Datsatreamsand', 'metadata', 'procedures6', 'goals7', 'AWS', 'SOLID', 'CXF', 'BPM', 'DevOps', 'CI', 'Docker etcOverall', 'UML', 'RUP', 'developed7', 'skills8', 'Devops / Cloudops']"
392,DevOps,"JOB DESCRIPTION Work with the founders, user research, and product design to understand users and address their needs. Collaborate with other developers to set best practices, standards for development across the organization and help shape a culture of technology-first product building. Translate requirements into high-quality code Architect, build, and maintain APIs, services Ensure the best possible performance, scalability, and availability of the application Help build the engineering team from the ground up",,[]
393,MIS Executive,"He/She needs to prepare the different report related to loans & clients data & share with Management.Requisites -Should have excel & SQL experience for 1-2 yrsShould have worked on Data, MIS and ReconciliationPreferable candidates will be from Financial firmsPayroll: On 3rd party with Sunday offHe/She should be excellent with Hindi & English languagesNotice period: not more than 30 days",,"['Management', 'MIS', 'ReconciliationPreferable', 'Financial', 'Hindi & English']"
394,Growth Associate / Digital Marketing Executive,"Your role Responsible for all the lead generation, user engagement and conversion activities of various courses. Closely work with the In-house Digital Marketing Team to Design and implement the regional marketing strategy. Analyzing trends and making data-driven decisions Keep up to date with the latest industry trendsSkills required: Any Graduate. Good written and verbal communication skills in English and one regional language 1 - 3 years experience in Digital Marketing. Ability to work in a fast-paced environment. Analytical skills with strong attention to detail",,"['Digital Marketing Team to Design', 'Digital Marketing']"
395,Inside Sales Team Lead,"JOB RESPONSIBILITIES The Inside Sales Leader is responsible for managing a team of 8-10 InsideSales Executives who will accelerate customers adoption to the app, withinany number of customer segments and drive long-term business and revenueby managing the full sales cycle to create opportunities and net-newworkloads. The ideal candidate will manage the career growth and development of ISEs. Develop sales plan and strategy for assigned territory and influence strategyaligned with user's business objectives. Lead and influence their team to maintain a robust sales pipeline throughproactive customer engagement, prospecting and lead generation.",,['revenueby']
396,Account Executive,"Job Description:Managing the entire sales cycle from finding a potential client to securing a dealUnearthing new sales opportunities through networking and turning them into long-term partnershipsProvide professional after-sales support to maximise customer loyaltyRemain in regular contact with clients to understand and meet their needs, manage client relationships.",,[]
397,Backend Developer,"5+ years of experience as Scala developer. Excellent knowledge of Scala programming languages. Experience with microservices architecture patterns. Knowledge of Play Framework. JVM tuning and optimizing. Hands-on experience in building large scale platforms & services using Java/non-Java technologies (Scala), Redis, Kafka & NoSQL stores. Microservices architecture and patterns. DevOps and Continuous Delivery. Good English skills, oral and written.What will you work on? You will build data pipelines and services to deal with a high volume of business users data. Producing and developing high-volume, low-latency applications for large systems Coping with the challenges of working in a distributed and highly concurrent environment. You will be coding new features and have an active role in the definition of the enterprise products architecture, which includes designing microservices and researching new alternatives and technologies.It would be great if you also have: Reactive systems (Akka, RxJava, or similar) Cassandra Apache Kafka Kubernetes Docker Spark Cloud computing (Google Cloud Platform) Reporting tools for generation of analytics and statistics (e.g Graphite/Grafana/Prometheus) Hands-on experience with Big Data technologies.Life at Truecaller - Behind the code, What we offer An international team - 30+ nationalities working together! Learning & sharing environment Exciting company parties & team activities Football Team, Geek lunch, Lab Days! Flexible working hours Competitive salary Medical, Accident, Term life insurances",,"['Scala', 'Scala', 'Java/non-Java', 'Scala', 'Redis, Kafka & NoSQL', 'DevOps', 'RxJava', 'e.g Graphite/Grafana/Prometheus) Hands', 'Big Data', 'Learning &', 'Football Team', 'Medical, Accident']"
398,iOS Developer,"Responsibilities Designing and building mobile applications for Apples iOS platform Collaborating with the design team to define app features Ensuring quality and performance of the application to specifications Collaborate with tests and feedback from users of the application Identifying potential problems and resolving application bottlenecks Fixing application bugs before the final release Publishing application on App Store Application maintenance Designing and implementing application updates Keeping up with new trends, new technologies, swift evolution All the technical deployment and documentation should be as per the industrys best practicesRequirements Knowledge in Object Oriented Programming and Protocol Oriented Programming Proficient in Swift Working knowledge with RESTful APIs to connect iOS applications to back-end services Knowledge of different design patterns, like MVVM, MVP etc. Extensive experience with iOS Frameworks such as SwiftUI, UIKit, Combine, AVKit etc. Knowledge of Apples design principles and application interface guidelines Proficient in code versioning tools including Git and GitHub, BitBucket etc. Knowledge of Unit Testing & UI Testing Past experience of working with third-party libraries and dependency management on iOSPreferred Technical and Professional Expertise Resilience under pressure and against deadlines. Awareness of current trends in design and technology.",,"['MVP', 'Combine', 'AVKit', 'GitHub', 'BitBucket', 'iOSPreferred Technical']"
399,Marketing Manager,"Job DescriptionA Marketing Manager is responsible for looking into the online marketing strategies for the organization. Our ideal candidate should have experience developing and executing marketing campaigns. He/she has to plan and execute marketing campaigns and maintain and supply content for the organizations website. He/she should be comfortable with day-to-day marketing activities, as well as a long-term strategy, thriving with tight deadlines and changing needs. This person shallreport to the CEO directly and will be a part of the core team. Must have at least five years of experience as a marketing manager Experience with visual communication principles Familiarity with web design and content management systems Excellent analytical and project management skills Extensive knowledge of marketing strategies, channels, and branding Strong verbal and written communication skills Additional qualification in web design or animation is a plusKey Responsibilities: Design digital media campaigns aligned with business goals Coordinate the creation of digital content (e.g. website, blogs, press releases and podcasts) Optimize content for the website and social networking channels such as Linkedin, Twitter,Instagram, Google Plus, etc Establish our web presence to boost brand awareness by maintaining a strong online company voice through social media Track the website traffic flow and provide internal reports regularly. Work on SEO of the website pages. Establish positioning, identify target audiences, and develop marketing plans with specific objectives across different channels and segments Lead the execution of marketing programs from start to finish, leveraging internal support and driving collaboration Liaise with Marketing, Sales and Product development teams to ensure brand consistency Suggest and implement direct marketing methods to increase profitability Create, maintain, and conduct analytics reporting across multiple platforms and extract key insights for future campaign development and go-to-market strategies, complete with formal proposals and recommendations on tactics Partner with email, performance marketing and web teams to design, test and evolve lead nurturing tactics. Promoting our brand at trade shows and major industry-related events. Managing branding, advertising, and promotional campaigns. Monitor ROI and KPIs Stay up-to-date with digital media developments",,"['Instagram', 'Google Plus', 'Liaise with Marketing']"
400,Senior SRE Engineer,"Technical Skills4+ years of hands-on experience in Site Reliability Engineering or DevOps role Strong experience in maintaining AWS cloud infrastructureExperience with infrastructure automation and container orchestration tools - Docker, Kubernetes, Terraform, Helm etcGood understanding of concepts related to computer architecture, data structures and programming practicesKnowledge on any one of - Python, She Will, Go or JavaStrong debugging/troubleshooting skills.Deep working knowledge on Linux servers and networkingExperience with monitoring/logging solutions like DataDog, ELK,Prometheus Familiarity with continuous integration and deployment tools like Gitlab CI/Argo workflow/Argo CDExperience with modern cloud development practices (microservices architectures, REST interfaces, etc.)Experience in managing distributed systems like Kafka/Scylla/Cassandra etc.Always ready to learn more and adopt new cutting edge technology with the right value proposition.Success at Zenius demands demonstrable cultural traits such as being a fast learner, Adaptable to changing landscape and most importantly a strong believer in being hands-on.",,"['Site Reliability Engineering', 'DevOps', 'Terraform', 'JavaStrong', 'DataDog', 'ELK', 'Gitlab CI/Argo', 'REST', 'Kafka/Scylla/Cassandra']"
401,Senior Frontend Engineer,"What you will help us achieve:Write, test, instrument, document, and maintain quality software.Review code and provide thoughtful, constructive feedback for your team.Collaborate closely with Product, Design, and other developers to build new features.Analyze how your features are performing in production to learn and make the product betterSupport a highly available service.Who you areHave deep expertise in ReactJS & its internalsHave experience in profiling, Monitoring, and improving front-end performance.Have high empathy in everything you doHave built web experiences and systems at scaleEnjoy and thrive in a remote-first, distributed work cultureAre highly self-directed and take initiative to go above and beyond expectationsValue clear written and verbal communicationAble to pick up new concepts quickly and put them into practiceUse data to validate your hypotheses and inform your decision makingYou enjoy automating and scalingYou believe in simplicity over complexityYou value agility and the ability to shift focus quicklyYou value products over projectsYoure more focused on outcomes than outputHave more than 5 years of experience as a developer focused on frontend technologiesBonus if you have:Experience with complex data structures and data architecture.Experience with automated integration testing and test automation.Security by Design, and Privacy by Design principles.",,"['Product, Design', 'Monitoring', 'Privacy by Design']"
402,Cost Accountant,"Job ResponsibilitiesCost accounting managers must have strong communication, interpersonal, analytical and technology skills. The position would report to the Director Finance.Responsibilities for Cost AccountantCollect and organize cost information into a database of expensesDesigning and implementing cost accounting systemPeriodic reconciliation of invoices with bank account statements for various expensesEnsuring periodic payment of TDS / GST with respect to the invoicesPreparation of Purchase orders / work orders for various vendorsMaintaining a data base of expenses supported by invoicesKeeping track of Overhead cost of all the work order and maintain Budget Vs actual Expenses summary.Segregation of expenses into fixed costs and variable costsPreparation of monthly MIS for internal and investor reportingTracking of end use of the loans availed for business requirementsConstruct systems to accumulate and monitor dataPlan budgets and prepare reports for multiple departments within a companyReview receipts and compare with actual charges to detect inaccuraciesProject profit margins for upcoming quarters and analyze trends of highs and lowsPrepare cost forecasts for monthly, quarterly, or annual operating schedulesAnalyze month-end and year-end reports to identify and recommend cost-effective improvementsSupporting in any adhoc requests which may ariseQualifications for Cost AccountantDemonstrated understanding of Generally Accepted Accounting Principles (GAAP)3+ years of work experience as a cost accountant, analyst, or other relevant roleIn-depth knowledge of accounting principles and best practicesFamiliarity with accounting software programs, such as FreshBooks and QuickBooksComputer literacy skills, especially with MS Excel and basic data entry and computationAnalytical skills with a keen sense of organization and detailProven time management skills and ability to work under strict deadlinesRespect for confidentiality of information laws and local ethicsExpertise in activity-based costing for fixed and variable costs in relation to the overall direct cost of a line of products",,"['TDS / GST', 'Budget', 'Generally Accepted Accounting Principles', 'FreshBooks', 'MS Excel']"
403,Reverse Logistics Manager,"Responsibilities :Identify new opportunity areas that will help deliver step-function improvement on reducing the cost of Reverse Logistics by removing defects that would cause a reject/returnEnhance the returns and post-purchase experience for customers to make it simple and frustration freePartner with a wide variety of stakeholders to continue delivering on an extended roadmap that is shared across teams.Plan with the warehouses to work on the vendor goods returns and complete daily tasks to support supply chain functions.Take appropriate action on vendor recalls by validating appropriate PO, Lot Number data in the ERP system.Participate in other ad-hoc projects and other process improvements in the supply chain.Conduct basic analytics including reviewing and taking action on dashboard/reporting, sharing information with peers and direct manager, using data to identify issues/solutions, and recommending actions or improvements.Partner with peers to recommend and implement continuous improvement ideas to streamline the job tasks and make the operation more efficient and effective.Qualifications:Bachelor's/Masters degree with 5+ years of experience in logistics preferably from ecommerce/d2c industryAttention to details & hands on approach to solving problemsStrong analytical and interpersonal skillsSelf motivated, with a strong bias for executionAbility to work and effectively communicate across functionsExcellent business judgment, analytical, and decision-making skills",,"['Reverse Logistics', 'PO', 'Lot Number', 'ERP']"
404,Backend Engineer Junior,"At Growth School, you will work on:Building and managing backend APIs and systems already at a substantial and growing scaleData engineering projects to turn large messy data strewn across multiple incoherent systems into structured data atop a coherent system.Optimizing slow-running database queries and API pathsBuilding media and streaming integrations with Zoom, Slack, Discord, and a host of other video, chat, and audio services to create an engaging learning experience - the one you wish you had when you were in school.Building lots of internal tools and services to enable marketing, product, and other non-engineering team members to be more efficient at their work.Contributing small (and eventually significant) components to open source softwareYou are the perfect fit for the role if you:Experience with Javascript (node.js), Python, Golang, or Ruby in a production environment, and comfort with working in a primarily node.js environmentEither {5+ years of experience in working with medium to large scale systems in production environments} or {substantial experience with contracting that you can explain matches five years of work experience}Experience with performance engineering experience. For example:profiling slow API paths with APM toolsarticulating debugging strategiesdesigning experiments to reduce uncertainty in decision pathsunderstanding complex database query plansExperience with Linux/BSD production operating environments and tools like:basic bash scriptingperformance monitoring like htop, iotop, perfdebugging toolsLinux/BSD resource constraints like CPU, memory, i/o, and file handles.Experience with SQL databases, preferably with PostgreSQLExperience with distributed version control systems, like gitHave done something exceptional in your personal or professional life on your own initiative, for example:Started a school to teach how to mountain climb, or race bikesContributions to open-source softwareRescued abandoned/injured dogs/cats and found homes for themStarted your own company, doing anything from delivering milk to developing softwareLearned to play chess or go at a high levelAnything else you would like to share that demonstrates how you stand out!Nice to haveSome knowledge of data science and statisticsFamiliarity with big data toolsDeep experience with the internals of databases, particularly PostgreSQL",,"['Growth School', 'API', 'Golang', 'API', 'APM', 'Linux/BSD', 'BSD', 'CPU', 'SQL']"
405,Senior Client Servicing Manager,"Key Responsibilities:Develop and maintain strong relationships with clients, serving as the primary point of contact for day-to-day communication and project management.Manage the planning, execution, and optimization of performance marketing campaigns for ecommerce clients, ensuring that campaigns are delivered on time and within budget.Analyze campaign data and provide insights and recommendations to clients to drive performance and growth.Stay up-to-date with industry trends and technologies, as well as changes in advertising platforms, to ensure that clients are using the most effective and efficient methods.Collaborate with internal teams, including account managers, strategists, and creatives, to ensure the seamless delivery of services to clients.Provide regular reports and updates to clients on campaign performance, and proactively identify and address any issues or concerns.",,['Key Responsibilities:Develop']
406,Business Development Associate,"Roles and ResponsibilitiesReaching out to prospective students of Able and converting them to enrollmentsQualifying and pitching to the leads given by the marketing teamManaging and building a team of BDE interns to drive enrollmentsTake a consultative approach towards understanding student problems and provide feedback to the product teamClosely work with the marketing and product team to provide feedback on the leads reachedBuilding and maintaining a CRM database and ensuring admissions to potential customersEligibilityBackground in inside sales or consumer salesWith a love for students, you can convince people, and get the work doneYou are data-driven &amp; collaborate with other team members effectivelyAt least 6 months of experience in a B2C sales role",,['BDE']
407,Senior Content Writer,"KEY RESPONSIBILITIES:Research industry-related topics (combining online sources, interviews and studies)Write clear marketing copy to promote our products/services on social media and other digital platformsPrepare well-structured drafts using Content Management SystemsProofread and edit blog posts before publication.Prepare and manage content calendarCoordinate with marketing and design teams to illustrate articles and social media postsConduct simple keyword research and use SEO guidelines to increase web trafficWork with social media team to create and promote content on social mediaIdentify customers needs and gaps in our content and recommend new topicsEnsure all-around consistency (style, fonts, images and tone)Update website and app content as needed",,"['KEY RESPONSIBILITIES:Research', 'Content Management SystemsProofread']"
408,Social Media Intern,"We are looking for someone who will- Work alongside the marketing team to strategies, execute the social media plan Assist in the growth of the brand by raising awareness through various social media platforms Aid in the daily aspects of promoting the businesses campaigns Interact with followers and potential customers by communicating and answering questions through the company's social pages Engage with the followers across all social media platforms and effectively assess their query. Help create content as dictated by the monthly editorial calendar to promote sales, blogs and products",,[]
409,Copywriter Intern,"We are looking for someone who - Is creative. Not only with words but also with ideas. Empathy and care should reflect in every copy you write and every idea you explore. Knows and understands how marketing and social media campaigns are devised. Your insights, action, and words should be coherent to create impactful brand campaigns. Believes in social listening because your copy ideas, insights, and values will come when you listen to your audience. Can write for social media, and communication channels (WhatsApp, Emailers, SMS, Website etc ) effectively. Can cross-collaborate with multiple teams across the organization and stakeholders. Realizes that building a startup is like raising a baby",,"['WhatsApp', 'Emailers']"
